2026-08-25T10:47:17.303719Z  INFO smart_dl_daemon::serve: 单实例锁已持有: "E:/Code/ai/smart-downloader/out/bugb/run-A-20260825-184716/daemon.lock"
2026-08-25T10:47:17.325056Z  INFO smart_dl_daemon::serve: [bugb] mock provider 注入直链: http://127.0.0.1:21230/mockfile.bin
2026-08-25T10:47:17.341430Z  INFO smart_dl_daemon::serve: [bugb] mock provider 延迟 Ready: 240s
2026-08-25T10:47:17.358191Z  INFO smart_dl_daemon::serve: 云兜底已启用（provider=mock，开发占位）
2026-08-25T10:47:17.412276Z  INFO smart_dl_daemon::serve: BT 引擎已启用, 落盘: "E:/Code/ai/smart-downloader/out/bugb/run-A-20260825-184716/downloads"
2026-08-25T10:47:17.415478Z  INFO smart_dl_daemon::serve: smart-dl-daemon 监听 127.0.0.1:19866
2026-08-25T10:47:17.718011Z  INFO smart_dl_daemon::serve: [bugb] os-tick alive_ms=301 tasks_free=true
2026-08-25T10:47:17.823560Z  INFO smart_dl_daemon::bt: [bugb] bt add 注入直连 peer 127.0.0.1:17233 ih=a6453589c479ace6613048fb3c607a77495a3f7c
2026-08-25T10:47:17.833501Z  INFO smart_dl_daemon::state: [bugb] autosave BEGIN path="E:/Code/ai/smart-downloader/out/bugb/run-A-20260825-184716/tasks.json"
2026-08-25T10:47:17.834803Z  INFO smart_dl_daemon::state: [bugb] autosave END
2026-08-25T10:47:17.839992Z  INFO smart_dl_daemon::bt: [bugb] bt::pause enter ih=a6453589c479ace6613048fb3c607a77495a3f7c
2026-08-25T10:47:17.840559Z  INFO smart_dl_daemon::bt: [bugb] fastresume request ih=a6453589c479ace6613048fb3c607a77495a3f7c
2026-08-25T10:47:17.841096Z  INFO smart_dl_daemon::bt: [bugb] fastresume ready ih=a6453589c479ace6613048fb3c607a77495a3f7c elapsed_ms=0
2026-08-25T10:47:17.843836Z  INFO smart_dl_daemon::bt: [bugb] bt::pause exit ih=a6453589c479ace6613048fb3c607a77495a3f7c elapsed_ms=3
2026-08-25T10:47:17.917239Z  INFO smart_dl_daemon::bt_events: [bugb] alert-loop alive ticks=1 batch=0
2026-08-25T10:47:17.917763Z  INFO smart_dl_daemon::bt_events: [bugb] batch START n=0 tick=1
2026-08-25T10:47:17.918113Z  INFO smart_dl_daemon::bt_events: [bugb] batch END n=0
2026-08-25T10:47:18.019238Z  INFO smart_dl_daemon::serve: [bugb] os-tick alive_ms=603 tasks_free=true
2026-08-25T10:47:18.320486Z  INFO smart_dl_daemon::serve: [bugb] os-tick alive_ms=904 tasks_free=true
2026-08-25T10:47:18.421717Z  INFO smart_dl_daemon::bt_events: [bugb] batch START n=0 tick=2
2026-08-25T10:47:18.422408Z  INFO smart_dl_daemon::bt_events: [bugb] batch END n=0
2026-08-25T10:47:18.429971Z  INFO smart_dl_daemon::state: [bugb] fallback enter id=t1
2026-08-25T10:47:18.430612Z  INFO smart_dl_daemon::state: [bugb] fallback gate-passed id=t1 bt_progress=0.0000 → begin_fallback (0ms)
2026-08-25T10:47:18.430998Z  INFO smart_dl_provider::coordinator: [bugb] coord submit begin provider=mock
2026-08-25T10:47:18.431312Z  INFO smart_dl_provider::coordinator: [bugb] coord submit ok ptid=mock-1 → poll_ready
2026-08-25T10:47:18.431605Z  INFO smart_dl_provider::coordinator: [bugb] poll_ready verdict None → Downloading elapsed_ms=0
2026-08-25T10:47:18.621776Z  INFO smart_dl_daemon::serve: [bugb] os-tick alive_ms=1205 tasks_free=true
2026-08-25T10:47:18.934768Z  INFO smart_dl_daemon::bt_events: [bugb] batch START n=72 tick=3
2026-08-25T10:47:18.937963Z  INFO smart_dl_daemon::serve: [bugb] os-tick alive_ms=1521 tasks_free=true
2026-08-25T10:47:18.945103Z  INFO smart_dl_daemon::bt_events: [bugb] batch END n=72
2026-08-25T10:47:19.263002Z  INFO smart_dl_daemon::serve: [bugb] os-tick alive_ms=1846 tasks_free=true
2026-08-25T10:47:19.428390Z  INFO smart_dl_daemon::serve: [bugb] watchdog alive uptime_ms=2012
2026-08-25T10:47:19.607617Z  INFO smart_dl_daemon::bt_events: [bugb] batch START n=0 tick=4
2026-08-25T10:47:19.642981Z  INFO smart_dl_daemon::serve: [bugb] os-tick alive_ms=2226 tasks_free=true
2026-08-25T10:47:20.098237Z  INFO smart_dl_daemon::bt_events: [bugb] batch END n=0
2026-08-25T10:47:20.458582Z  INFO smart_dl_daemon::serve: [bugb] os-tick alive_ms=3042 tasks_free=true
2026-08-25T10:47:20.673279Z  INFO smart_dl_daemon::bt_events: [bugb] batch START n=0 tick=5
2026-08-25T10:47:20.689823Z  INFO smart_dl_daemon::bt_events: [bugb] batch END n=0
2026-08-25T10:47:20.768701Z  INFO smart_dl_daemon::serve: [bugb] os-tick alive_ms=3352 tasks_free=true
2026-08-25T10:47:21.076414Z  INFO smart_dl_daemon::serve: [bugb] os-tick alive_ms=3660 tasks_free=true
2026-08-25T10:47:21.221846Z  INFO smart_dl_daemon::bt_events: [bugb] batch START n=0 tick=6
2026-08-25T10:47:21.223110Z  INFO smart_dl_daemon::bt_events: [bugb] batch END n=0
2026-08-25T10:47:21.393855Z  INFO smart_dl_daemon::serve: [bugb] os-tick alive_ms=3977 tasks_free=true
2026-08-25T10:47:21.612504Z  INFO smart_dl_daemon::serve: [bugb] watchdog alive uptime_ms=4196
2026-08-25T10:47:21.695783Z  INFO smart_dl_daemon::serve: [bugb] os-tick alive_ms=4279 tasks_free=true
2026-08-25T10:47:21.752087Z  INFO smart_dl_daemon::bt_events: [bugb] batch START n=0 tick=7
2026-08-25T10:47:21.770536Z  INFO smart_dl_daemon::bt_events: [bugb] batch END n=0
2026-08-25T10:47:22.013083Z  INFO smart_dl_daemon::serve: [bugb] os-tick alive_ms=4597 tasks_free=true
2026-08-25T10:47:22.298581Z  INFO smart_dl_daemon::bt_events: [bugb] batch START n=0 tick=8
2026-08-25T10:47:22.299496Z  INFO smart_dl_daemon::bt_events: [bugb] batch END n=0
2026-08-25T10:47:22.314428Z  INFO smart_dl_daemon::serve: [bugb] os-tick alive_ms=4898 tasks_free=true
2026-08-25T10:47:22.616152Z  INFO smart_dl_daemon::serve: [bugb] os-tick alive_ms=5200 tasks_free=true
2026-08-25T10:47:22.807133Z  INFO smart_dl_daemon::bt_events: [bugb] batch START n=0 tick=9
2026-08-25T10:47:22.807736Z  INFO smart_dl_daemon::bt_events: [bugb] batch END n=0
2026-08-25T10:47:22.918690Z  INFO smart_dl_daemon::serve: [bugb] os-tick alive_ms=5502 tasks_free=true
2026-08-25T10:47:23.220323Z  INFO smart_dl_daemon::serve: [bugb] os-tick alive_ms=5804 tasks_free=true
2026-08-25T10:47:23.319070Z  INFO smart_dl_daemon::bt_events: [bugb] batch START n=0 tick=10
2026-08-25T10:47:23.320208Z  INFO smart_dl_daemon::bt_events: [bugb] batch END n=0
2026-08-25T10:47:23.521805Z  INFO smart_dl_daemon::serve: [bugb] os-tick alive_ms=6105 tasks_free=true
2026-08-25T10:47:23.630665Z  INFO smart_dl_daemon::serve: [bugb] watchdog alive uptime_ms=6214
2026-08-25T10:47:23.823101Z  INFO smart_dl_daemon::serve: [bugb] os-tick alive_ms=6407 tasks_free=true
2026-08-25T10:47:23.823143Z  INFO smart_dl_daemon::bt_events: [bugb] batch START n=0 tick=11
2026-08-25T10:47:23.824431Z  INFO smart_dl_daemon::bt_events: [bugb] batch END n=0
2026-08-25T10:47:24.124340Z  INFO smart_dl_daemon::serve: [bugb] os-tick alive_ms=6708 tasks_free=true
2026-08-25T10:47:24.341274Z  INFO smart_dl_daemon::bt_events: [bugb] batch START n=0 tick=12
2026-08-25T10:47:24.342374Z  INFO smart_dl_daemon::bt_events: [bugb] batch END n=0
2026-08-25T10:47:24.426077Z  INFO smart_dl_daemon::serve: [bugb] os-tick alive_ms=7010 tasks_free=true
2026-08-25T10:47:24.727316Z  INFO smart_dl_daemon::serve: [bugb] os-tick alive_ms=7311 tasks_free=true
2026-08-25T10:47:24.847102Z  INFO smart_dl_daemon::bt_events: [bugb] batch START n=0 tick=13
2026-08-25T10:47:24.848016Z  INFO smart_dl_daemon::bt_events: [bugb] batch END n=0
2026-08-25T10:47:25.029212Z  INFO smart_dl_daemon::serve: [bugb] os-tick alive_ms=7613 tasks_free=true
2026-08-25T10:47:25.330243Z  INFO smart_dl_daemon::serve: [bugb] os-tick alive_ms=7914 tasks_free=true
2026-08-25T10:47:25.351427Z  INFO smart_dl_daemon::bt_events: [bugb] batch START n=0 tick=14
2026-08-25T10:47:25.352029Z  INFO smart_dl_daemon::bt_events: [bugb] batch END n=0
2026-08-25T10:47:25.631549Z  INFO smart_dl_daemon::serve: [bugb] os-tick alive_ms=8215 tasks_free=true
2026-08-25T10:47:25.634336Z  INFO smart_dl_daemon::serve: [bugb] watchdog alive uptime_ms=8218
2026-08-25T10:47:25.865232Z  INFO smart_dl_daemon::bt_events: [bugb] batch START n=0 tick=15
2026-08-25T10:47:25.932941Z  INFO smart_dl_daemon::serve: [bugb] os-tick alive_ms=8516 tasks_free=true
2026-08-25T10:47:26.067302Z  INFO smart_dl_daemon::bt_events: [bugb] batch END n=0
2026-08-25T10:47:26.368503Z  INFO smart_dl_daemon::serve: [bugb] os-tick alive_ms=8952 tasks_free=true
2026-08-25T10:47:26.581033Z  INFO smart_dl_daemon::bt_events: [bugb] batch START n=0 tick=16
2026-08-25T10:47:26.583201Z  INFO smart_dl_daemon::bt_events: [bugb] batch END n=0
2026-08-25T10:47:26.670022Z  INFO smart_dl_daemon::serve: [bugb] os-tick alive_ms=9253 tasks_free=true
2026-08-25T10:47:26.971290Z  INFO smart_dl_daemon::serve: [bugb] os-tick alive_ms=9555 tasks_free=true
2026-08-25T10:47:27.089294Z  INFO smart_dl_daemon::bt_events: [bugb] batch START n=0 tick=17
2026-08-25T10:47:27.095182Z  INFO smart_dl_daemon::bt_events: [bugb] batch END n=0
2026-08-25T10:47:27.272366Z  INFO smart_dl_daemon::serve: [bugb] os-tick alive_ms=9856 tasks_free=true
2026-08-25T10:47:27.573857Z  INFO smart_dl_daemon::serve: [bugb] os-tick alive_ms=10157 tasks_free=true
2026-08-25T10:47:27.600068Z  INFO smart_dl_daemon::bt_events: [bugb] batch START n=0 tick=18
2026-08-25T10:47:27.602583Z  INFO smart_dl_daemon::bt_events: [bugb] batch END n=0
2026-08-25T10:47:27.638071Z  INFO smart_dl_daemon::serve: [bugb] watchdog alive uptime_ms=10221
2026-08-25T10:47:27.875033Z  INFO smart_dl_daemon::serve: [bugb] os-tick alive_ms=10458 tasks_free=true
2026-08-25T10:47:28.116429Z  INFO smart_dl_daemon::bt_events: [bugb] batch START n=0 tick=19
2026-08-25T10:47:28.117392Z  INFO smart_dl_daemon::bt_events: [bugb] batch END n=0
2026-08-25T10:47:28.176669Z  INFO smart_dl_daemon::serve: [bugb] os-tick alive_ms=10760 tasks_free=true
2026-08-25T10:47:28.478487Z  INFO smart_dl_daemon::serve: [bugb] os-tick alive_ms=11062 tasks_free=true
2026-08-25T10:47:28.620825Z  INFO smart_dl_daemon::bt_events: [bugb] batch START n=0 tick=20
2026-08-25T10:47:28.621851Z  INFO smart_dl_daemon::bt_events: [bugb] batch END n=0
2026-08-25T10:47:28.780765Z  INFO smart_dl_daemon::serve: [bugb] os-tick alive_ms=11364 tasks_free=true
2026-08-25T10:47:29.082720Z  INFO smart_dl_daemon::serve: [bugb] os-tick alive_ms=11666 tasks_free=true
2026-08-25T10:47:29.123110Z  INFO smart_dl_daemon::bt_events: [bugb] alert-loop alive ticks=21 batch=0
2026-08-25T10:47:29.123936Z  INFO smart_dl_daemon::bt_events: [bugb] batch START n=0 tick=21
2026-08-25T10:47:29.124296Z  INFO smart_dl_daemon::bt_events: [bugb] batch END n=0
2026-08-25T10:47:29.384118Z  INFO smart_dl_daemon::serve: [bugb] os-tick alive_ms=11968 tasks_free=true
2026-08-25T10:47:29.632964Z  INFO smart_dl_daemon::bt_events: [bugb] batch START n=0 tick=22
2026-08-25T10:47:29.634120Z  INFO smart_dl_daemon::bt_events: [bugb] batch END n=0
2026-08-25T10:47:29.645574Z  INFO smart_dl_daemon::serve: [bugb] watchdog alive uptime_ms=12229
2026-08-25T10:47:29.685735Z  INFO smart_dl_daemon::serve: [bugb] os-tick alive_ms=12269 tasks_free=true
2026-08-25T10:47:29.987443Z  INFO smart_dl_daemon::serve: [bugb] os-tick alive_ms=12571 tasks_free=true
2026-08-25T10:47:30.145312Z  INFO smart_dl_daemon::bt_events: [bugb] batch START n=0 tick=23
2026-08-25T10:47:30.146695Z  INFO smart_dl_daemon::bt_events: [bugb] batch END n=0
2026-08-25T10:47:30.309521Z  INFO smart_dl_daemon::serve: [bugb] os-tick alive_ms=12893 tasks_free=true
2026-08-25T10:47:30.610845Z  INFO smart_dl_daemon::serve: [bugb] os-tick alive_ms=13194 tasks_free=true
2026-08-25T10:47:30.656769Z  INFO smart_dl_daemon::bt_events: [bugb] batch START n=0 tick=24
2026-08-25T10:47:30.658533Z  INFO smart_dl_daemon::bt_events: [bugb] batch END n=0
2026-08-25T10:47:30.913554Z  INFO smart_dl_daemon::serve: [bugb] os-tick alive_ms=13497 tasks_free=true
2026-08-25T10:47:31.170366Z  INFO smart_dl_daemon::bt_events: [bugb] batch START n=0 tick=25
2026-08-25T10:47:31.171432Z  INFO smart_dl_daemon::bt_events: [bugb] batch END n=0
2026-08-25T10:47:31.214982Z  INFO smart_dl_daemon::serve: [bugb] os-tick alive_ms=13798 tasks_free=true
2026-08-25T10:47:31.516778Z  INFO smart_dl_daemon::serve: [bugb] os-tick alive_ms=14100 tasks_free=true
2026-08-25T10:47:31.652893Z  INFO smart_dl_daemon::serve: [bugb] watchdog alive uptime_ms=14236
2026-08-25T10:47:31.677136Z  INFO smart_dl_daemon::bt_events: [bugb] batch START n=0 tick=26
2026-08-25T10:47:31.678607Z  INFO smart_dl_daemon::bt_events: [bugb] batch END n=0
2026-08-25T10:47:31.819150Z  INFO smart_dl_daemon::serve: [bugb] os-tick alive_ms=14403 tasks_free=true
2026-08-25T10:47:32.121279Z  INFO smart_dl_daemon::serve: [bugb] os-tick alive_ms=14705 tasks_free=true
2026-08-25T10:47:32.180870Z  INFO smart_dl_daemon::bt_events: [bugb] batch START n=0 tick=27
2026-08-25T10:47:32.182041Z  INFO smart_dl_daemon::bt_events: [bugb] batch END n=0
2026-08-25T10:47:32.422339Z  INFO smart_dl_daemon::serve: [bugb] os-tick alive_ms=15006 tasks_free=true
2026-08-25T10:47:32.692028Z  INFO smart_dl_daemon::bt_events: [bugb] batch START n=0 tick=28
2026-08-25T10:47:32.692812Z  INFO smart_dl_daemon::bt_events: [bugb] batch END n=0
2026-08-25T10:47:32.724045Z  INFO smart_dl_daemon::serve: [bugb] os-tick alive_ms=15307 tasks_free=true
2026-08-25T10:47:33.025449Z  INFO smart_dl_daemon::serve: [bugb] os-tick alive_ms=15609 tasks_free=true
2026-08-25T10:47:33.202535Z  INFO smart_dl_daemon::bt_events: [bugb] batch START n=0 tick=29
2026-08-25T10:47:33.203971Z  INFO smart_dl_daemon::bt_events: [bugb] batch END n=0
2026-08-25T10:47:33.327413Z  INFO smart_dl_daemon::serve: [bugb] os-tick alive_ms=15911 tasks_free=true
2026-08-25T10:47:33.628631Z  INFO smart_dl_daemon::serve: [bugb] os-tick alive_ms=16212 tasks_free=true
2026-08-25T10:47:33.657762Z  INFO smart_dl_daemon::serve: [bugb] watchdog alive uptime_ms=16241
2026-08-25T10:47:33.709236Z  INFO smart_dl_daemon::bt_events: [bugb] batch START n=0 tick=30
2026-08-25T10:47:33.710354Z  INFO smart_dl_daemon::bt_events: [bugb] batch END n=0
2026-08-25T10:47:33.930232Z  INFO smart_dl_daemon::serve: [bugb] os-tick alive_ms=16514 tasks_free=true
2026-08-25T10:47:34.213282Z  INFO smart_dl_daemon::bt_events: [bugb] batch START n=0 tick=31
2026-08-25T10:47:34.214337Z  INFO smart_dl_daemon::bt_events: [bugb] batch END n=0
2026-08-25T10:47:34.232184Z  INFO smart_dl_daemon::serve: [bugb] os-tick alive_ms=16816 tasks_free=true
2026-08-25T10:47:34.533983Z  INFO smart_dl_daemon::serve: [bugb] os-tick alive_ms=17117 tasks_free=true
2026-08-25T10:47:34.719514Z  INFO smart_dl_daemon::bt_events: [bugb] batch START n=0 tick=32
2026-08-25T10:47:34.720612Z  INFO smart_dl_daemon::bt_events: [bugb] batch END n=0
2026-08-25T10:47:34.836008Z  INFO smart_dl_daemon::serve: [bugb] os-tick alive_ms=17419 tasks_free=true
2026-08-25T10:47:35.137063Z  INFO smart_dl_daemon::serve: [bugb] os-tick alive_ms=17720 tasks_free=true
2026-08-25T10:47:35.230146Z  INFO smart_dl_daemon::bt_events: [bugb] batch START n=0 tick=33
2026-08-25T10:47:35.231240Z  INFO smart_dl_daemon::bt_events: [bugb] batch END n=0
2026-08-25T10:47:35.438906Z  INFO smart_dl_daemon::serve: [bugb] os-tick alive_ms=18022 tasks_free=true
2026-08-25T10:47:35.669357Z  INFO smart_dl_daemon::serve: [bugb] watchdog alive uptime_ms=18253
2026-08-25T10:47:35.734309Z  INFO smart_dl_daemon::bt_events: [bugb] batch START n=0 tick=34
2026-08-25T10:47:35.735848Z  INFO smart_dl_daemon::bt_events: [bugb] batch END n=0
2026-08-25T10:47:35.740214Z  INFO smart_dl_daemon::serve: [bugb] os-tick alive_ms=18324 tasks_free=true
2026-08-25T10:47:36.041212Z  INFO smart_dl_daemon::serve: [bugb] os-tick alive_ms=18625 tasks_free=true
2026-08-25T10:47:36.244843Z  INFO smart_dl_daemon::bt_events: [bugb] batch START n=0 tick=35
2026-08-25T10:47:36.245840Z  INFO smart_dl_daemon::bt_events: [bugb] batch END n=0
2026-08-25T10:47:36.343298Z  INFO smart_dl_daemon::serve: [bugb] os-tick alive_ms=18927 tasks_free=true
2026-08-25T10:47:36.644511Z  INFO smart_dl_daemon::serve: [bugb] os-tick alive_ms=19228 tasks_free=true
2026-08-25T10:47:36.752863Z  INFO smart_dl_daemon::bt_events: [bugb] batch START n=0 tick=36
2026-08-25T10:47:36.753857Z  INFO smart_dl_daemon::bt_events: [bugb] batch END n=0
2026-08-25T10:47:36.946380Z  INFO smart_dl_daemon::serve: [bugb] os-tick alive_ms=19530 tasks_free=true
2026-08-25T10:47:37.248314Z  INFO smart_dl_daemon::serve: [bugb] os-tick alive_ms=19832 tasks_free=true
2026-08-25T10:47:37.265937Z  INFO smart_dl_daemon::bt_events: [bugb] batch START n=0 tick=37
2026-08-25T10:47:37.266884Z  INFO smart_dl_daemon::bt_events: [bugb] batch END n=0
2026-08-25T10:47:37.549546Z  INFO smart_dl_daemon::serve: [bugb] os-tick alive_ms=20133 tasks_free=true
2026-08-25T10:47:37.682556Z  INFO smart_dl_daemon::serve: [bugb] watchdog alive uptime_ms=20266
2026-08-25T10:47:37.777992Z  INFO smart_dl_daemon::bt_events: [bugb] batch START n=0 tick=38
2026-08-25T10:47:37.778488Z  INFO smart_dl_daemon::bt_events: [bugb] batch END n=0
2026-08-25T10:47:37.852082Z  INFO smart_dl_daemon::serve: [bugb] os-tick alive_ms=20436 tasks_free=true
2026-08-25T10:47:38.153503Z  INFO smart_dl_daemon::serve: [bugb] os-tick alive_ms=20737 tasks_free=true
2026-08-25T10:47:38.283075Z  INFO smart_dl_daemon::bt_events: [bugb] batch START n=0 tick=39
2026-08-25T10:47:38.284039Z  INFO smart_dl_daemon::bt_events: [bugb] batch END n=0
2026-08-25T10:47:38.454364Z  INFO smart_dl_daemon::serve: [bugb] os-tick alive_ms=21038 tasks_free=true
2026-08-25T10:47:38.756040Z  INFO smart_dl_daemon::serve: [bugb] os-tick alive_ms=21339 tasks_free=true
2026-08-25T10:47:38.789152Z  INFO smart_dl_daemon::bt_events: [bugb] batch START n=0 tick=40
2026-08-25T10:47:38.790239Z  INFO smart_dl_daemon::bt_events: [bugb] batch END n=0
2026-08-25T10:47:39.057640Z  INFO smart_dl_daemon::serve: [bugb] os-tick alive_ms=21641 tasks_free=true
2026-08-25T10:47:39.298907Z  INFO smart_dl_daemon::bt_events: [bugb] alert-loop alive ticks=41 batch=0
2026-08-25T10:47:39.299927Z  INFO smart_dl_daemon::bt_events: [bugb] batch START n=0 tick=41
2026-08-25T10:47:39.300462Z  INFO smart_dl_daemon::bt_events: [bugb] batch END n=0
2026-08-25T10:47:39.358867Z  INFO smart_dl_daemon::serve: [bugb] os-tick alive_ms=21942 tasks_free=true
2026-08-25T10:47:39.660546Z  INFO smart_dl_daemon::serve: [bugb] os-tick alive_ms=22244 tasks_free=true
2026-08-25T10:47:39.694246Z  INFO smart_dl_daemon::serve: [bugb] watchdog alive uptime_ms=22278
2026-08-25T10:47:39.814112Z  INFO smart_dl_daemon::bt_events: [bugb] batch START n=0 tick=42
2026-08-25T10:47:39.815051Z  INFO smart_dl_daemon::bt_events: [bugb] batch END n=0
2026-08-25T10:47:39.961516Z  INFO smart_dl_daemon::serve: [bugb] os-tick alive_ms=22545 tasks_free=true
2026-08-25T10:47:40.263545Z  INFO smart_dl_daemon::serve: [bugb] os-tick alive_ms=22847 tasks_free=true
2026-08-25T10:47:40.331139Z  INFO smart_dl_daemon::bt_events: [bugb] batch START n=0 tick=43
2026-08-25T10:47:40.332569Z  INFO smart_dl_daemon::bt_events: [bugb] batch END n=0
2026-08-25T10:47:40.565658Z  INFO smart_dl_daemon::serve: [bugb] os-tick alive_ms=23149 tasks_free=true
2026-08-25T10:47:40.838030Z  INFO smart_dl_daemon::bt_events: [bugb] batch START n=0 tick=44
2026-08-25T10:47:40.839319Z  INFO smart_dl_daemon::bt_events: [bugb] batch END n=0
2026-08-25T10:47:40.866926Z  INFO smart_dl_daemon::serve: [bugb] os-tick alive_ms=23450 tasks_free=true
2026-08-25T10:47:41.168561Z  INFO smart_dl_daemon::serve: [bugb] os-tick alive_ms=23752 tasks_free=true
2026-08-25T10:47:41.349966Z  INFO smart_dl_daemon::bt_events: [bugb] batch START n=0 tick=45
2026-08-25T10:47:41.351322Z  INFO smart_dl_daemon::bt_events: [bugb] batch END n=0
2026-08-25T10:47:41.470500Z  INFO smart_dl_daemon::serve: [bugb] os-tick alive_ms=24054 tasks_free=true
2026-08-25T10:47:41.704766Z  INFO smart_dl_daemon::serve: [bugb] watchdog alive uptime_ms=24288
2026-08-25T10:47:41.771908Z  INFO smart_dl_daemon::serve: [bugb] os-tick alive_ms=24355 tasks_free=true
2026-08-25T10:47:41.859287Z  INFO smart_dl_daemon::bt_events: [bugb] batch START n=0 tick=46
2026-08-25T10:47:41.859905Z  INFO smart_dl_daemon::bt_events: [bugb] batch END n=0
2026-08-25T10:47:42.073474Z  INFO smart_dl_daemon::serve: [bugb] os-tick alive_ms=24657 tasks_free=true
2026-08-25T10:47:42.367524Z  INFO smart_dl_daemon::bt_events: [bugb] batch START n=0 tick=47
2026-08-25T10:47:42.368631Z  INFO smart_dl_daemon::bt_events: [bugb] batch END n=0
2026-08-25T10:47:42.375369Z  INFO smart_dl_daemon::serve: [bugb] os-tick alive_ms=24959 tasks_free=true
2026-08-25T10:47:42.677264Z  INFO smart_dl_daemon::serve: [bugb] os-tick alive_ms=25261 tasks_free=true
2026-08-25T10:47:42.882497Z  INFO smart_dl_daemon::bt_events: [bugb] batch START n=0 tick=48
2026-08-25T10:47:42.883548Z  INFO smart_dl_daemon::bt_events: [bugb] batch END n=0
2026-08-25T10:47:42.979470Z  INFO smart_dl_daemon::serve: [bugb] os-tick alive_ms=25563 tasks_free=true
2026-08-25T10:47:43.280717Z  INFO smart_dl_daemon::serve: [bugb] os-tick alive_ms=25864 tasks_free=true
2026-08-25T10:47:43.388119Z  INFO smart_dl_daemon::bt_events: [bugb] batch START n=0 tick=49
2026-08-25T10:47:43.389101Z  INFO smart_dl_daemon::bt_events: [bugb] batch END n=0
2026-08-25T10:47:43.582402Z  INFO smart_dl_daemon::serve: [bugb] os-tick alive_ms=26166 tasks_free=true
2026-08-25T10:47:43.708631Z  INFO smart_dl_daemon::serve: [bugb] watchdog alive uptime_ms=26292
2026-08-25T10:47:43.883984Z  INFO smart_dl_daemon::serve: [bugb] os-tick alive_ms=26467 tasks_free=true
2026-08-25T10:47:43.903138Z  INFO smart_dl_daemon::bt_events: [bugb] batch START n=0 tick=50
2026-08-25T10:47:43.904225Z  INFO smart_dl_daemon::bt_events: [bugb] batch END n=0
2026-08-25T10:47:44.187163Z  INFO smart_dl_daemon::serve: [bugb] os-tick alive_ms=26771 tasks_free=true
2026-08-25T10:47:44.416113Z  INFO smart_dl_daemon::bt_events: [bugb] batch START n=0 tick=51
2026-08-25T10:47:44.417844Z  INFO smart_dl_daemon::bt_events: [bugb] batch END n=0
2026-08-25T10:47:44.488916Z  INFO smart_dl_daemon::serve: [bugb] os-tick alive_ms=27072 tasks_free=true
2026-08-25T10:47:44.790212Z  INFO smart_dl_daemon::serve: [bugb] os-tick alive_ms=27374 tasks_free=true
2026-08-25T10:47:44.931322Z  INFO smart_dl_daemon::bt_events: [bugb] batch START n=0 tick=52
2026-08-25T10:47:44.932309Z  INFO smart_dl_daemon::bt_events: [bugb] batch END n=0
2026-08-25T10:47:45.092026Z  INFO smart_dl_daemon::serve: [bugb] os-tick alive_ms=27675 tasks_free=true
2026-08-25T10:47:45.393029Z  INFO smart_dl_daemon::serve: [bugb] os-tick alive_ms=27976 tasks_free=true
2026-08-25T10:47:45.445722Z  INFO smart_dl_daemon::bt_events: [bugb] batch START n=0 tick=53
2026-08-25T10:47:45.446215Z  INFO smart_dl_daemon::bt_events: [bugb] batch END n=0
2026-08-25T10:47:45.694287Z  INFO smart_dl_daemon::serve: [bugb] os-tick alive_ms=28278 tasks_free=true
2026-08-25T10:47:45.719781Z  INFO smart_dl_daemon::serve: [bugb] watchdog alive uptime_ms=28303
2026-08-25T10:47:45.957542Z  INFO smart_dl_daemon::bt_events: [bugb] batch START n=0 tick=54
2026-08-25T10:47:45.958279Z  INFO smart_dl_daemon::bt_events: [bugb] batch END n=0
2026-08-25T10:47:45.996006Z  INFO smart_dl_daemon::serve: [bugb] os-tick alive_ms=28579 tasks_free=true
2026-08-25T10:47:46.297207Z  INFO smart_dl_daemon::serve: [bugb] os-tick alive_ms=28881 tasks_free=true
2026-08-25T10:47:46.461364Z  INFO smart_dl_daemon::bt_events: [bugb] batch START n=0 tick=55
2026-08-25T10:47:46.469382Z  INFO smart_dl_daemon::bt_events: [bugb] batch END n=0
2026-08-25T10:47:46.603356Z  INFO smart_dl_daemon::serve: [bugb] os-tick alive_ms=29187 tasks_free=true
2026-08-25T10:47:46.904988Z  INFO smart_dl_daemon::serve: [bugb] os-tick alive_ms=29488 tasks_free=true
2026-08-25T10:47:46.971668Z  INFO smart_dl_daemon::bt_events: [bugb] batch START n=0 tick=56
2026-08-25T10:47:46.972806Z  INFO smart_dl_daemon::bt_events: [bugb] batch END n=0
2026-08-25T10:47:47.207400Z  INFO smart_dl_daemon::serve: [bugb] os-tick alive_ms=29791 tasks_free=true
2026-08-25T10:47:47.485496Z  INFO smart_dl_daemon::bt_events: [bugb] batch START n=0 tick=57
2026-08-25T10:47:47.486648Z  INFO smart_dl_daemon::bt_events: [bugb] batch END n=0
2026-08-25T10:47:47.510082Z  INFO smart_dl_daemon::serve: [bugb] os-tick alive_ms=30093 tasks_free=true
2026-08-25T10:47:47.723538Z  INFO smart_dl_daemon::serve: [bugb] watchdog alive uptime_ms=30307
2026-08-25T10:47:47.811608Z  INFO smart_dl_daemon::serve: [bugb] os-tick alive_ms=30395 tasks_free=true
2026-08-25T10:47:47.996242Z  INFO smart_dl_daemon::bt_events: [bugb] batch START n=0 tick=58
2026-08-25T10:47:47.997288Z  INFO smart_dl_daemon::bt_events: [bugb] batch END n=0
2026-08-25T10:47:48.113865Z  INFO smart_dl_daemon::serve: [bugb] os-tick alive_ms=30697 tasks_free=true
2026-08-25T10:47:48.415310Z  INFO smart_dl_daemon::serve: [bugb] os-tick alive_ms=30999 tasks_free=true
2026-08-25T10:47:48.501059Z  INFO smart_dl_daemon::bt_events: [bugb] batch START n=0 tick=59
2026-08-25T10:47:48.502143Z  INFO smart_dl_daemon::bt_events: [bugb] batch END n=0
2026-08-25T10:47:48.716959Z  INFO smart_dl_daemon::serve: [bugb] os-tick alive_ms=31300 tasks_free=true
2026-08-25T10:47:49.012487Z  INFO smart_dl_daemon::bt_events: [bugb] batch START n=0 tick=60
2026-08-25T10:47:49.013621Z  INFO smart_dl_daemon::bt_events: [bugb] batch END n=0
2026-08-25T10:47:49.019130Z  INFO smart_dl_daemon::serve: [bugb] os-tick alive_ms=31603 tasks_free=true
2026-08-25T10:47:49.320108Z  INFO smart_dl_daemon::serve: [bugb] os-tick alive_ms=31904 tasks_free=true
2026-08-25T10:47:49.522175Z  INFO smart_dl_daemon::bt_events: [bugb] alert-loop alive ticks=61 batch=0
2026-08-25T10:47:49.523265Z  INFO smart_dl_daemon::bt_events: [bugb] batch START n=0 tick=61
2026-08-25T10:47:49.523635Z  INFO smart_dl_daemon::bt_events: [bugb] batch END n=0
2026-08-25T10:47:49.621324Z  INFO smart_dl_daemon::serve: [bugb] os-tick alive_ms=32205 tasks_free=true
2026-08-25T10:47:49.727089Z  INFO smart_dl_daemon::serve: [bugb] watchdog alive uptime_ms=32311
2026-08-25T10:47:49.926984Z  INFO smart_dl_daemon::serve: [bugb] os-tick alive_ms=32510 tasks_free=true
2026-08-25T10:47:50.026191Z  INFO smart_dl_daemon::bt_events: [bugb] batch START n=0 tick=62
2026-08-25T10:47:50.027240Z  INFO smart_dl_daemon::bt_events: [bugb] batch END n=0
2026-08-25T10:47:50.229498Z  INFO smart_dl_daemon::serve: [bugb] os-tick alive_ms=32813 tasks_free=true
2026-08-25T10:47:50.530704Z  INFO smart_dl_daemon::serve: [bugb] os-tick alive_ms=33114 tasks_free=true
2026-08-25T10:47:50.542713Z  INFO smart_dl_daemon::bt_events: [bugb] batch START n=0 tick=63
2026-08-25T10:47:50.543703Z  INFO smart_dl_daemon::bt_events: [bugb] batch END n=0
2026-08-25T10:47:50.832522Z  INFO smart_dl_daemon::serve: [bugb] os-tick alive_ms=33416 tasks_free=true
2026-08-25T10:47:51.054632Z  INFO smart_dl_daemon::bt_events: [bugb] batch START n=0 tick=64
2026-08-25T10:47:51.055655Z  INFO smart_dl_daemon::bt_events: [bugb] batch END n=0
2026-08-25T10:47:51.134577Z  INFO smart_dl_daemon::serve: [bugb] os-tick alive_ms=33718 tasks_free=true
2026-08-25T10:47:51.435519Z  INFO smart_dl_daemon::serve: [bugb] os-tick alive_ms=34019 tasks_free=true
2026-08-25T10:47:51.570395Z  INFO smart_dl_daemon::bt_events: [bugb] batch START n=0 tick=65
2026-08-25T10:47:51.571484Z  INFO smart_dl_daemon::bt_events: [bugb] batch END n=0
2026-08-25T10:47:51.737187Z  INFO smart_dl_daemon::serve: [bugb] os-tick alive_ms=34321 tasks_free=true
2026-08-25T10:47:51.741953Z  INFO smart_dl_daemon::serve: [bugb] watchdog alive uptime_ms=34325
2026-08-25T10:47:52.038116Z  INFO smart_dl_daemon::serve: [bugb] os-tick alive_ms=34622 tasks_free=true
2026-08-25T10:47:52.083209Z  INFO smart_dl_daemon::bt_events: [bugb] batch START n=0 tick=66
2026-08-25T10:47:52.084247Z  INFO smart_dl_daemon::bt_events: [bugb] batch END n=0
2026-08-25T10:47:52.339222Z  INFO smart_dl_daemon::serve: [bugb] os-tick alive_ms=34923 tasks_free=true
2026-08-25T10:47:52.591380Z  INFO smart_dl_daemon::bt_events: [bugb] batch START n=0 tick=67
2026-08-25T10:47:52.592354Z  INFO smart_dl_daemon::bt_events: [bugb] batch END n=0
2026-08-25T10:47:52.640913Z  INFO smart_dl_daemon::serve: [bugb] os-tick alive_ms=35224 tasks_free=true
2026-08-25T10:47:52.942721Z  INFO smart_dl_daemon::serve: [bugb] os-tick alive_ms=35526 tasks_free=true
2026-08-25T10:47:53.103345Z  INFO smart_dl_daemon::bt_events: [bugb] batch START n=0 tick=68
2026-08-25T10:47:53.104628Z  INFO smart_dl_daemon::bt_events: [bugb] batch END n=0
2026-08-25T10:47:53.244333Z  INFO smart_dl_daemon::serve: [bugb] os-tick alive_ms=35828 tasks_free=true
2026-08-25T10:47:53.545836Z  INFO smart_dl_daemon::serve: [bugb] os-tick alive_ms=36129 tasks_free=true
2026-08-25T10:47:53.606948Z  INFO smart_dl_daemon::bt_events: [bugb] batch START n=0 tick=69
2026-08-25T10:47:53.608120Z  INFO smart_dl_daemon::bt_events: [bugb] batch END n=0
2026-08-25T10:47:53.750556Z  INFO smart_dl_daemon::serve: [bugb] watchdog alive uptime_ms=36334
2026-08-25T10:47:53.847210Z  INFO smart_dl_daemon::serve: [bugb] os-tick alive_ms=36431 tasks_free=true
2026-08-25T10:47:54.109875Z  INFO smart_dl_daemon::bt_events: [bugb] batch START n=0 tick=70
2026-08-25T10:47:54.111040Z  INFO smart_dl_daemon::bt_events: [bugb] batch END n=0
2026-08-25T10:47:54.149418Z  INFO smart_dl_daemon::serve: [bugb] os-tick alive_ms=36733 tasks_free=true
2026-08-25T10:47:54.450964Z  INFO smart_dl_daemon::serve: [bugb] os-tick alive_ms=37034 tasks_free=true
2026-08-25T10:47:54.620428Z  INFO smart_dl_daemon::bt_events: [bugb] batch START n=0 tick=71
2026-08-25T10:47:54.621521Z  INFO smart_dl_daemon::bt_events: [bugb] batch END n=0
2026-08-25T10:47:54.752407Z  INFO smart_dl_daemon::serve: [bugb] os-tick alive_ms=37336 tasks_free=true
2026-08-25T10:47:55.054591Z  INFO smart_dl_daemon::serve: [bugb] os-tick alive_ms=37638 tasks_free=true
2026-08-25T10:47:55.130651Z  INFO smart_dl_daemon::bt_events: [bugb] batch START n=0 tick=72
2026-08-25T10:47:55.131827Z  INFO smart_dl_daemon::bt_events: [bugb] batch END n=0
2026-08-25T10:47:55.356109Z  INFO smart_dl_daemon::serve: [bugb] os-tick alive_ms=37940 tasks_free=true
2026-08-25T10:47:55.635564Z  INFO smart_dl_daemon::bt_events: [bugb] batch START n=0 tick=73
2026-08-25T10:47:55.636698Z  INFO smart_dl_daemon::bt_events: [bugb] batch END n=0
2026-08-25T10:47:55.657483Z  INFO smart_dl_daemon::serve: [bugb] os-tick alive_ms=38241 tasks_free=true
2026-08-25T10:47:55.756262Z  INFO smart_dl_daemon::serve: [bugb] watchdog alive uptime_ms=38340
2026-08-25T10:47:55.959025Z  INFO smart_dl_daemon::serve: [bugb] os-tick alive_ms=38542 tasks_free=true
2026-08-25T10:47:56.141012Z  INFO smart_dl_daemon::bt_events: [bugb] batch START n=0 tick=74
2026-08-25T10:47:56.142652Z  INFO smart_dl_daemon::bt_events: [bugb] batch END n=0
2026-08-25T10:47:56.260563Z  INFO smart_dl_daemon::serve: [bugb] os-tick alive_ms=38844 tasks_free=true
2026-08-25T10:47:56.562088Z  INFO smart_dl_daemon::serve: [bugb] os-tick alive_ms=39146 tasks_free=true
2026-08-25T10:47:56.651307Z  INFO smart_dl_daemon::bt_events: [bugb] batch START n=0 tick=75
2026-08-25T10:47:56.652353Z  INFO smart_dl_daemon::bt_events: [bugb] batch END n=0
2026-08-25T10:47:56.872357Z  INFO smart_dl_daemon::serve: [bugb] os-tick alive_ms=39456 tasks_free=true
2026-08-25T10:47:57.162597Z  INFO smart_dl_daemon::bt_events: [bugb] batch START n=0 tick=76
2026-08-25T10:47:57.164134Z  INFO smart_dl_daemon::bt_events: [bugb] batch END n=0
2026-08-25T10:47:57.173553Z  INFO smart_dl_daemon::serve: [bugb] os-tick alive_ms=39757 tasks_free=true
2026-08-25T10:47:57.474976Z  INFO smart_dl_daemon::serve: [bugb] os-tick alive_ms=40058 tasks_free=true
2026-08-25T10:47:57.674480Z  INFO smart_dl_daemon::bt_events: [bugb] batch START n=0 tick=77
2026-08-25T10:47:57.675162Z  INFO smart_dl_daemon::bt_events: [bugb] batch END n=0
2026-08-25T10:47:57.762274Z  INFO smart_dl_daemon::serve: [bugb] watchdog alive uptime_ms=40346
2026-08-25T10:47:57.776261Z  INFO smart_dl_daemon::serve: [bugb] os-tick alive_ms=40360 tasks_free=true
2026-08-25T10:47:58.081726Z  INFO smart_dl_daemon::serve: [bugb] os-tick alive_ms=40665 tasks_free=true
2026-08-25T10:47:58.183572Z  INFO smart_dl_daemon::bt_events: [bugb] batch START n=0 tick=78
2026-08-25T10:47:58.184485Z  INFO smart_dl_daemon::bt_events: [bugb] batch END n=0
2026-08-25T10:47:58.382978Z  INFO smart_dl_daemon::serve: [bugb] os-tick alive_ms=40966 tasks_free=true
2026-08-25T10:47:58.684015Z  INFO smart_dl_daemon::serve: [bugb] os-tick alive_ms=41267 tasks_free=true
2026-08-25T10:47:58.720931Z  INFO smart_dl_daemon::bt_events: [bugb] batch START n=0 tick=79
2026-08-25T10:47:58.721961Z  INFO smart_dl_daemon::bt_events: [bugb] batch END n=0
2026-08-25T10:47:58.985561Z  INFO smart_dl_daemon::serve: [bugb] os-tick alive_ms=41569 tasks_free=true
2026-08-25T10:47:59.228415Z  INFO smart_dl_daemon::bt_events: [bugb] batch START n=0 tick=80
2026-08-25T10:47:59.229389Z  INFO smart_dl_daemon::bt_events: [bugb] batch END n=0
2026-08-25T10:47:59.286798Z  INFO smart_dl_daemon::serve: [bugb] os-tick alive_ms=41870 tasks_free=true
2026-08-25T10:47:59.588035Z  INFO smart_dl_daemon::serve: [bugb] os-tick alive_ms=42171 tasks_free=true
2026-08-25T10:47:59.744145Z  INFO smart_dl_daemon::bt_events: [bugb] alert-loop alive ticks=81 batch=0
2026-08-25T10:47:59.745310Z  INFO smart_dl_daemon::bt_events: [bugb] batch START n=0 tick=81
2026-08-25T10:47:59.745780Z  INFO smart_dl_daemon::bt_events: [bugb] batch END n=0
2026-08-25T10:47:59.770988Z  INFO smart_dl_daemon::serve: [bugb] watchdog alive uptime_ms=42354
2026-08-25T10:47:59.889593Z  INFO smart_dl_daemon::serve: [bugb] os-tick alive_ms=42473 tasks_free=true
2026-08-25T10:48:00.191424Z  INFO smart_dl_daemon::serve: [bugb] os-tick alive_ms=42775 tasks_free=true
2026-08-25T10:48:00.256253Z  INFO smart_dl_daemon::bt_events: [bugb] batch START n=0 tick=82
2026-08-25T10:48:00.256894Z  INFO smart_dl_daemon::bt_events: [bugb] batch END n=0
2026-08-25T10:48:00.493090Z  INFO smart_dl_daemon::serve: [bugb] os-tick alive_ms=43077 tasks_free=true
2026-08-25T10:48:00.761243Z  INFO smart_dl_daemon::bt_events: [bugb] batch START n=0 tick=83
2026-08-25T10:48:00.762319Z  INFO smart_dl_daemon::bt_events: [bugb] batch END n=0
2026-08-25T10:48:00.794752Z  INFO smart_dl_daemon::serve: [bugb] os-tick alive_ms=43378 tasks_free=true
2026-08-25T10:48:01.096669Z  INFO smart_dl_daemon::serve: [bugb] os-tick alive_ms=43680 tasks_free=true
2026-08-25T10:48:01.269892Z  INFO smart_dl_daemon::bt_events: [bugb] batch START n=0 tick=84
2026-08-25T10:48:01.270902Z  INFO smart_dl_daemon::bt_events: [bugb] batch END n=0
2026-08-25T10:48:01.398131Z  INFO smart_dl_daemon::serve: [bugb] os-tick alive_ms=43982 tasks_free=true
2026-08-25T10:48:01.699390Z  INFO smart_dl_daemon::serve: [bugb] os-tick alive_ms=44283 tasks_free=true
2026-08-25T10:48:01.772251Z  INFO smart_dl_daemon::bt_events: [bugb] batch START n=0 tick=85
2026-08-25T10:48:01.773196Z  INFO smart_dl_daemon::bt_events: [bugb] batch END n=0
2026-08-25T10:48:01.773643Z  INFO smart_dl_daemon::serve: [bugb] watchdog alive uptime_ms=44357
2026-08-25T10:48:02.000982Z  INFO smart_dl_daemon::serve: [bugb] os-tick alive_ms=44584 tasks_free=true
2026-08-25T10:48:02.274761Z  INFO smart_dl_daemon::bt_events: [bugb] batch START n=0 tick=86
2026-08-25T10:48:02.275875Z  INFO smart_dl_daemon::bt_events: [bugb] batch END n=0
2026-08-25T10:48:02.307899Z  INFO smart_dl_daemon::serve: [bugb] os-tick alive_ms=44891 tasks_free=true
2026-08-25T10:48:02.609037Z  INFO smart_dl_daemon::serve: [bugb] os-tick alive_ms=45192 tasks_free=true
2026-08-25T10:48:02.781346Z  INFO smart_dl_daemon::bt_events: [bugb] batch START n=0 tick=87
2026-08-25T10:48:02.782420Z  INFO smart_dl_daemon::bt_events: [bugb] batch END n=0
2026-08-25T10:48:02.910483Z  INFO smart_dl_daemon::serve: [bugb] os-tick alive_ms=45494 tasks_free=true
2026-08-25T10:48:03.211610Z  INFO smart_dl_daemon::serve: [bugb] os-tick alive_ms=45795 tasks_free=true
2026-08-25T10:48:03.297062Z  INFO smart_dl_daemon::bt_events: [bugb] batch START n=0 tick=88
2026-08-25T10:48:03.297942Z  INFO smart_dl_daemon::bt_events: [bugb] batch END n=0
2026-08-25T10:48:03.512685Z  INFO smart_dl_daemon::serve: [bugb] os-tick alive_ms=46096 tasks_free=true
2026-08-25T10:48:03.785435Z  INFO smart_dl_daemon::serve: [bugb] watchdog alive uptime_ms=46369
2026-08-25T10:48:03.809294Z  INFO smart_dl_daemon::bt_events: [bugb] batch START n=0 tick=89
2026-08-25T10:48:03.810173Z  INFO smart_dl_daemon::bt_events: [bugb] batch END n=0
2026-08-25T10:48:03.813910Z  INFO smart_dl_daemon::serve: [bugb] os-tick alive_ms=46397 tasks_free=true
2026-08-25T10:48:04.114599Z  INFO smart_dl_daemon::serve: [bugb] os-tick alive_ms=46698 tasks_free=true
2026-08-25T10:48:04.314333Z  INFO smart_dl_daemon::bt_events: [bugb] batch START n=0 tick=90
2026-08-25T10:48:04.314884Z  INFO smart_dl_daemon::bt_events: [bugb] batch END n=0
2026-08-25T10:48:04.416021Z  INFO smart_dl_daemon::serve: [bugb] os-tick alive_ms=46999 tasks_free=true
2026-08-25T10:48:04.717996Z  INFO smart_dl_daemon::serve: [bugb] os-tick alive_ms=47301 tasks_free=true
2026-08-25T10:48:04.830035Z  INFO smart_dl_daemon::bt_events: [bugb] batch START n=0 tick=91
2026-08-25T10:48:04.830565Z  INFO smart_dl_daemon::bt_events: [bugb] batch END n=0
2026-08-25T10:48:05.019213Z  INFO smart_dl_daemon::serve: [bugb] os-tick alive_ms=47603 tasks_free=true
2026-08-25T10:48:05.320838Z  INFO smart_dl_daemon::serve: [bugb] os-tick alive_ms=47904 tasks_free=true
2026-08-25T10:48:05.341346Z  INFO smart_dl_daemon::bt_events: [bugb] batch START n=0 tick=92
2026-08-25T10:48:05.342259Z  INFO smart_dl_daemon::bt_events: [bugb] batch END n=0
2026-08-25T10:48:05.622148Z  INFO smart_dl_daemon::serve: [bugb] os-tick alive_ms=48206 tasks_free=true
2026-08-25T10:48:05.796770Z  INFO smart_dl_daemon::serve: [bugb] watchdog alive uptime_ms=48380
2026-08-25T10:48:05.850832Z  INFO smart_dl_daemon::bt_events: [bugb] batch START n=0 tick=93
2026-08-25T10:48:05.851847Z  INFO smart_dl_daemon::bt_events: [bugb] batch END n=0
2026-08-25T10:48:05.922705Z  INFO smart_dl_daemon::serve: [bugb] os-tick alive_ms=48506 tasks_free=true
2026-08-25T10:48:06.224144Z  INFO smart_dl_daemon::serve: [bugb] os-tick alive_ms=48808 tasks_free=true
2026-08-25T10:48:06.363482Z  INFO smart_dl_daemon::bt_events: [bugb] batch START n=0 tick=94
2026-08-25T10:48:06.364549Z  INFO smart_dl_daemon::bt_events: [bugb] batch END n=0
2026-08-25T10:48:06.526985Z  INFO smart_dl_daemon::serve: [bugb] os-tick alive_ms=49110 tasks_free=true
2026-08-25T10:48:06.828269Z  INFO smart_dl_daemon::serve: [bugb] os-tick alive_ms=49412 tasks_free=true
2026-08-25T10:48:06.874336Z  INFO smart_dl_daemon::bt_events: [bugb] batch START n=0 tick=95
2026-08-25T10:48:06.875346Z  INFO smart_dl_daemon::bt_events: [bugb] batch END n=0
2026-08-25T10:48:07.129702Z  INFO smart_dl_daemon::serve: [bugb] os-tick alive_ms=49713 tasks_free=true
2026-08-25T10:48:07.385339Z  INFO smart_dl_daemon::bt_events: [bugb] batch START n=0 tick=96
2026-08-25T10:48:07.386439Z  INFO smart_dl_daemon::bt_events: [bugb] batch END n=0
2026-08-25T10:48:07.431548Z  INFO smart_dl_daemon::serve: [bugb] os-tick alive_ms=50015 tasks_free=true
2026-08-25T10:48:07.732863Z  INFO smart_dl_daemon::serve: [bugb] os-tick alive_ms=50316 tasks_free=true
2026-08-25T10:48:07.806293Z  INFO smart_dl_daemon::serve: [bugb] watchdog alive uptime_ms=50390
2026-08-25T10:48:07.900939Z  INFO smart_dl_daemon::bt_events: [bugb] batch START n=0 tick=97
2026-08-25T10:48:07.901548Z  INFO smart_dl_daemon::bt_events: [bugb] batch END n=0
2026-08-25T10:48:08.034302Z  INFO smart_dl_daemon::serve: [bugb] os-tick alive_ms=50618 tasks_free=true
2026-08-25T10:48:08.335572Z  INFO smart_dl_daemon::serve: [bugb] os-tick alive_ms=50919 tasks_free=true
2026-08-25T10:48:08.412162Z  INFO smart_dl_daemon::bt_events: [bugb] batch START n=0 tick=98
2026-08-25T10:48:08.414334Z  INFO smart_dl_daemon::bt_events: [bugb] batch END n=0
2026-08-25T10:48:08.637830Z  INFO smart_dl_daemon::serve: [bugb] os-tick alive_ms=51221 tasks_free=true
2026-08-25T10:48:08.922779Z  INFO smart_dl_daemon::bt_events: [bugb] batch START n=0 tick=99
2026-08-25T10:48:08.923796Z  INFO smart_dl_daemon::bt_events: [bugb] batch END n=0
2026-08-25T10:48:08.938842Z  INFO smart_dl_daemon::serve: [bugb] os-tick alive_ms=51522 tasks_free=true
2026-08-25T10:48:09.240201Z  INFO smart_dl_daemon::serve: [bugb] os-tick alive_ms=51824 tasks_free=true
2026-08-25T10:48:09.428461Z  INFO smart_dl_daemon::bt_events: [bugb] batch START n=0 tick=100
2026-08-25T10:48:09.429796Z  INFO smart_dl_daemon::bt_events: [bugb] batch END n=0
2026-08-25T10:48:09.542833Z  INFO smart_dl_daemon::serve: [bugb] os-tick alive_ms=52126 tasks_free=true
2026-08-25T10:48:09.815197Z  INFO smart_dl_daemon::serve: [bugb] watchdog alive uptime_ms=52399
2026-08-25T10:48:09.844696Z  INFO smart_dl_daemon::serve: [bugb] os-tick alive_ms=52428 tasks_free=true
2026-08-25T10:48:09.940215Z  INFO smart_dl_daemon::bt_events: [bugb] alert-loop alive ticks=101 batch=0
2026-08-25T10:48:09.941979Z  INFO smart_dl_daemon::bt_events: [bugb] batch START n=0 tick=101
2026-08-25T10:48:09.943013Z  INFO smart_dl_daemon::bt_events: [bugb] batch END n=0
2026-08-25T10:48:10.147402Z  INFO smart_dl_daemon::serve: [bugb] os-tick alive_ms=52731 tasks_free=true
2026-08-25T10:48:10.449123Z  INFO smart_dl_daemon::serve: [bugb] os-tick alive_ms=53033 tasks_free=true
2026-08-25T10:48:10.457263Z  INFO smart_dl_daemon::bt_events: [bugb] batch START n=0 tick=102
2026-08-25T10:48:10.459191Z  INFO smart_dl_daemon::bt_events: [bugb] batch END n=0
2026-08-25T10:48:10.751568Z  INFO smart_dl_daemon::serve: [bugb] os-tick alive_ms=53335 tasks_free=true
2026-08-25T10:48:10.967322Z  INFO smart_dl_daemon::bt_events: [bugb] batch START n=0 tick=103
2026-08-25T10:48:10.968681Z  INFO smart_dl_daemon::bt_events: [bugb] batch END n=0
2026-08-25T10:48:11.053546Z  INFO smart_dl_daemon::serve: [bugb] os-tick alive_ms=53637 tasks_free=true
2026-08-25T10:48:11.355170Z  INFO smart_dl_daemon::serve: [bugb] os-tick alive_ms=53939 tasks_free=true
2026-08-25T10:48:11.481922Z  INFO smart_dl_daemon::bt_events: [bugb] batch START n=0 tick=104
2026-08-25T10:48:11.485081Z  INFO smart_dl_daemon::bt_events: [bugb] batch END n=0
2026-08-25T10:48:11.656326Z  INFO smart_dl_daemon::serve: [bugb] os-tick alive_ms=54240 tasks_free=true
2026-08-25T10:48:11.826699Z  INFO smart_dl_daemon::serve: [bugb] watchdog alive uptime_ms=54410
2026-08-25T10:48:11.957991Z  INFO smart_dl_daemon::serve: [bugb] os-tick alive_ms=54541 tasks_free=true
2026-08-25T10:48:11.997569Z  INFO smart_dl_daemon::bt_events: [bugb] batch START n=0 tick=105
2026-08-25T10:48:11.998586Z  INFO smart_dl_daemon::bt_events: [bugb] batch END n=0
2026-08-25T10:48:12.259090Z  INFO smart_dl_daemon::serve: [bugb] os-tick alive_ms=54843 tasks_free=true
2026-08-25T10:48:12.509058Z  INFO smart_dl_daemon::bt_events: [bugb] batch START n=0 tick=106
2026-08-25T10:48:12.509958Z  INFO smart_dl_daemon::bt_events: [bugb] batch END n=0
2026-08-25T10:48:12.560591Z  INFO smart_dl_daemon::serve: [bugb] os-tick alive_ms=55144 tasks_free=true
2026-08-25T10:48:12.861850Z  INFO smart_dl_daemon::serve: [bugb] os-tick alive_ms=55445 tasks_free=true
2026-08-25T10:48:13.015363Z  INFO smart_dl_daemon::bt_events: [bugb] batch START n=0 tick=107
2026-08-25T10:48:13.017196Z  INFO smart_dl_daemon::bt_events: [bugb] batch END n=0
2026-08-25T10:48:13.163105Z  INFO smart_dl_daemon::serve: [bugb] os-tick alive_ms=55747 tasks_free=true
2026-08-25T10:48:13.464739Z  INFO smart_dl_daemon::serve: [bugb] os-tick alive_ms=56048 tasks_free=true
2026-08-25T10:48:13.530241Z  INFO smart_dl_daemon::bt_events: [bugb] batch START n=0 tick=108
2026-08-25T10:48:13.531179Z  INFO smart_dl_daemon::bt_events: [bugb] batch END n=0
2026-08-25T10:48:13.766664Z  INFO smart_dl_daemon::serve: [bugb] os-tick alive_ms=56350 tasks_free=true
2026-08-25T10:48:13.836927Z  INFO smart_dl_daemon::serve: [bugb] watchdog alive uptime_ms=56420
2026-08-25T10:48:14.042439Z  INFO smart_dl_daemon::bt_events: [bugb] batch START n=0 tick=109
2026-08-25T10:48:14.043633Z  INFO smart_dl_daemon::bt_events: [bugb] batch END n=0
2026-08-25T10:48:14.068255Z  INFO smart_dl_daemon::serve: [bugb] os-tick alive_ms=56652 tasks_free=true
2026-08-25T10:48:14.370168Z  INFO smart_dl_daemon::serve: [bugb] os-tick alive_ms=56954 tasks_free=true
2026-08-25T10:48:14.545917Z  INFO smart_dl_daemon::bt_events: [bugb] batch START n=0 tick=110
2026-08-25T10:48:14.546520Z  INFO smart_dl_daemon::bt_events: [bugb] batch END n=0
2026-08-25T10:48:14.671704Z  INFO smart_dl_daemon::serve: [bugb] os-tick alive_ms=57255 tasks_free=true
2026-08-25T10:48:14.972725Z  INFO smart_dl_daemon::serve: [bugb] os-tick alive_ms=57556 tasks_free=true
2026-08-25T10:48:15.058021Z  INFO smart_dl_daemon::bt_events: [bugb] batch START n=0 tick=111
2026-08-25T10:48:15.059048Z  INFO smart_dl_daemon::bt_events: [bugb] batch END n=0
2026-08-25T10:48:15.274134Z  INFO smart_dl_daemon::serve: [bugb] os-tick alive_ms=57858 tasks_free=true
2026-08-25T10:48:15.568412Z  INFO smart_dl_daemon::bt_events: [bugb] batch START n=0 tick=112
2026-08-25T10:48:15.569348Z  INFO smart_dl_daemon::bt_events: [bugb] batch END n=0
2026-08-25T10:48:15.576473Z  INFO smart_dl_daemon::serve: [bugb] os-tick alive_ms=58160 tasks_free=true
2026-08-25T10:48:15.840762Z  INFO smart_dl_daemon::serve: [bugb] watchdog alive uptime_ms=58424
2026-08-25T10:48:15.877218Z  INFO smart_dl_daemon::serve: [bugb] os-tick alive_ms=58461 tasks_free=true
2026-08-25T10:48:16.080207Z  INFO smart_dl_daemon::bt_events: [bugb] batch START n=0 tick=113
2026-08-25T10:48:16.081457Z  INFO smart_dl_daemon::bt_events: [bugb] batch END n=0
2026-08-25T10:48:16.178599Z  INFO smart_dl_daemon::serve: [bugb] os-tick alive_ms=58762 tasks_free=true
2026-08-25T10:48:16.480563Z  INFO smart_dl_daemon::serve: [bugb] os-tick alive_ms=59064 tasks_free=true
2026-08-25T10:48:16.590502Z  INFO smart_dl_daemon::bt_events: [bugb] batch START n=0 tick=114
2026-08-25T10:48:16.591496Z  INFO smart_dl_daemon::bt_events: [bugb] batch END n=0
2026-08-25T10:48:16.782029Z  INFO smart_dl_daemon::serve: [bugb] os-tick alive_ms=59365 tasks_free=true
2026-08-25T10:48:17.083161Z  INFO smart_dl_daemon::serve: [bugb] os-tick alive_ms=59667 tasks_free=true
2026-08-25T10:48:17.097299Z  INFO smart_dl_daemon::bt_events: [bugb] batch START n=0 tick=115
2026-08-25T10:48:17.098281Z  INFO smart_dl_daemon::bt_events: [bugb] batch END n=0
2026-08-25T10:48:17.384819Z  INFO smart_dl_daemon::serve: [bugb] os-tick alive_ms=59968 tasks_free=true
2026-08-25T10:48:17.606480Z  INFO smart_dl_daemon::bt_events: [bugb] batch START n=0 tick=116
2026-08-25T10:48:17.607394Z  INFO smart_dl_daemon::bt_events: [bugb] batch END n=0
2026-08-25T10:48:17.685917Z  INFO smart_dl_daemon::serve: [bugb] os-tick alive_ms=60269 tasks_free=true
2026-08-25T10:48:17.854848Z  INFO smart_dl_daemon::serve: [bugb] watchdog alive uptime_ms=60438
2026-08-25T10:48:17.987199Z  INFO smart_dl_daemon::serve: [bugb] os-tick alive_ms=60571 tasks_free=true
2026-08-25T10:48:18.116612Z  INFO smart_dl_daemon::bt_events: [bugb] batch START n=0 tick=117
2026-08-25T10:48:18.117638Z  INFO smart_dl_daemon::bt_events: [bugb] batch END n=0
2026-08-25T10:48:18.288181Z  INFO smart_dl_daemon::serve: [bugb] os-tick alive_ms=60872 tasks_free=true
2026-08-25T10:48:18.589376Z  INFO smart_dl_daemon::serve: [bugb] os-tick alive_ms=61173 tasks_free=true
2026-08-25T10:48:18.625633Z  INFO smart_dl_daemon::bt_events: [bugb] batch START n=2 tick=118
2026-08-25T10:48:18.626630Z  INFO smart_dl_daemon::bt_events: [bugb] batch END n=2
2026-08-25T10:48:18.890416Z  INFO smart_dl_daemon::serve: [bugb] os-tick alive_ms=61474 tasks_free=true
2026-08-25T10:48:19.128876Z  INFO smart_dl_daemon::bt_events: [bugb] batch START n=0 tick=119
2026-08-25T10:48:19.130047Z  INFO smart_dl_daemon::bt_events: [bugb] batch END n=0
2026-08-25T10:48:19.192210Z  INFO smart_dl_daemon::serve: [bugb] os-tick alive_ms=61776 tasks_free=true
2026-08-25T10:48:19.493749Z  INFO smart_dl_daemon::serve: [bugb] os-tick alive_ms=62077 tasks_free=true
2026-08-25T10:48:19.637143Z  INFO smart_dl_daemon::bt_events: [bugb] batch START n=0 tick=120
2026-08-25T10:48:19.638132Z  INFO smart_dl_daemon::bt_events: [bugb] batch END n=0
2026-08-25T10:48:19.794843Z  INFO smart_dl_daemon::serve: [bugb] os-tick alive_ms=62378 tasks_free=true
2026-08-25T10:48:19.861020Z  INFO smart_dl_daemon::serve: [bugb] watchdog alive uptime_ms=62444
2026-08-25T10:48:20.096546Z  INFO smart_dl_daemon::serve: [bugb] os-tick alive_ms=62680 tasks_free=true
2026-08-25T10:48:20.150519Z  INFO smart_dl_daemon::bt_events: [bugb] alert-loop alive ticks=121 batch=0
2026-08-25T10:48:20.151542Z  INFO smart_dl_daemon::bt_events: [bugb] batch START n=0 tick=121
2026-08-25T10:48:20.151950Z  INFO smart_dl_daemon::bt_events: [bugb] batch END n=0
2026-08-25T10:48:20.398569Z  INFO smart_dl_daemon::serve: [bugb] os-tick alive_ms=62982 tasks_free=true
2026-08-25T10:48:20.662574Z  INFO smart_dl_daemon::bt_events: [bugb] batch START n=0 tick=122
2026-08-25T10:48:20.700090Z  INFO smart_dl_daemon::serve: [bugb] os-tick alive_ms=63284 tasks_free=true
2026-08-25T10:48:20.963113Z  INFO smart_dl_daemon::bt_events: [bugb] batch END n=0
2026-08-25T10:48:21.265160Z  INFO smart_dl_daemon::serve: [bugb] os-tick alive_ms=63849 tasks_free=true
2026-08-25T10:48:21.472007Z  INFO smart_dl_daemon::bt_events: [bugb] batch START n=0 tick=123
2026-08-25T10:48:21.473584Z  INFO smart_dl_daemon::bt_events: [bugb] batch END n=0
2026-08-25T10:48:21.565901Z  INFO smart_dl_daemon::serve: [bugb] os-tick alive_ms=64149 tasks_free=true
2026-08-25T10:48:21.866048Z  INFO smart_dl_daemon::serve: [bugb] watchdog alive uptime_ms=64449
2026-08-25T10:48:21.868101Z  INFO smart_dl_daemon::serve: [bugb] os-tick alive_ms=64452 tasks_free=true
2026-08-25T10:48:21.988113Z  INFO smart_dl_daemon::bt_events: [bugb] batch START n=0 tick=124
2026-08-25T10:48:21.989336Z  INFO smart_dl_daemon::bt_events: [bugb] batch END n=0
2026-08-25T10:48:22.168904Z  INFO smart_dl_daemon::serve: [bugb] os-tick alive_ms=64752 tasks_free=true
2026-08-25T10:48:22.470322Z  INFO smart_dl_daemon::serve: [bugb] os-tick alive_ms=65054 tasks_free=true
2026-08-25T10:48:22.499556Z  INFO smart_dl_daemon::bt_events: [bugb] batch START n=0 tick=125
2026-08-25T10:48:22.500620Z  INFO smart_dl_daemon::bt_events: [bugb] batch END n=0
2026-08-25T10:48:22.772001Z  INFO smart_dl_daemon::serve: [bugb] os-tick alive_ms=65355 tasks_free=true
2026-08-25T10:48:23.011263Z  INFO smart_dl_daemon::bt_events: [bugb] batch START n=0 tick=126
2026-08-25T10:48:23.012555Z  INFO smart_dl_daemon::bt_events: [bugb] batch END n=0
2026-08-25T10:48:23.073572Z  INFO smart_dl_daemon::serve: [bugb] os-tick alive_ms=65657 tasks_free=true
2026-08-25T10:48:23.374864Z  INFO smart_dl_daemon::serve: [bugb] os-tick alive_ms=65958 tasks_free=true
2026-08-25T10:48:23.520262Z  INFO smart_dl_daemon::bt_events: [bugb] batch START n=0 tick=127
2026-08-25T10:48:23.521419Z  INFO smart_dl_daemon::bt_events: [bugb] batch END n=0
2026-08-25T10:48:23.675928Z  INFO smart_dl_daemon::serve: [bugb] os-tick alive_ms=66259 tasks_free=true
2026-08-25T10:48:23.870982Z  INFO smart_dl_daemon::serve: [bugb] watchdog alive uptime_ms=66454
2026-08-25T10:48:23.977425Z  INFO smart_dl_daemon::serve: [bugb] os-tick alive_ms=66561 tasks_free=true
2026-08-25T10:48:24.024095Z  INFO smart_dl_daemon::bt_events: [bugb] batch START n=0 tick=128
2026-08-25T10:48:24.025036Z  INFO smart_dl_daemon::bt_events: [bugb] batch END n=0
2026-08-25T10:48:24.278635Z  INFO smart_dl_daemon::serve: [bugb] os-tick alive_ms=66862 tasks_free=true
2026-08-25T10:48:24.540052Z  INFO smart_dl_daemon::bt_events: [bugb] batch START n=0 tick=129
2026-08-25T10:48:24.541211Z  INFO smart_dl_daemon::bt_events: [bugb] batch END n=0
2026-08-25T10:48:24.580173Z  INFO smart_dl_daemon::serve: [bugb] os-tick alive_ms=67164 tasks_free=true
2026-08-25T10:48:24.881235Z  INFO smart_dl_daemon::serve: [bugb] os-tick alive_ms=67465 tasks_free=true
2026-08-25T10:48:25.043286Z  INFO smart_dl_daemon::bt_events: [bugb] batch START n=0 tick=130
2026-08-25T10:48:25.044333Z  INFO smart_dl_daemon::bt_events: [bugb] batch END n=0
2026-08-25T10:48:25.182595Z  INFO smart_dl_daemon::serve: [bugb] os-tick alive_ms=67766 tasks_free=true
2026-08-25T10:48:25.484197Z  INFO smart_dl_daemon::serve: [bugb] os-tick alive_ms=68068 tasks_free=true
2026-08-25T10:48:25.556836Z  INFO smart_dl_daemon::bt_events: [bugb] batch START n=0 tick=131
2026-08-25T10:48:25.557745Z  INFO smart_dl_daemon::bt_events: [bugb] batch END n=0
2026-08-25T10:48:25.785724Z  INFO smart_dl_daemon::serve: [bugb] os-tick alive_ms=68369 tasks_free=true
2026-08-25T10:48:25.874103Z  INFO smart_dl_daemon::serve: [bugb] watchdog alive uptime_ms=68458
2026-08-25T10:48:26.063742Z  INFO smart_dl_daemon::bt_events: [bugb] batch START n=0 tick=132
2026-08-25T10:48:26.065133Z  INFO smart_dl_daemon::bt_events: [bugb] batch END n=0
2026-08-25T10:48:26.087069Z  INFO smart_dl_daemon::serve: [bugb] os-tick alive_ms=68670 tasks_free=true
2026-08-25T10:48:26.388525Z  INFO smart_dl_daemon::serve: [bugb] os-tick alive_ms=68972 tasks_free=true
2026-08-25T10:48:26.579511Z  INFO smart_dl_daemon::bt_events: [bugb] batch START n=0 tick=133
2026-08-25T10:48:26.580119Z  INFO smart_dl_daemon::bt_events: [bugb] batch END n=0
2026-08-25T10:48:26.689952Z  INFO smart_dl_daemon::serve: [bugb] os-tick alive_ms=69273 tasks_free=true
2026-08-25T10:48:26.991081Z  INFO smart_dl_daemon::serve: [bugb] os-tick alive_ms=69575 tasks_free=true
2026-08-25T10:48:27.088415Z  INFO smart_dl_daemon::bt_events: [bugb] batch START n=0 tick=134
2026-08-25T10:48:27.090091Z  INFO smart_dl_daemon::bt_events: [bugb] batch END n=0
2026-08-25T10:48:27.292132Z  INFO smart_dl_daemon::serve: [bugb] os-tick alive_ms=69876 tasks_free=true
2026-08-25T10:48:27.593550Z  INFO smart_dl_daemon::serve: [bugb] os-tick alive_ms=70177 tasks_free=true
2026-08-25T10:48:27.602812Z  INFO smart_dl_daemon::bt_events: [bugb] batch START n=0 tick=135
2026-08-25T10:48:27.603819Z  INFO smart_dl_daemon::bt_events: [bugb] batch END n=0
2026-08-25T10:48:27.885478Z  INFO smart_dl_daemon::serve: [bugb] watchdog alive uptime_ms=70469
2026-08-25T10:48:27.894722Z  INFO smart_dl_daemon::serve: [bugb] os-tick alive_ms=70478 tasks_free=true
2026-08-25T10:48:28.112615Z  INFO smart_dl_daemon::bt_events: [bugb] batch START n=0 tick=136
2026-08-25T10:48:28.113686Z  INFO smart_dl_daemon::bt_events: [bugb] batch END n=0
2026-08-25T10:48:28.195982Z  INFO smart_dl_daemon::serve: [bugb] os-tick alive_ms=70779 tasks_free=true
2026-08-25T10:48:28.497453Z  INFO smart_dl_daemon::serve: [bugb] os-tick alive_ms=71081 tasks_free=true
2026-08-25T10:48:28.622257Z  INFO smart_dl_daemon::bt_events: [bugb] batch START n=0 tick=137
2026-08-25T10:48:28.623377Z  INFO smart_dl_daemon::bt_events: [bugb] batch END n=0
2026-08-25T10:48:28.798579Z  INFO smart_dl_daemon::serve: [bugb] os-tick alive_ms=71382 tasks_free=true
2026-08-25T10:48:29.099169Z  INFO smart_dl_daemon::serve: [bugb] os-tick alive_ms=71683 tasks_free=true
2026-08-25T10:48:29.135699Z  INFO smart_dl_daemon::bt_events: [bugb] batch START n=0 tick=138
2026-08-25T10:48:29.136698Z  INFO smart_dl_daemon::bt_events: [bugb] batch END n=0
2026-08-25T10:48:29.400596Z  INFO smart_dl_daemon::serve: [bugb] os-tick alive_ms=71984 tasks_free=true
2026-08-25T10:48:29.645460Z  INFO smart_dl_daemon::bt_events: [bugb] batch START n=0 tick=139
2026-08-25T10:48:29.646606Z  INFO smart_dl_daemon::bt_events: [bugb] batch END n=0
2026-08-25T10:48:29.702652Z  INFO smart_dl_daemon::serve: [bugb] os-tick alive_ms=72286 tasks_free=true
2026-08-25T10:48:29.890074Z  INFO smart_dl_daemon::serve: [bugb] watchdog alive uptime_ms=72473
2026-08-25T10:48:30.004081Z  INFO smart_dl_daemon::serve: [bugb] os-tick alive_ms=72588 tasks_free=true
2026-08-25T10:48:30.149335Z  INFO smart_dl_daemon::bt_events: [bugb] batch START n=0 tick=140
2026-08-25T10:48:30.150309Z  INFO smart_dl_daemon::bt_events: [bugb] batch END n=0
2026-08-25T10:48:30.305116Z  INFO smart_dl_daemon::serve: [bugb] os-tick alive_ms=72889 tasks_free=true
2026-08-25T10:48:30.606402Z  INFO smart_dl_daemon::serve: [bugb] os-tick alive_ms=73190 tasks_free=true
2026-08-25T10:48:30.662483Z  INFO smart_dl_daemon::bt_events: [bugb] alert-loop alive ticks=141 batch=0
2026-08-25T10:48:30.663528Z  INFO smart_dl_daemon::bt_events: [bugb] batch START n=0 tick=141
2026-08-25T10:48:30.663879Z  INFO smart_dl_daemon::bt_events: [bugb] batch END n=0
2026-08-25T10:48:30.908045Z  INFO smart_dl_daemon::serve: [bugb] os-tick alive_ms=73491 tasks_free=true
2026-08-25T10:48:31.177242Z  INFO smart_dl_daemon::bt_events: [bugb] batch START n=0 tick=142
2026-08-25T10:48:31.178257Z  INFO smart_dl_daemon::bt_events: [bugb] batch END n=0
2026-08-25T10:48:31.209486Z  INFO smart_dl_daemon::serve: [bugb] os-tick alive_ms=73793 tasks_free=true
2026-08-25T10:48:31.510200Z  INFO smart_dl_daemon::serve: [bugb] os-tick alive_ms=74094 tasks_free=true
2026-08-25T10:48:31.682781Z  INFO smart_dl_daemon::bt_events: [bugb] batch START n=0 tick=143
2026-08-25T10:48:31.683650Z  INFO smart_dl_daemon::bt_events: [bugb] batch END n=0
2026-08-25T10:48:31.812570Z  INFO smart_dl_daemon::serve: [bugb] os-tick alive_ms=74396 tasks_free=true
2026-08-25T10:48:31.904556Z  INFO smart_dl_daemon::serve: [bugb] watchdog alive uptime_ms=74488
2026-08-25T10:48:32.113948Z  INFO smart_dl_daemon::serve: [bugb] os-tick alive_ms=74697 tasks_free=true
2026-08-25T10:48:32.198356Z  INFO smart_dl_daemon::bt_events: [bugb] batch START n=0 tick=144
2026-08-25T10:48:32.199267Z  INFO smart_dl_daemon::bt_events: [bugb] batch END n=0
2026-08-25T10:48:32.415447Z  INFO smart_dl_daemon::serve: [bugb] os-tick alive_ms=74999 tasks_free=true
2026-08-25T10:48:32.711417Z  INFO smart_dl_daemon::bt_events: [bugb] batch START n=0 tick=145
2026-08-25T10:48:32.712454Z  INFO smart_dl_daemon::bt_events: [bugb] batch END n=0
2026-08-25T10:48:32.716529Z  INFO smart_dl_daemon::serve: [bugb] os-tick alive_ms=75300 tasks_free=true
2026-08-25T10:48:33.017179Z  INFO smart_dl_daemon::serve: [bugb] os-tick alive_ms=75601 tasks_free=true
2026-08-25T10:48:33.219488Z  INFO smart_dl_daemon::bt_events: [bugb] batch START n=0 tick=146
2026-08-25T10:48:33.220843Z  INFO smart_dl_daemon::bt_events: [bugb] batch END n=0
2026-08-25T10:48:33.318621Z  INFO smart_dl_daemon::serve: [bugb] os-tick alive_ms=75902 tasks_free=true
2026-08-25T10:48:33.619664Z  INFO smart_dl_daemon::serve: [bugb] os-tick alive_ms=76203 tasks_free=true
2026-08-25T10:48:33.731611Z  INFO smart_dl_daemon::bt_events: [bugb] batch START n=0 tick=147
2026-08-25T10:48:33.732622Z  INFO smart_dl_daemon::bt_events: [bugb] batch END n=0
2026-08-25T10:48:33.910559Z  INFO smart_dl_daemon::serve: [bugb] watchdog alive uptime_ms=76494
2026-08-25T10:48:33.920786Z  INFO smart_dl_daemon::serve: [bugb] os-tick alive_ms=76504 tasks_free=true
2026-08-25T10:48:34.222230Z  INFO smart_dl_daemon::serve: [bugb] os-tick alive_ms=76806 tasks_free=true
2026-08-25T10:48:34.236349Z  INFO smart_dl_daemon::bt_events: [bugb] batch START n=0 tick=148
2026-08-25T10:48:34.237334Z  INFO smart_dl_daemon::bt_events: [bugb] batch END n=0
2026-08-25T10:48:34.523750Z  INFO smart_dl_daemon::serve: [bugb] os-tick alive_ms=77107 tasks_free=true
2026-08-25T10:48:34.742366Z  INFO smart_dl_daemon::bt_events: [bugb] batch START n=0 tick=149
2026-08-25T10:48:34.743440Z  INFO smart_dl_daemon::bt_events: [bugb] batch END n=0
2026-08-25T10:48:34.825174Z  INFO smart_dl_daemon::serve: [bugb] os-tick alive_ms=77409 tasks_free=true
2026-08-25T10:48:35.125827Z  INFO smart_dl_daemon::serve: [bugb] os-tick alive_ms=77709 tasks_free=true
2026-08-25T10:48:35.247588Z  INFO smart_dl_daemon::bt_events: [bugb] batch START n=0 tick=150
2026-08-25T10:48:35.248598Z  INFO smart_dl_daemon::bt_events: [bugb] batch END n=0
2026-08-25T10:48:35.427038Z  INFO smart_dl_daemon::serve: [bugb] os-tick alive_ms=78010 tasks_free=true
2026-08-25T10:48:35.728033Z  INFO smart_dl_daemon::serve: [bugb] os-tick alive_ms=78311 tasks_free=true
2026-08-25T10:48:35.751972Z  INFO smart_dl_daemon::bt_events: [bugb] batch START n=0 tick=151
2026-08-25T10:48:35.752840Z  INFO smart_dl_daemon::bt_events: [bugb] batch END n=0
2026-08-25T10:48:35.918157Z  INFO smart_dl_daemon::serve: [bugb] watchdog alive uptime_ms=78502
2026-08-25T10:48:36.029165Z  INFO smart_dl_daemon::serve: [bugb] os-tick alive_ms=78613 tasks_free=true
2026-08-25T10:48:36.263505Z  INFO smart_dl_daemon::bt_events: [bugb] batch START n=0 tick=152
2026-08-25T10:48:36.265084Z  INFO smart_dl_daemon::bt_events: [bugb] batch END n=0
2026-08-25T10:48:36.330301Z  INFO smart_dl_daemon::serve: [bugb] os-tick alive_ms=78914 tasks_free=true
2026-08-25T10:48:36.631235Z  INFO smart_dl_daemon::serve: [bugb] os-tick alive_ms=79215 tasks_free=true
2026-08-25T10:48:36.775496Z  INFO smart_dl_daemon::bt_events: [bugb] batch START n=0 tick=153
2026-08-25T10:48:36.776449Z  INFO smart_dl_daemon::bt_events: [bugb] batch END n=0
2026-08-25T10:48:36.932255Z  INFO smart_dl_daemon::serve: [bugb] os-tick alive_ms=79516 tasks_free=true
2026-08-25T10:48:37.234890Z  INFO smart_dl_daemon::serve: [bugb] os-tick alive_ms=79818 tasks_free=true
2026-08-25T10:48:37.279554Z  INFO smart_dl_daemon::bt_events: [bugb] batch START n=0 tick=154
2026-08-25T10:48:37.280411Z  INFO smart_dl_daemon::bt_events: [bugb] batch END n=0
2026-08-25T10:48:37.536062Z  INFO smart_dl_daemon::serve: [bugb] os-tick alive_ms=80119 tasks_free=true
2026-08-25T10:48:37.790319Z  INFO smart_dl_daemon::bt_events: [bugb] batch START n=0 tick=155
2026-08-25T10:48:37.791314Z  INFO smart_dl_daemon::bt_events: [bugb] batch END n=0
2026-08-25T10:48:37.854531Z  INFO smart_dl_daemon::serve: [bugb] os-tick alive_ms=80438 tasks_free=true
2026-08-25T10:48:37.927645Z  INFO smart_dl_daemon::serve: [bugb] watchdog alive uptime_ms=80511
2026-08-25T10:48:38.156388Z  INFO smart_dl_daemon::serve: [bugb] os-tick alive_ms=80740 tasks_free=true
2026-08-25T10:48:38.295853Z  INFO smart_dl_daemon::bt_events: [bugb] batch START n=0 tick=156
2026-08-25T10:48:38.297058Z  INFO smart_dl_daemon::bt_events: [bugb] batch END n=0
2026-08-25T10:48:38.457995Z  INFO smart_dl_daemon::serve: [bugb] os-tick alive_ms=81041 tasks_free=true
2026-08-25T10:48:38.759588Z  INFO smart_dl_daemon::serve: [bugb] os-tick alive_ms=81343 tasks_free=true
2026-08-25T10:48:38.806014Z  INFO smart_dl_daemon::bt_events: [bugb] batch START n=0 tick=157
2026-08-25T10:48:38.807668Z  INFO smart_dl_daemon::bt_events: [bugb] batch END n=0
2026-08-25T10:48:39.060944Z  INFO smart_dl_daemon::serve: [bugb] os-tick alive_ms=81644 tasks_free=true
2026-08-25T10:48:39.319061Z  INFO smart_dl_daemon::bt_events: [bugb] batch START n=0 tick=158
2026-08-25T10:48:39.320154Z  INFO smart_dl_daemon::bt_events: [bugb] batch END n=0
2026-08-25T10:48:39.362287Z  INFO smart_dl_daemon::serve: [bugb] os-tick alive_ms=81946 tasks_free=true
2026-08-25T10:48:39.663444Z  INFO smart_dl_daemon::serve: [bugb] os-tick alive_ms=82247 tasks_free=true
2026-08-25T10:48:39.826010Z  INFO smart_dl_daemon::bt_events: [bugb] batch START n=0 tick=159
2026-08-25T10:48:39.826920Z  INFO smart_dl_daemon::bt_events: [bugb] batch END n=0
2026-08-25T10:48:39.933216Z  INFO smart_dl_daemon::serve: [bugb] watchdog alive uptime_ms=82517
2026-08-25T10:48:39.964810Z  INFO smart_dl_daemon::serve: [bugb] os-tick alive_ms=82548 tasks_free=true
2026-08-25T10:48:40.266259Z  INFO smart_dl_daemon::serve: [bugb] os-tick alive_ms=82850 tasks_free=true
2026-08-25T10:48:40.340322Z  INFO smart_dl_daemon::bt_events: [bugb] batch START n=0 tick=160
2026-08-25T10:48:40.341738Z  INFO smart_dl_daemon::bt_events: [bugb] batch END n=0
2026-08-25T10:48:40.568015Z  INFO smart_dl_daemon::serve: [bugb] os-tick alive_ms=83151 tasks_free=true
2026-08-25T10:48:40.855758Z  INFO smart_dl_daemon::bt_events: [bugb] alert-loop alive ticks=161 batch=0
2026-08-25T10:48:40.856893Z  INFO smart_dl_daemon::bt_events: [bugb] batch START n=0 tick=161
2026-08-25T10:48:40.857321Z  INFO smart_dl_daemon::bt_events: [bugb] batch END n=0
2026-08-25T10:48:40.869980Z  INFO smart_dl_daemon::serve: [bugb] os-tick alive_ms=83453 tasks_free=true
2026-08-25T10:48:41.170963Z  INFO smart_dl_daemon::serve: [bugb] os-tick alive_ms=83754 tasks_free=true
2026-08-25T10:48:41.361970Z  INFO smart_dl_daemon::bt_events: [bugb] batch START n=0 tick=162
2026-08-25T10:48:41.362893Z  INFO smart_dl_daemon::bt_events: [bugb] batch END n=0
2026-08-25T10:48:41.472662Z  INFO smart_dl_daemon::serve: [bugb] os-tick alive_ms=84056 tasks_free=true
2026-08-25T10:48:41.774657Z  INFO smart_dl_daemon::serve: [bugb] os-tick alive_ms=84358 tasks_free=true
2026-08-25T10:48:41.873269Z  INFO smart_dl_daemon::bt_events: [bugb] batch START n=0 tick=163
2026-08-25T10:48:41.875032Z  INFO smart_dl_daemon::bt_events: [bugb] batch END n=0
2026-08-25T10:48:41.938894Z  INFO smart_dl_daemon::serve: [bugb] watchdog alive uptime_ms=84522
2026-08-25T10:48:42.076155Z  INFO smart_dl_daemon::serve: [bugb] os-tick alive_ms=84660 tasks_free=true
2026-08-25T10:48:42.378120Z  INFO smart_dl_daemon::serve: [bugb] os-tick alive_ms=84962 tasks_free=true
2026-08-25T10:48:42.378190Z  INFO smart_dl_daemon::bt_events: [bugb] batch START n=0 tick=164
2026-08-25T10:48:42.379451Z  INFO smart_dl_daemon::bt_events: [bugb] batch END n=0
2026-08-25T10:48:42.679889Z  INFO smart_dl_daemon::serve: [bugb] os-tick alive_ms=85263 tasks_free=true
2026-08-25T10:48:42.883820Z  INFO smart_dl_daemon::bt_events: [bugb] batch START n=0 tick=165
2026-08-25T10:48:42.884889Z  INFO smart_dl_daemon::bt_events: [bugb] batch END n=0
2026-08-25T10:48:42.981408Z  INFO smart_dl_daemon::serve: [bugb] os-tick alive_ms=85565 tasks_free=true
2026-08-25T10:48:43.282649Z  INFO smart_dl_daemon::serve: [bugb] os-tick alive_ms=85866 tasks_free=true
2026-08-25T10:48:43.398349Z  INFO smart_dl_daemon::bt_events: [bugb] batch START n=0 tick=166
2026-08-25T10:48:43.399635Z  INFO smart_dl_daemon::bt_events: [bugb] batch END n=0
2026-08-25T10:48:43.583988Z  INFO smart_dl_daemon::serve: [bugb] os-tick alive_ms=86167 tasks_free=true
2026-08-25T10:48:43.885169Z  INFO smart_dl_daemon::serve: [bugb] os-tick alive_ms=86469 tasks_free=true
2026-08-25T10:48:43.914313Z  INFO smart_dl_daemon::bt_events: [bugb] batch START n=0 tick=167
2026-08-25T10:48:43.915191Z  INFO smart_dl_daemon::bt_events: [bugb] batch END n=0
2026-08-25T10:48:43.954691Z  INFO smart_dl_daemon::serve: [bugb] watchdog alive uptime_ms=86538
2026-08-25T10:48:44.186281Z  INFO smart_dl_daemon::serve: [bugb] os-tick alive_ms=86770 tasks_free=true
2026-08-25T10:48:44.421142Z  INFO smart_dl_daemon::bt_events: [bugb] batch START n=0 tick=168
2026-08-25T10:48:44.422156Z  INFO smart_dl_daemon::bt_events: [bugb] batch END n=0
2026-08-25T10:48:44.487775Z  INFO smart_dl_daemon::serve: [bugb] os-tick alive_ms=87071 tasks_free=true
2026-08-25T10:48:44.788972Z  INFO smart_dl_daemon::serve: [bugb] os-tick alive_ms=87372 tasks_free=true
2026-08-25T10:48:44.928114Z  INFO smart_dl_daemon::bt_events: [bugb] batch START n=0 tick=169
2026-08-25T10:48:44.930177Z  INFO smart_dl_daemon::bt_events: [bugb] batch END n=0
2026-08-25T10:48:45.090161Z  INFO smart_dl_daemon::serve: [bugb] os-tick alive_ms=87674 tasks_free=true
2026-08-25T10:48:45.396209Z  INFO smart_dl_daemon::serve: [bugb] os-tick alive_ms=87980 tasks_free=true
2026-08-25T10:48:45.439561Z  INFO smart_dl_daemon::bt_events: [bugb] batch START n=0 tick=170
2026-08-25T10:48:45.440494Z  INFO smart_dl_daemon::bt_events: [bugb] batch END n=0
2026-08-25T10:48:45.697564Z  INFO smart_dl_daemon::serve: [bugb] os-tick alive_ms=88281 tasks_free=true
2026-08-25T10:48:45.948641Z  INFO smart_dl_daemon::bt_events: [bugb] batch START n=0 tick=171
2026-08-25T10:48:45.949795Z  INFO smart_dl_daemon::bt_events: [bugb] batch END n=0
2026-08-25T10:48:45.963382Z  INFO smart_dl_daemon::serve: [bugb] watchdog alive uptime_ms=88547
2026-08-25T10:48:45.999333Z  INFO smart_dl_daemon::serve: [bugb] os-tick alive_ms=88583 tasks_free=true
2026-08-25T10:48:46.300456Z  INFO smart_dl_daemon::serve: [bugb] os-tick alive_ms=88884 tasks_free=true
2026-08-25T10:48:46.453305Z  INFO smart_dl_daemon::bt_events: [bugb] batch START n=0 tick=172
2026-08-25T10:48:46.454291Z  INFO smart_dl_daemon::bt_events: [bugb] batch END n=0
2026-08-25T10:48:46.601890Z  INFO smart_dl_daemon::serve: [bugb] os-tick alive_ms=89185 tasks_free=true
2026-08-25T10:48:46.903153Z  INFO smart_dl_daemon::serve: [bugb] os-tick alive_ms=89487 tasks_free=true
2026-08-25T10:48:46.958892Z  INFO smart_dl_daemon::bt_events: [bugb] batch START n=0 tick=173
2026-08-25T10:48:46.959900Z  INFO smart_dl_daemon::bt_events: [bugb] batch END n=0
2026-08-25T10:48:47.204174Z  INFO smart_dl_daemon::serve: [bugb] os-tick alive_ms=89788 tasks_free=true
2026-08-25T10:48:47.463257Z  INFO smart_dl_daemon::bt_events: [bugb] batch START n=0 tick=174
2026-08-25T10:48:47.464224Z  INFO smart_dl_daemon::bt_events: [bugb] batch END n=0
2026-08-25T10:48:47.505043Z  INFO smart_dl_daemon::serve: [bugb] os-tick alive_ms=90088 tasks_free=true
2026-08-25T10:48:47.807378Z  INFO smart_dl_daemon::serve: [bugb] os-tick alive_ms=90391 tasks_free=true
2026-08-25T10:48:47.968841Z  INFO smart_dl_daemon::serve: [bugb] watchdog alive uptime_ms=90552
2026-08-25T10:48:47.968842Z  INFO smart_dl_daemon::bt_events: [bugb] batch START n=0 tick=175
2026-08-25T10:48:47.969862Z  INFO smart_dl_daemon::bt_events: [bugb] batch END n=0
2026-08-25T10:48:48.108773Z  INFO smart_dl_daemon::serve: [bugb] os-tick alive_ms=90692 tasks_free=true
2026-08-25T10:48:48.409756Z  INFO smart_dl_daemon::serve: [bugb] os-tick alive_ms=90993 tasks_free=true
2026-08-25T10:48:48.474309Z  INFO smart_dl_daemon::bt_events: [bugb] batch START n=0 tick=176
2026-08-25T10:48:48.475243Z  INFO smart_dl_daemon::bt_events: [bugb] batch END n=0
2026-08-25T10:48:48.711179Z  INFO smart_dl_daemon::serve: [bugb] os-tick alive_ms=91295 tasks_free=true
2026-08-25T10:48:48.984670Z  INFO smart_dl_daemon::bt_events: [bugb] batch START n=0 tick=177
2026-08-25T10:48:48.985979Z  INFO smart_dl_daemon::bt_events: [bugb] batch END n=0
2026-08-25T10:48:49.012694Z  INFO smart_dl_daemon::serve: [bugb] os-tick alive_ms=91596 tasks_free=true
2026-08-25T10:48:49.314055Z  INFO smart_dl_daemon::serve: [bugb] os-tick alive_ms=91897 tasks_free=true
2026-08-25T10:48:49.500510Z  INFO smart_dl_daemon::bt_events: [bugb] batch START n=0 tick=178
2026-08-25T10:48:49.501481Z  INFO smart_dl_daemon::bt_events: [bugb] batch END n=0
2026-08-25T10:48:49.615088Z  INFO smart_dl_daemon::serve: [bugb] os-tick alive_ms=92198 tasks_free=true
2026-08-25T10:48:49.916154Z  INFO smart_dl_daemon::serve: [bugb] os-tick alive_ms=92500 tasks_free=true
2026-08-25T10:48:49.972460Z  INFO smart_dl_daemon::serve: [bugb] watchdog alive uptime_ms=92556
2026-08-25T10:48:50.013233Z  INFO smart_dl_daemon::bt_events: [bugb] batch START n=0 tick=179
2026-08-25T10:48:50.014144Z  INFO smart_dl_daemon::bt_events: [bugb] batch END n=0
2026-08-25T10:48:50.217713Z  INFO smart_dl_daemon::serve: [bugb] os-tick alive_ms=92801 tasks_free=true
2026-08-25T10:48:50.524981Z  INFO smart_dl_daemon::serve: [bugb] os-tick alive_ms=93108 tasks_free=true
2026-08-25T10:48:50.527163Z  INFO smart_dl_daemon::bt_events: [bugb] batch START n=0 tick=180
2026-08-25T10:48:50.527641Z  INFO smart_dl_daemon::bt_events: [bugb] batch END n=0
2026-08-25T10:48:50.825660Z  INFO smart_dl_daemon::serve: [bugb] os-tick alive_ms=93409 tasks_free=true
2026-08-25T10:48:51.039582Z  INFO smart_dl_daemon::bt_events: [bugb] alert-loop alive ticks=181 batch=0
2026-08-25T10:48:51.040643Z  INFO smart_dl_daemon::bt_events: [bugb] batch START n=0 tick=181
2026-08-25T10:48:51.041082Z  INFO smart_dl_daemon::bt_events: [bugb] batch END n=0
2026-08-25T10:48:51.161821Z  INFO smart_dl_daemon::serve: [bugb] os-tick alive_ms=93745 tasks_free=true
2026-08-25T10:48:51.462896Z  INFO smart_dl_daemon::serve: [bugb] os-tick alive_ms=94046 tasks_free=true
2026-08-25T10:48:51.550012Z  INFO smart_dl_daemon::bt_events: [bugb] batch START n=0 tick=182
2026-08-25T10:48:51.550957Z  INFO smart_dl_daemon::bt_events: [bugb] batch END n=0
2026-08-25T10:48:51.764080Z  INFO smart_dl_daemon::serve: [bugb] os-tick alive_ms=94348 tasks_free=true
2026-08-25T10:48:51.978972Z  INFO smart_dl_daemon::serve: [bugb] watchdog alive uptime_ms=94562
2026-08-25T10:48:52.059883Z  INFO smart_dl_daemon::bt_events: [bugb] batch START n=0 tick=183
2026-08-25T10:48:52.060880Z  INFO smart_dl_daemon::bt_events: [bugb] batch END n=0
2026-08-25T10:48:52.064767Z  INFO smart_dl_daemon::serve: [bugb] os-tick alive_ms=94648 tasks_free=true
2026-08-25T10:48:52.365713Z  INFO smart_dl_daemon::serve: [bugb] os-tick alive_ms=94949 tasks_free=true
2026-08-25T10:48:52.566781Z  INFO smart_dl_daemon::bt_events: [bugb] batch START n=0 tick=184
2026-08-25T10:48:52.567891Z  INFO smart_dl_daemon::bt_events: [bugb] batch END n=0
2026-08-25T10:48:52.667175Z  INFO smart_dl_daemon::serve: [bugb] os-tick alive_ms=95251 tasks_free=true
2026-08-25T10:48:52.968965Z  INFO smart_dl_daemon::serve: [bugb] os-tick alive_ms=95552 tasks_free=true
2026-08-25T10:48:53.072801Z  INFO smart_dl_daemon::bt_events: [bugb] batch START n=0 tick=185
2026-08-25T10:48:53.073677Z  INFO smart_dl_daemon::bt_events: [bugb] batch END n=0
2026-08-25T10:48:53.270473Z  INFO smart_dl_daemon::serve: [bugb] os-tick alive_ms=95854 tasks_free=true
2026-08-25T10:48:53.571875Z  INFO smart_dl_daemon::serve: [bugb] os-tick alive_ms=96155 tasks_free=true
2026-08-25T10:48:53.577063Z  INFO smart_dl_daemon::bt_events: [bugb] batch START n=0 tick=186
2026-08-25T10:48:53.577623Z  INFO smart_dl_daemon::bt_events: [bugb] batch END n=0
2026-08-25T10:48:53.873278Z  INFO smart_dl_daemon::serve: [bugb] os-tick alive_ms=96457 tasks_free=true
2026-08-25T10:48:53.992322Z  INFO smart_dl_daemon::serve: [bugb] watchdog alive uptime_ms=96576
2026-08-25T10:48:54.092830Z  INFO smart_dl_daemon::bt_events: [bugb] batch START n=0 tick=187
2026-08-25T10:48:54.093489Z  INFO smart_dl_daemon::bt_events: [bugb] batch END n=0
2026-08-25T10:48:54.174636Z  INFO smart_dl_daemon::serve: [bugb] os-tick alive_ms=96758 tasks_free=true
2026-08-25T10:48:54.475832Z  INFO smart_dl_daemon::serve: [bugb] os-tick alive_ms=97059 tasks_free=true
2026-08-25T10:48:54.608426Z  INFO smart_dl_daemon::bt_events: [bugb] batch START n=0 tick=188
2026-08-25T10:48:54.609630Z  INFO smart_dl_daemon::bt_events: [bugb] batch END n=0
2026-08-25T10:48:54.776708Z  INFO smart_dl_daemon::serve: [bugb] os-tick alive_ms=97360 tasks_free=true
2026-08-25T10:48:55.078490Z  INFO smart_dl_daemon::serve: [bugb] os-tick alive_ms=97662 tasks_free=true
2026-08-25T10:48:55.114655Z  INFO smart_dl_daemon::bt_events: [bugb] batch START n=0 tick=189
2026-08-25T10:48:55.115542Z  INFO smart_dl_daemon::bt_events: [bugb] batch END n=0
2026-08-25T10:48:55.379918Z  INFO smart_dl_daemon::serve: [bugb] os-tick alive_ms=97963 tasks_free=true
2026-08-25T10:48:55.624163Z  INFO smart_dl_daemon::bt_events: [bugb] batch START n=0 tick=190
2026-08-25T10:48:55.625353Z  INFO smart_dl_daemon::bt_events: [bugb] batch END n=0
2026-08-25T10:48:55.681493Z  INFO smart_dl_daemon::serve: [bugb] os-tick alive_ms=98265 tasks_free=true
2026-08-25T10:48:55.982615Z  INFO smart_dl_daemon::serve: [bugb] os-tick alive_ms=98566 tasks_free=true
2026-08-25T10:48:55.997957Z  INFO smart_dl_daemon::serve: [bugb] watchdog alive uptime_ms=98581
2026-08-25T10:48:56.135708Z  INFO smart_dl_daemon::bt_events: [bugb] batch START n=0 tick=191
2026-08-25T10:48:56.136682Z  INFO smart_dl_daemon::bt_events: [bugb] batch END n=0
2026-08-25T10:48:56.283993Z  INFO smart_dl_daemon::serve: [bugb] os-tick alive_ms=98867 tasks_free=true
2026-08-25T10:48:56.585218Z  INFO smart_dl_daemon::serve: [bugb] os-tick alive_ms=99169 tasks_free=true
2026-08-25T10:48:56.647632Z  INFO smart_dl_daemon::bt_events: [bugb] batch START n=0 tick=192
2026-08-25T10:48:56.648483Z  INFO smart_dl_daemon::bt_events: [bugb] batch END n=0
2026-08-25T10:48:56.886665Z  INFO smart_dl_daemon::serve: [bugb] os-tick alive_ms=99470 tasks_free=true
2026-08-25T10:48:57.151891Z  INFO smart_dl_daemon::bt_events: [bugb] batch START n=0 tick=193
2026-08-25T10:48:57.153070Z  INFO smart_dl_daemon::bt_events: [bugb] batch END n=0
2026-08-25T10:48:57.187633Z  INFO smart_dl_daemon::serve: [bugb] os-tick alive_ms=99771 tasks_free=true
2026-08-25T10:48:57.488596Z  INFO smart_dl_daemon::serve: [bugb] os-tick alive_ms=100072 tasks_free=true
2026-08-25T10:48:57.656041Z  INFO smart_dl_daemon::bt_events: [bugb] batch START n=0 tick=194
2026-08-25T10:48:57.656989Z  INFO smart_dl_daemon::bt_events: [bugb] batch END n=0
2026-08-25T10:48:57.789586Z  INFO smart_dl_daemon::serve: [bugb] os-tick alive_ms=100373 tasks_free=true
2026-08-25T10:48:58.006223Z  INFO smart_dl_daemon::serve: [bugb] watchdog alive uptime_ms=100590
2026-08-25T10:48:58.090993Z  INFO smart_dl_daemon::serve: [bugb] os-tick alive_ms=100674 tasks_free=true
2026-08-25T10:48:58.168104Z  INFO smart_dl_daemon::bt_events: [bugb] batch START n=0 tick=195
2026-08-25T10:48:58.169101Z  INFO smart_dl_daemon::bt_events: [bugb] batch END n=0
2026-08-25T10:48:58.391979Z  INFO smart_dl_daemon::serve: [bugb] os-tick alive_ms=100975 tasks_free=true
2026-08-25T10:48:58.683489Z  INFO smart_dl_daemon::bt_events: [bugb] batch START n=0 tick=196
2026-08-25T10:48:58.684636Z  INFO smart_dl_daemon::bt_events: [bugb] batch END n=0
2026-08-25T10:48:58.693279Z  INFO smart_dl_daemon::serve: [bugb] os-tick alive_ms=101277 tasks_free=true
2026-08-25T10:48:58.994631Z  INFO smart_dl_daemon::serve: [bugb] os-tick alive_ms=101578 tasks_free=true
2026-08-25T10:48:59.191662Z  INFO smart_dl_daemon::bt_events: [bugb] batch START n=0 tick=197
2026-08-25T10:48:59.192936Z  INFO smart_dl_daemon::bt_events: [bugb] batch END n=0
2026-08-25T10:48:59.295909Z  INFO smart_dl_daemon::serve: [bugb] os-tick alive_ms=101879 tasks_free=true
2026-08-25T10:48:59.597155Z  INFO smart_dl_daemon::serve: [bugb] os-tick alive_ms=102181 tasks_free=true
2026-08-25T10:48:59.701259Z  INFO smart_dl_daemon::bt_events: [bugb] batch START n=0 tick=198
2026-08-25T10:48:59.702375Z  INFO smart_dl_daemon::bt_events: [bugb] batch END n=0
2026-08-25T10:48:59.898962Z  INFO smart_dl_daemon::serve: [bugb] os-tick alive_ms=102482 tasks_free=true
2026-08-25T10:49:00.012462Z  INFO smart_dl_daemon::serve: [bugb] watchdog alive uptime_ms=102596
2026-08-25T10:49:00.200106Z  INFO smart_dl_daemon::serve: [bugb] os-tick alive_ms=102784 tasks_free=true
2026-08-25T10:49:00.212656Z  INFO smart_dl_daemon::bt_events: [bugb] batch START n=0 tick=199
2026-08-25T10:49:00.213480Z  INFO smart_dl_daemon::bt_events: [bugb] batch END n=0
2026-08-25T10:49:00.501883Z  INFO smart_dl_daemon::serve: [bugb] os-tick alive_ms=103085 tasks_free=true
2026-08-25T10:49:00.724082Z  INFO smart_dl_daemon::bt_events: [bugb] batch START n=0 tick=200
2026-08-25T10:49:00.725382Z  INFO smart_dl_daemon::bt_events: [bugb] batch END n=0
2026-08-25T10:49:00.803066Z  INFO smart_dl_daemon::serve: [bugb] os-tick alive_ms=103386 tasks_free=true
2026-08-25T10:49:01.104617Z  INFO smart_dl_daemon::serve: [bugb] os-tick alive_ms=103688 tasks_free=true
2026-08-25T10:49:01.229933Z  INFO smart_dl_daemon::bt_events: [bugb] alert-loop alive ticks=201 batch=0
2026-08-25T10:49:01.230899Z  INFO smart_dl_daemon::bt_events: [bugb] batch START n=0 tick=201
2026-08-25T10:49:01.231249Z  INFO smart_dl_daemon::bt_events: [bugb] batch END n=0
2026-08-25T10:49:01.405964Z  INFO smart_dl_daemon::serve: [bugb] os-tick alive_ms=103989 tasks_free=true
2026-08-25T10:49:01.707932Z  INFO smart_dl_daemon::serve: [bugb] os-tick alive_ms=104291 tasks_free=true
2026-08-25T10:49:01.740296Z  INFO smart_dl_daemon::bt_events: [bugb] batch START n=0 tick=202
2026-08-25T10:49:01.741322Z  INFO smart_dl_daemon::bt_events: [bugb] batch END n=0
2026-08-25T10:49:02.009327Z  INFO smart_dl_daemon::serve: [bugb] os-tick alive_ms=104593 tasks_free=true
2026-08-25T10:49:02.027825Z  INFO smart_dl_daemon::serve: [bugb] watchdog alive uptime_ms=104611
2026-08-25T10:49:02.248926Z  INFO smart_dl_daemon::bt_events: [bugb] batch START n=0 tick=203
2026-08-25T10:49:02.249962Z  INFO smart_dl_daemon::bt_events: [bugb] batch END n=0
2026-08-25T10:49:02.322884Z  INFO smart_dl_daemon::serve: [bugb] os-tick alive_ms=104906 tasks_free=true
2026-08-25T10:49:02.623940Z  INFO smart_dl_daemon::serve: [bugb] os-tick alive_ms=105207 tasks_free=true
2026-08-25T10:49:02.756999Z  INFO smart_dl_daemon::bt_events: [bugb] batch START n=0 tick=204
2026-08-25T10:49:02.758077Z  INFO smart_dl_daemon::bt_events: [bugb] batch END n=0
2026-08-25T10:49:02.926091Z  INFO smart_dl_daemon::serve: [bugb] os-tick alive_ms=105509 tasks_free=true
2026-08-25T10:49:03.227725Z  INFO smart_dl_daemon::serve: [bugb] os-tick alive_ms=105811 tasks_free=true
2026-08-25T10:49:03.270761Z  INFO smart_dl_daemon::bt_events: [bugb] batch START n=0 tick=205
2026-08-25T10:49:03.271359Z  INFO smart_dl_daemon::bt_events: [bugb] batch END n=0
2026-08-25T10:49:03.528561Z  INFO smart_dl_daemon::serve: [bugb] os-tick alive_ms=106112 tasks_free=true
2026-08-25T10:49:03.783274Z  INFO smart_dl_daemon::bt_events: [bugb] batch START n=0 tick=206
2026-08-25T10:49:03.784343Z  INFO smart_dl_daemon::bt_events: [bugb] batch END n=0
2026-08-25T10:49:03.830106Z  INFO smart_dl_daemon::serve: [bugb] os-tick alive_ms=106414 tasks_free=true
2026-08-25T10:49:04.036554Z  INFO smart_dl_daemon::serve: [bugb] watchdog alive uptime_ms=106620
2026-08-25T10:49:04.131490Z  INFO smart_dl_daemon::serve: [bugb] os-tick alive_ms=106715 tasks_free=true
2026-08-25T10:49:04.297855Z  INFO smart_dl_daemon::bt_events: [bugb] batch START n=0 tick=207
2026-08-25T10:49:04.298970Z  INFO smart_dl_daemon::bt_events: [bugb] batch END n=0
2026-08-25T10:49:04.432851Z  INFO smart_dl_daemon::serve: [bugb] os-tick alive_ms=107016 tasks_free=true
2026-08-25T10:49:04.734417Z  INFO smart_dl_daemon::serve: [bugb] os-tick alive_ms=107318 tasks_free=true
2026-08-25T10:49:04.810618Z  INFO smart_dl_daemon::bt_events: [bugb] batch START n=0 tick=208
2026-08-25T10:49:04.811706Z  INFO smart_dl_daemon::bt_events: [bugb] batch END n=0
2026-08-25T10:49:05.035720Z  INFO smart_dl_daemon::serve: [bugb] os-tick alive_ms=107619 tasks_free=true
2026-08-25T10:49:05.314367Z  INFO smart_dl_daemon::bt_events: [bugb] batch START n=0 tick=209
2026-08-25T10:49:05.315353Z  INFO smart_dl_daemon::bt_events: [bugb] batch END n=0
2026-08-25T10:49:05.337439Z  INFO smart_dl_daemon::serve: [bugb] os-tick alive_ms=107921 tasks_free=true
2026-08-25T10:49:05.639122Z  INFO smart_dl_daemon::serve: [bugb] os-tick alive_ms=108223 tasks_free=true
2026-08-25T10:49:05.828211Z  INFO smart_dl_daemon::bt_events: [bugb] batch START n=0 tick=210
2026-08-25T10:49:05.829201Z  INFO smart_dl_daemon::bt_events: [bugb] batch END n=0
2026-08-25T10:49:05.940273Z  INFO smart_dl_daemon::serve: [bugb] os-tick alive_ms=108524 tasks_free=true
2026-08-25T10:49:06.042936Z  INFO smart_dl_daemon::serve: [bugb] watchdog alive uptime_ms=108626
2026-08-25T10:49:06.242203Z  INFO smart_dl_daemon::serve: [bugb] os-tick alive_ms=108826 tasks_free=true
2026-08-25T10:49:06.337781Z  INFO smart_dl_daemon::bt_events: [bugb] batch START n=0 tick=211
2026-08-25T10:49:06.338945Z  INFO smart_dl_daemon::bt_events: [bugb] batch END n=0
2026-08-25T10:49:06.544481Z  INFO smart_dl_daemon::serve: [bugb] os-tick alive_ms=109128 tasks_free=true
2026-08-25T10:49:06.843726Z  INFO smart_dl_daemon::bt_events: [bugb] batch START n=0 tick=212
2026-08-25T10:49:06.845468Z  INFO smart_dl_daemon::bt_events: [bugb] batch END n=0
2026-08-25T10:49:06.845911Z  INFO smart_dl_daemon::serve: [bugb] os-tick alive_ms=109429 tasks_free=true
2026-08-25T10:49:07.147032Z  INFO smart_dl_daemon::serve: [bugb] os-tick alive_ms=109730 tasks_free=true
2026-08-25T10:49:07.348259Z  INFO smart_dl_daemon::bt_events: [bugb] batch START n=0 tick=213
2026-08-25T10:49:07.349740Z  INFO smart_dl_daemon::bt_events: [bugb] batch END n=0
2026-08-25T10:49:07.447683Z  INFO smart_dl_daemon::serve: [bugb] os-tick alive_ms=110031 tasks_free=true
2026-08-25T10:49:07.749470Z  INFO smart_dl_daemon::serve: [bugb] os-tick alive_ms=110333 tasks_free=true
2026-08-25T10:49:07.853651Z  INFO smart_dl_daemon::bt_events: [bugb] batch START n=0 tick=214
2026-08-25T10:49:07.854859Z  INFO smart_dl_daemon::bt_events: [bugb] batch END n=0
2026-08-25T10:49:08.047515Z  INFO smart_dl_daemon::serve: [bugb] watchdog alive uptime_ms=110631
2026-08-25T10:49:08.050782Z  INFO smart_dl_daemon::serve: [bugb] os-tick alive_ms=110634 tasks_free=true
2026-08-25T10:49:08.351745Z  INFO smart_dl_daemon::serve: [bugb] os-tick alive_ms=110935 tasks_free=true
2026-08-25T10:49:08.356760Z  INFO smart_dl_daemon::bt_events: [bugb] batch START n=0 tick=215
2026-08-25T10:49:08.357457Z  INFO smart_dl_daemon::bt_events: [bugb] batch END n=0
2026-08-25T10:49:08.652913Z  INFO smart_dl_daemon::serve: [bugb] os-tick alive_ms=111236 tasks_free=true
2026-08-25T10:49:08.869798Z  INFO smart_dl_daemon::bt_events: [bugb] batch START n=0 tick=216
2026-08-25T10:49:08.870964Z  INFO smart_dl_daemon::bt_events: [bugb] batch END n=0
2026-08-25T10:49:08.954580Z  INFO smart_dl_daemon::serve: [bugb] os-tick alive_ms=111538 tasks_free=true
2026-08-25T10:49:09.255646Z  INFO smart_dl_daemon::serve: [bugb] os-tick alive_ms=111839 tasks_free=true
2026-08-25T10:49:09.384621Z  INFO smart_dl_daemon::bt_events: [bugb] batch START n=0 tick=217
2026-08-25T10:49:09.385685Z  INFO smart_dl_daemon::bt_events: [bugb] batch END n=0
2026-08-25T10:49:09.556865Z  INFO smart_dl_daemon::serve: [bugb] os-tick alive_ms=112140 tasks_free=true
2026-08-25T10:49:09.858353Z  INFO smart_dl_daemon::serve: [bugb] os-tick alive_ms=112442 tasks_free=true
2026-08-25T10:49:09.890546Z  INFO smart_dl_daemon::bt_events: [bugb] batch START n=0 tick=218
2026-08-25T10:49:09.892014Z  INFO smart_dl_daemon::bt_events: [bugb] batch END n=0
2026-08-25T10:49:10.060052Z  INFO smart_dl_daemon::serve: [bugb] watchdog alive uptime_ms=112643
2026-08-25T10:49:10.159885Z  INFO smart_dl_daemon::serve: [bugb] os-tick alive_ms=112743 tasks_free=true
2026-08-25T10:49:10.400885Z  INFO smart_dl_daemon::bt_events: [bugb] batch START n=0 tick=219
2026-08-25T10:49:10.401381Z  INFO smart_dl_daemon::bt_events: [bugb] batch END n=0
2026-08-25T10:49:10.461196Z  INFO smart_dl_daemon::serve: [bugb] os-tick alive_ms=113045 tasks_free=true
2026-08-25T10:49:10.762090Z  INFO smart_dl_daemon::serve: [bugb] os-tick alive_ms=113346 tasks_free=true
2026-08-25T10:49:10.911660Z  INFO smart_dl_daemon::bt_events: [bugb] batch START n=0 tick=220
2026-08-25T10:49:10.912564Z  INFO smart_dl_daemon::bt_events: [bugb] batch END n=0
2026-08-25T10:49:11.063620Z  INFO smart_dl_daemon::serve: [bugb] os-tick alive_ms=113647 tasks_free=true
2026-08-25T10:49:11.364585Z  INFO smart_dl_daemon::serve: [bugb] os-tick alive_ms=113948 tasks_free=true
2026-08-25T10:49:11.422827Z  INFO smart_dl_daemon::bt_events: [bugb] alert-loop alive ticks=221 batch=0
2026-08-25T10:49:11.424330Z  INFO smart_dl_daemon::bt_events: [bugb] batch START n=0 tick=221
2026-08-25T10:49:11.424628Z  INFO smart_dl_daemon::bt_events: [bugb] batch END n=0
2026-08-25T10:49:11.665858Z  INFO smart_dl_daemon::serve: [bugb] os-tick alive_ms=114249 tasks_free=true
2026-08-25T10:49:11.933872Z  INFO smart_dl_daemon::bt_events: [bugb] batch START n=0 tick=222
2026-08-25T10:49:11.934842Z  INFO smart_dl_daemon::bt_events: [bugb] batch END n=0
2026-08-25T10:49:11.967083Z  INFO smart_dl_daemon::serve: [bugb] os-tick alive_ms=114551 tasks_free=true
2026-08-25T10:49:12.068597Z  INFO smart_dl_daemon::serve: [bugb] watchdog alive uptime_ms=114652
2026-08-25T10:49:12.268201Z  INFO smart_dl_daemon::serve: [bugb] os-tick alive_ms=114852 tasks_free=true
2026-08-25T10:49:12.446123Z  INFO smart_dl_daemon::bt_events: [bugb] batch START n=0 tick=223
2026-08-25T10:49:12.447082Z  INFO smart_dl_daemon::bt_events: [bugb] batch END n=0
2026-08-25T10:49:12.570120Z  INFO smart_dl_daemon::serve: [bugb] os-tick alive_ms=115154 tasks_free=true
2026-08-25T10:49:12.871590Z  INFO smart_dl_daemon::serve: [bugb] os-tick alive_ms=115455 tasks_free=true
2026-08-25T10:49:12.956070Z  INFO smart_dl_daemon::bt_events: [bugb] batch START n=0 tick=224
2026-08-25T10:49:12.957014Z  INFO smart_dl_daemon::bt_events: [bugb] batch END n=0
2026-08-25T10:49:13.173190Z  INFO smart_dl_daemon::serve: [bugb] os-tick alive_ms=115757 tasks_free=true
2026-08-25T10:49:13.464941Z  INFO smart_dl_daemon::bt_events: [bugb] batch START n=0 tick=225
2026-08-25T10:49:13.465834Z  INFO smart_dl_daemon::bt_events: [bugb] batch END n=0
2026-08-25T10:49:13.474641Z  INFO smart_dl_daemon::serve: [bugb] os-tick alive_ms=116058 tasks_free=true
2026-08-25T10:49:13.775644Z  INFO smart_dl_daemon::serve: [bugb] os-tick alive_ms=116359 tasks_free=true
2026-08-25T10:49:13.979467Z  INFO smart_dl_daemon::bt_events: [bugb] batch START n=0 tick=226
2026-08-25T10:49:13.980287Z  INFO smart_dl_daemon::bt_events: [bugb] batch END n=0
2026-08-25T10:49:14.071880Z  INFO smart_dl_daemon::serve: [bugb] watchdog alive uptime_ms=116655
2026-08-25T10:49:14.076174Z  INFO smart_dl_daemon::serve: [bugb] os-tick alive_ms=116660 tasks_free=true
2026-08-25T10:49:14.376969Z  INFO smart_dl_daemon::serve: [bugb] os-tick alive_ms=116960 tasks_free=true
2026-08-25T10:49:14.487608Z  INFO smart_dl_daemon::bt_events: [bugb] batch START n=0 tick=227
2026-08-25T10:49:14.488713Z  INFO smart_dl_daemon::bt_events: [bugb] batch END n=0
2026-08-25T10:49:14.677795Z  INFO smart_dl_daemon::serve: [bugb] os-tick alive_ms=117261 tasks_free=true
2026-08-25T10:49:14.979588Z  INFO smart_dl_daemon::serve: [bugb] os-tick alive_ms=117563 tasks_free=true
2026-08-25T10:49:14.997784Z  INFO smart_dl_daemon::bt_events: [bugb] batch START n=0 tick=228
2026-08-25T10:49:14.998638Z  INFO smart_dl_daemon::bt_events: [bugb] batch END n=0
2026-08-25T10:49:15.280864Z  INFO smart_dl_daemon::serve: [bugb] os-tick alive_ms=117864 tasks_free=true
2026-08-25T10:49:15.508820Z  INFO smart_dl_daemon::bt_events: [bugb] batch START n=0 tick=229
2026-08-25T10:49:15.509778Z  INFO smart_dl_daemon::bt_events: [bugb] batch END n=0
2026-08-25T10:49:15.582127Z  INFO smart_dl_daemon::serve: [bugb] os-tick alive_ms=118166 tasks_free=true
2026-08-25T10:49:15.883147Z  INFO smart_dl_daemon::serve: [bugb] os-tick alive_ms=118467 tasks_free=true
2026-08-25T10:49:16.014885Z  INFO smart_dl_daemon::bt_events: [bugb] batch START n=0 tick=230
2026-08-25T10:49:16.015809Z  INFO smart_dl_daemon::bt_events: [bugb] batch END n=0
2026-08-25T10:49:16.085780Z  INFO smart_dl_daemon::serve: [bugb] watchdog alive uptime_ms=118669
2026-08-25T10:49:16.184636Z  INFO smart_dl_daemon::serve: [bugb] os-tick alive_ms=118768 tasks_free=true
2026-08-25T10:49:16.485699Z  INFO smart_dl_daemon::serve: [bugb] os-tick alive_ms=119069 tasks_free=true
2026-08-25T10:49:16.520809Z  INFO smart_dl_daemon::bt_events: [bugb] batch START n=0 tick=231
2026-08-25T10:49:16.521641Z  INFO smart_dl_daemon::bt_events: [bugb] batch END n=0
2026-08-25T10:49:16.787071Z  INFO smart_dl_daemon::serve: [bugb] os-tick alive_ms=119370 tasks_free=true
2026-08-25T10:49:17.034617Z  INFO smart_dl_daemon::bt_events: [bugb] batch START n=0 tick=232
2026-08-25T10:49:17.035635Z  INFO smart_dl_daemon::bt_events: [bugb] batch END n=0
2026-08-25T10:49:17.088475Z  INFO smart_dl_daemon::serve: [bugb] os-tick alive_ms=119672 tasks_free=true
2026-08-25T10:49:17.389652Z  INFO smart_dl_daemon::serve: [bugb] os-tick alive_ms=119973 tasks_free=true
2026-08-25T10:49:17.545400Z  INFO smart_dl_daemon::bt_events: [bugb] batch START n=0 tick=233
2026-08-25T10:49:17.546335Z  INFO smart_dl_daemon::bt_events: [bugb] batch END n=0
2026-08-25T10:49:17.690607Z  INFO smart_dl_daemon::serve: [bugb] os-tick alive_ms=120274 tasks_free=true
2026-08-25T10:49:17.993046Z  INFO smart_dl_daemon::serve: [bugb] os-tick alive_ms=120576 tasks_free=true
2026-08-25T10:49:18.057001Z  INFO smart_dl_daemon::bt_events: [bugb] batch START n=0 tick=234
2026-08-25T10:49:18.057890Z  INFO smart_dl_daemon::bt_events: [bugb] batch END n=0
2026-08-25T10:49:18.098331Z  INFO smart_dl_daemon::serve: [bugb] watchdog alive uptime_ms=120682
2026-08-25T10:49:18.294460Z  INFO smart_dl_daemon::serve: [bugb] os-tick alive_ms=120878 tasks_free=true
2026-08-25T10:49:18.564595Z  INFO smart_dl_daemon::bt_events: [bugb] batch START n=0 tick=235
2026-08-25T10:49:18.565233Z  INFO smart_dl_daemon::bt_events: [bugb] batch END n=0
2026-08-25T10:49:18.595532Z  INFO smart_dl_daemon::serve: [bugb] os-tick alive_ms=121179 tasks_free=true
2026-08-25T10:49:18.896949Z  INFO smart_dl_daemon::serve: [bugb] os-tick alive_ms=121480 tasks_free=true
2026-08-25T10:49:19.079199Z  INFO smart_dl_daemon::bt_events: [bugb] batch START n=0 tick=236
2026-08-25T10:49:19.080078Z  INFO smart_dl_daemon::bt_events: [bugb] batch END n=0
2026-08-25T10:49:19.198448Z  INFO smart_dl_daemon::serve: [bugb] os-tick alive_ms=121782 tasks_free=true
2026-08-25T10:49:19.499712Z  INFO smart_dl_daemon::serve: [bugb] os-tick alive_ms=122083 tasks_free=true
2026-08-25T10:49:19.589536Z  INFO smart_dl_daemon::bt_events: [bugb] batch START n=0 tick=237
2026-08-25T10:49:19.671164Z  INFO smart_dl_daemon::bt_events: [bugb] batch END n=0
2026-08-25T10:49:19.970811Z  INFO smart_dl_daemon::serve: [bugb] os-tick alive_ms=122554 tasks_free=true
2026-08-25T10:49:20.102175Z  INFO smart_dl_daemon::serve: [bugb] watchdog alive uptime_ms=122686
2026-08-25T10:49:20.178765Z  INFO smart_dl_daemon::bt_events: [bugb] batch START n=0 tick=238
2026-08-25T10:49:20.179788Z  INFO smart_dl_daemon::bt_events: [bugb] batch END n=0
2026-08-25T10:49:20.272416Z  INFO smart_dl_daemon::serve: [bugb] os-tick alive_ms=122856 tasks_free=true
2026-08-25T10:49:20.573717Z  INFO smart_dl_daemon::serve: [bugb] os-tick alive_ms=123157 tasks_free=true
2026-08-25T10:49:20.685937Z  INFO smart_dl_daemon::bt_events: [bugb] batch START n=0 tick=239
2026-08-25T10:49:20.687010Z  INFO smart_dl_daemon::bt_events: [bugb] batch END n=0
2026-08-25T10:49:20.875284Z  INFO smart_dl_daemon::serve: [bugb] os-tick alive_ms=123459 tasks_free=true
2026-08-25T10:49:21.176489Z  INFO smart_dl_daemon::serve: [bugb] os-tick alive_ms=123760 tasks_free=true
2026-08-25T10:49:21.188842Z  INFO smart_dl_daemon::bt_events: [bugb] batch START n=0 tick=240
2026-08-25T10:49:21.189768Z  INFO smart_dl_daemon::bt_events: [bugb] batch END n=0
2026-08-25T10:49:21.477878Z  INFO smart_dl_daemon::serve: [bugb] os-tick alive_ms=124061 tasks_free=true
2026-08-25T10:49:21.696335Z  INFO smart_dl_daemon::bt_events: [bugb] alert-loop alive ticks=241 batch=0
2026-08-25T10:49:21.697397Z  INFO smart_dl_daemon::bt_events: [bugb] batch START n=0 tick=241
2026-08-25T10:49:21.697778Z  INFO smart_dl_daemon::bt_events: [bugb] batch END n=0
2026-08-25T10:49:21.786735Z  INFO smart_dl_daemon::serve: [bugb] os-tick alive_ms=124370 tasks_free=true
2026-08-25T10:49:22.088852Z  INFO smart_dl_daemon::serve: [bugb] os-tick alive_ms=124672 tasks_free=true
2026-08-25T10:49:22.118445Z  INFO smart_dl_daemon::serve: [bugb] watchdog alive uptime_ms=124702
2026-08-25T10:49:22.209212Z  INFO smart_dl_daemon::bt_events: [bugb] batch START n=0 tick=242
2026-08-25T10:49:22.210315Z  INFO smart_dl_daemon::bt_events: [bugb] batch END n=0
2026-08-25T10:49:22.390412Z  INFO smart_dl_daemon::serve: [bugb] os-tick alive_ms=124974 tasks_free=true
2026-08-25T10:49:22.691928Z  INFO smart_dl_daemon::serve: [bugb] os-tick alive_ms=125275 tasks_free=true
2026-08-25T10:49:22.721184Z  INFO smart_dl_daemon::bt_events: [bugb] batch START n=0 tick=243
2026-08-25T10:49:22.722100Z  INFO smart_dl_daemon::bt_events: [bugb] batch END n=0
2026-08-25T10:49:22.993071Z  INFO smart_dl_daemon::serve: [bugb] os-tick alive_ms=125576 tasks_free=true
2026-08-25T10:49:23.231517Z  INFO smart_dl_daemon::bt_events: [bugb] batch START n=0 tick=244
2026-08-25T10:49:23.233163Z  INFO smart_dl_daemon::bt_events: [bugb] batch END n=0
2026-08-25T10:49:23.294115Z  INFO smart_dl_daemon::serve: [bugb] os-tick alive_ms=125878 tasks_free=true
2026-08-25T10:49:23.595629Z  INFO smart_dl_daemon::serve: [bugb] os-tick alive_ms=126179 tasks_free=true
2026-08-25T10:49:23.743541Z  INFO smart_dl_daemon::bt_events: [bugb] batch START n=0 tick=245
2026-08-25T10:49:23.744439Z  INFO smart_dl_daemon::bt_events: [bugb] batch END n=0
2026-08-25T10:49:23.897052Z  INFO smart_dl_daemon::serve: [bugb] os-tick alive_ms=126480 tasks_free=true
2026-08-25T10:49:24.120712Z  INFO smart_dl_daemon::serve: [bugb] watchdog alive uptime_ms=126704
2026-08-25T10:49:24.198393Z  INFO smart_dl_daemon::serve: [bugb] os-tick alive_ms=126782 tasks_free=true
2026-08-25T10:49:24.254195Z  INFO smart_dl_daemon::bt_events: [bugb] batch START n=0 tick=246
2026-08-25T10:49:24.254781Z  INFO smart_dl_daemon::bt_events: [bugb] batch END n=0
2026-08-25T10:49:24.499093Z  INFO smart_dl_daemon::serve: [bugb] os-tick alive_ms=127083 tasks_free=true
2026-08-25T10:49:24.765858Z  INFO smart_dl_daemon::bt_events: [bugb] batch START n=0 tick=247
2026-08-25T10:49:24.766512Z  INFO smart_dl_daemon::bt_events: [bugb] batch END n=0
2026-08-25T10:49:24.799758Z  INFO smart_dl_daemon::serve: [bugb] os-tick alive_ms=127383 tasks_free=true
2026-08-25T10:49:25.100798Z  INFO smart_dl_daemon::serve: [bugb] os-tick alive_ms=127684 tasks_free=true
2026-08-25T10:49:25.275017Z  INFO smart_dl_daemon::bt_events: [bugb] batch START n=0 tick=248
2026-08-25T10:49:25.275996Z  INFO smart_dl_daemon::bt_events: [bugb] batch END n=0
2026-08-25T10:49:25.402038Z  INFO smart_dl_daemon::serve: [bugb] os-tick alive_ms=127985 tasks_free=true
2026-08-25T10:49:25.703130Z  INFO smart_dl_daemon::serve: [bugb] os-tick alive_ms=128287 tasks_free=true
2026-08-25T10:49:25.781874Z  INFO smart_dl_daemon::bt_events: [bugb] batch START n=0 tick=249
2026-08-25T10:49:25.782775Z  INFO smart_dl_daemon::bt_events: [bugb] batch END n=0
2026-08-25T10:49:26.004210Z  INFO smart_dl_daemon::serve: [bugb] os-tick alive_ms=128588 tasks_free=true
2026-08-25T10:49:26.127095Z  INFO smart_dl_daemon::serve: [bugb] watchdog alive uptime_ms=128711
2026-08-25T10:49:26.293823Z  INFO smart_dl_daemon::bt_events: [bugb] batch START n=0 tick=250
2026-08-25T10:49:26.294419Z  INFO smart_dl_daemon::bt_events: [bugb] batch END n=0
2026-08-25T10:49:26.305430Z  INFO smart_dl_daemon::serve: [bugb] os-tick alive_ms=128889 tasks_free=true
2026-08-25T10:49:26.606379Z  INFO smart_dl_daemon::serve: [bugb] os-tick alive_ms=129190 tasks_free=true
2026-08-25T10:49:26.807334Z  INFO smart_dl_daemon::bt_events: [bugb] batch START n=0 tick=251
2026-08-25T10:49:26.808385Z  INFO smart_dl_daemon::bt_events: [bugb] batch END n=0
2026-08-25T10:49:26.907993Z  INFO smart_dl_daemon::serve: [bugb] os-tick alive_ms=129491 tasks_free=true
2026-08-25T10:49:27.209585Z  INFO smart_dl_daemon::serve: [bugb] os-tick alive_ms=129793 tasks_free=true
2026-08-25T10:49:27.314162Z  INFO smart_dl_daemon::bt_events: [bugb] batch START n=0 tick=252
2026-08-25T10:49:27.315235Z  INFO smart_dl_daemon::bt_events: [bugb] batch END n=0
2026-08-25T10:49:27.511394Z  INFO smart_dl_daemon::serve: [bugb] os-tick alive_ms=130095 tasks_free=true
2026-08-25T10:49:27.812548Z  INFO smart_dl_daemon::serve: [bugb] os-tick alive_ms=130396 tasks_free=true
2026-08-25T10:49:27.820021Z  INFO smart_dl_daemon::bt_events: [bugb] batch START n=0 tick=253
2026-08-25T10:49:27.820860Z  INFO smart_dl_daemon::bt_events: [bugb] batch END n=0
2026-08-25T10:49:28.113969Z  INFO smart_dl_daemon::serve: [bugb] os-tick alive_ms=130697 tasks_free=true
2026-08-25T10:49:28.130840Z  INFO smart_dl_daemon::serve: [bugb] watchdog alive uptime_ms=130714
2026-08-25T10:49:28.323197Z  INFO smart_dl_daemon::bt_events: [bugb] batch START n=0 tick=254
2026-08-25T10:49:28.324174Z  INFO smart_dl_daemon::bt_events: [bugb] batch END n=0
2026-08-25T10:49:28.415043Z  INFO smart_dl_daemon::serve: [bugb] os-tick alive_ms=130998 tasks_free=true
2026-08-25T10:49:28.716093Z  INFO smart_dl_daemon::serve: [bugb] os-tick alive_ms=131300 tasks_free=true
2026-08-25T10:49:28.830565Z  INFO smart_dl_daemon::bt_events: [bugb] batch START n=0 tick=255
2026-08-25T10:49:28.831496Z  INFO smart_dl_daemon::bt_events: [bugb] batch END n=0
2026-08-25T10:49:29.017289Z  INFO smart_dl_daemon::serve: [bugb] os-tick alive_ms=131601 tasks_free=true
2026-08-25T10:49:29.318708Z  INFO smart_dl_daemon::serve: [bugb] os-tick alive_ms=131902 tasks_free=true
2026-08-25T10:49:29.340294Z  INFO smart_dl_daemon::bt_events: [bugb] batch START n=0 tick=256
2026-08-25T10:49:29.341239Z  INFO smart_dl_daemon::bt_events: [bugb] batch END n=0
2026-08-25T10:49:29.619782Z  INFO smart_dl_daemon::serve: [bugb] os-tick alive_ms=132203 tasks_free=true
2026-08-25T10:49:29.855607Z  INFO smart_dl_daemon::bt_events: [bugb] batch START n=0 tick=257
2026-08-25T10:49:29.856262Z  INFO smart_dl_daemon::bt_events: [bugb] batch END n=0
2026-08-25T10:49:29.921384Z  INFO smart_dl_daemon::serve: [bugb] os-tick alive_ms=132505 tasks_free=true
2026-08-25T10:49:30.135317Z  INFO smart_dl_daemon::serve: [bugb] watchdog alive uptime_ms=132719
2026-08-25T10:49:30.222250Z  INFO smart_dl_daemon::serve: [bugb] os-tick alive_ms=132806 tasks_free=true
2026-08-25T10:49:30.362748Z  INFO smart_dl_daemon::bt_events: [bugb] batch START n=0 tick=258
2026-08-25T10:49:30.363305Z  INFO smart_dl_daemon::bt_events: [bugb] batch END n=0
2026-08-25T10:49:30.524049Z  INFO smart_dl_daemon::serve: [bugb] os-tick alive_ms=133107 tasks_free=true
2026-08-25T10:49:30.825319Z  INFO smart_dl_daemon::serve: [bugb] os-tick alive_ms=133409 tasks_free=true
2026-08-25T10:49:30.873056Z  INFO smart_dl_daemon::bt_events: [bugb] batch START n=0 tick=259
2026-08-25T10:49:30.874002Z  INFO smart_dl_daemon::bt_events: [bugb] batch END n=0
2026-08-25T10:49:31.126668Z  INFO smart_dl_daemon::serve: [bugb] os-tick alive_ms=133710 tasks_free=true
2026-08-25T10:49:31.383693Z  INFO smart_dl_daemon::bt_events: [bugb] batch START n=0 tick=260
2026-08-25T10:49:31.385066Z  INFO smart_dl_daemon::bt_events: [bugb] batch END n=0
2026-08-25T10:49:31.427558Z  INFO smart_dl_daemon::serve: [bugb] os-tick alive_ms=134011 tasks_free=true
2026-08-25T10:49:31.728890Z  INFO smart_dl_daemon::serve: [bugb] os-tick alive_ms=134312 tasks_free=true
2026-08-25T10:49:31.887302Z  INFO smart_dl_daemon::bt_events: [bugb] alert-loop alive ticks=261 batch=0
2026-08-25T10:49:31.888446Z  INFO smart_dl_daemon::bt_events: [bugb] batch START n=0 tick=261
2026-08-25T10:49:31.888929Z  INFO smart_dl_daemon::bt_events: [bugb] batch END n=0
2026-08-25T10:49:32.030562Z  INFO smart_dl_daemon::serve: [bugb] os-tick alive_ms=134614 tasks_free=true
2026-08-25T10:49:32.147742Z  INFO smart_dl_daemon::serve: [bugb] watchdog alive uptime_ms=134731
2026-08-25T10:49:32.331683Z  INFO smart_dl_daemon::serve: [bugb] os-tick alive_ms=134915 tasks_free=true
2026-08-25T10:49:32.395939Z  INFO smart_dl_daemon::bt_events: [bugb] batch START n=0 tick=262
2026-08-25T10:49:32.396920Z  INFO smart_dl_daemon::bt_events: [bugb] batch END n=0
2026-08-25T10:49:32.633121Z  INFO smart_dl_daemon::serve: [bugb] os-tick alive_ms=135217 tasks_free=true
2026-08-25T10:49:32.906963Z  INFO smart_dl_daemon::bt_events: [bugb] batch START n=0 tick=263
2026-08-25T10:49:32.908108Z  INFO smart_dl_daemon::bt_events: [bugb] batch END n=0
2026-08-25T10:49:32.934720Z  INFO smart_dl_daemon::serve: [bugb] os-tick alive_ms=135518 tasks_free=true
2026-08-25T10:49:33.236297Z  INFO smart_dl_daemon::serve: [bugb] os-tick alive_ms=135820 tasks_free=true
2026-08-25T10:49:33.418497Z  INFO smart_dl_daemon::bt_events: [bugb] batch START n=0 tick=264
2026-08-25T10:49:33.420595Z  INFO smart_dl_daemon::bt_events: [bugb] batch END n=0
2026-08-25T10:49:33.538025Z  INFO smart_dl_daemon::serve: [bugb] os-tick alive_ms=136121 tasks_free=true
2026-08-25T10:49:33.839264Z  INFO smart_dl_daemon::serve: [bugb] os-tick alive_ms=136423 tasks_free=true
2026-08-25T10:49:33.926322Z  INFO smart_dl_daemon::bt_events: [bugb] batch START n=0 tick=265
2026-08-25T10:49:33.927427Z  INFO smart_dl_daemon::bt_events: [bugb] batch END n=0
2026-08-25T10:49:34.141190Z  INFO smart_dl_daemon::serve: [bugb] os-tick alive_ms=136725 tasks_free=true
2026-08-25T10:49:34.161457Z  INFO smart_dl_daemon::serve: [bugb] watchdog alive uptime_ms=136745
2026-08-25T10:49:34.432948Z  INFO smart_dl_daemon::bt_events: [bugb] batch START n=0 tick=266
2026-08-25T10:49:34.433927Z  INFO smart_dl_daemon::bt_events: [bugb] batch END n=0
2026-08-25T10:49:34.443069Z  INFO smart_dl_daemon::serve: [bugb] os-tick alive_ms=137026 tasks_free=true
2026-08-25T10:49:34.743984Z  INFO smart_dl_daemon::serve: [bugb] os-tick alive_ms=137327 tasks_free=true
2026-08-25T10:49:34.943666Z  INFO smart_dl_daemon::bt_events: [bugb] batch START n=0 tick=267
2026-08-25T10:49:34.944721Z  INFO smart_dl_daemon::bt_events: [bugb] batch END n=0
2026-08-25T10:49:35.044670Z  INFO smart_dl_daemon::serve: [bugb] os-tick alive_ms=137628 tasks_free=true
2026-08-25T10:49:35.346053Z  INFO smart_dl_daemon::serve: [bugb] os-tick alive_ms=137929 tasks_free=true
2026-08-25T10:49:35.447720Z  INFO smart_dl_daemon::bt_events: [bugb] batch START n=0 tick=268
2026-08-25T10:49:35.448645Z  INFO smart_dl_daemon::bt_events: [bugb] batch END n=0
2026-08-25T10:49:35.647433Z  INFO smart_dl_daemon::serve: [bugb] os-tick alive_ms=138231 tasks_free=true
2026-08-25T10:49:35.955703Z  INFO smart_dl_daemon::serve: [bugb] os-tick alive_ms=138539 tasks_free=true
2026-08-25T10:49:35.959481Z  INFO smart_dl_daemon::bt_events: [bugb] batch START n=0 tick=269
2026-08-25T10:49:35.959980Z  INFO smart_dl_daemon::bt_events: [bugb] batch END n=0
2026-08-25T10:49:36.175794Z  INFO smart_dl_daemon::serve: [bugb] watchdog alive uptime_ms=138759
2026-08-25T10:49:36.256890Z  INFO smart_dl_daemon::serve: [bugb] os-tick alive_ms=138840 tasks_free=true
2026-08-25T10:49:36.468307Z  INFO smart_dl_daemon::bt_events: [bugb] batch START n=0 tick=270
2026-08-25T10:49:36.469391Z  INFO smart_dl_daemon::bt_events: [bugb] batch END n=0
2026-08-25T10:49:36.557849Z  INFO smart_dl_daemon::serve: [bugb] os-tick alive_ms=139141 tasks_free=true
2026-08-25T10:49:36.859015Z  INFO smart_dl_daemon::serve: [bugb] os-tick alive_ms=139442 tasks_free=true
2026-08-25T10:49:36.976090Z  INFO smart_dl_daemon::bt_events: [bugb] batch START n=0 tick=271
2026-08-25T10:49:36.976953Z  INFO smart_dl_daemon::bt_events: [bugb] batch END n=0
2026-08-25T10:49:37.160850Z  INFO smart_dl_daemon::serve: [bugb] os-tick alive_ms=139744 tasks_free=true
2026-08-25T10:49:37.462215Z  INFO smart_dl_daemon::serve: [bugb] os-tick alive_ms=140046 tasks_free=true
2026-08-25T10:49:37.485937Z  INFO smart_dl_daemon::bt_events: [bugb] batch START n=0 tick=272
2026-08-25T10:49:37.486860Z  INFO smart_dl_daemon::bt_events: [bugb] batch END n=0
2026-08-25T10:49:37.763251Z  INFO smart_dl_daemon::serve: [bugb] os-tick alive_ms=140347 tasks_free=true
2026-08-25T10:49:37.997139Z  INFO smart_dl_daemon::bt_events: [bugb] batch START n=0 tick=273
2026-08-25T10:49:37.998058Z  INFO smart_dl_daemon::bt_events: [bugb] batch END n=0
2026-08-25T10:49:38.064657Z  INFO smart_dl_daemon::serve: [bugb] os-tick alive_ms=140648 tasks_free=true
2026-08-25T10:49:38.190917Z  INFO smart_dl_daemon::serve: [bugb] watchdog alive uptime_ms=140774
2026-08-25T10:49:38.365810Z  INFO smart_dl_daemon::serve: [bugb] os-tick alive_ms=140949 tasks_free=true
2026-08-25T10:49:38.512660Z  INFO smart_dl_daemon::bt_events: [bugb] batch START n=0 tick=274
2026-08-25T10:49:38.516143Z  INFO smart_dl_daemon::bt_events: [bugb] batch END n=0
2026-08-25T10:49:38.667202Z  INFO smart_dl_daemon::serve: [bugb] os-tick alive_ms=141251 tasks_free=true
2026-08-25T10:49:38.968769Z  INFO smart_dl_daemon::serve: [bugb] os-tick alive_ms=141552 tasks_free=true
2026-08-25T10:49:39.017602Z  INFO smart_dl_daemon::bt_events: [bugb] batch START n=0 tick=275
2026-08-25T10:49:39.018584Z  INFO smart_dl_daemon::bt_events: [bugb] batch END n=0
2026-08-25T10:49:39.270659Z  INFO smart_dl_daemon::serve: [bugb] os-tick alive_ms=141854 tasks_free=true
2026-08-25T10:49:39.534612Z  INFO smart_dl_daemon::bt_events: [bugb] batch START n=0 tick=276
2026-08-25T10:49:39.536409Z  INFO smart_dl_daemon::bt_events: [bugb] batch END n=0
2026-08-25T10:49:39.572659Z  INFO smart_dl_daemon::serve: [bugb] os-tick alive_ms=142156 tasks_free=true
2026-08-25T10:49:39.873542Z  INFO smart_dl_daemon::serve: [bugb] os-tick alive_ms=142457 tasks_free=true
2026-08-25T10:49:40.050258Z  INFO smart_dl_daemon::bt_events: [bugb] batch START n=0 tick=277
2026-08-25T10:49:40.051550Z  INFO smart_dl_daemon::bt_events: [bugb] batch END n=0
2026-08-25T10:49:40.174596Z  INFO smart_dl_daemon::serve: [bugb] os-tick alive_ms=142758 tasks_free=true
2026-08-25T10:49:40.200646Z  INFO smart_dl_daemon::serve: [bugb] watchdog alive uptime_ms=142784
2026-08-25T10:49:40.475766Z  INFO smart_dl_daemon::serve: [bugb] os-tick alive_ms=143059 tasks_free=true
2026-08-25T10:49:40.554690Z  INFO smart_dl_daemon::bt_events: [bugb] batch START n=0 tick=278
2026-08-25T10:49:40.555167Z  INFO smart_dl_daemon::bt_events: [bugb] batch END n=0
2026-08-25T10:49:40.777050Z  INFO smart_dl_daemon::serve: [bugb] os-tick alive_ms=143360 tasks_free=true
2026-08-25T10:49:41.061088Z  INFO smart_dl_daemon::bt_events: [bugb] batch START n=0 tick=279
2026-08-25T10:49:41.062073Z  INFO smart_dl_daemon::bt_events: [bugb] batch END n=0
2026-08-25T10:49:41.077866Z  INFO smart_dl_daemon::serve: [bugb] os-tick alive_ms=143661 tasks_free=true
2026-08-25T10:49:41.378530Z  INFO smart_dl_daemon::serve: [bugb] os-tick alive_ms=143962 tasks_free=true
2026-08-25T10:49:41.565330Z  INFO smart_dl_daemon::bt_events: [bugb] batch START n=0 tick=280
2026-08-25T10:49:41.565814Z  INFO smart_dl_daemon::bt_events: [bugb] batch END n=0
2026-08-25T10:49:41.679677Z  INFO smart_dl_daemon::serve: [bugb] os-tick alive_ms=144263 tasks_free=true
2026-08-25T10:49:41.981275Z  INFO smart_dl_daemon::serve: [bugb] os-tick alive_ms=144565 tasks_free=true
2026-08-25T10:49:42.078651Z  INFO smart_dl_daemon::bt_events: [bugb] alert-loop alive ticks=281 batch=0
2026-08-25T10:49:42.079613Z  INFO smart_dl_daemon::bt_events: [bugb] batch START n=0 tick=281
2026-08-25T10:49:42.079972Z  INFO smart_dl_daemon::bt_events: [bugb] batch END n=0
2026-08-25T10:49:42.204885Z  INFO smart_dl_daemon::serve: [bugb] watchdog alive uptime_ms=144788
2026-08-25T10:49:42.282900Z  INFO smart_dl_daemon::serve: [bugb] os-tick alive_ms=144866 tasks_free=true
2026-08-25T10:49:42.583132Z  INFO smart_dl_daemon::bt_events: [bugb] batch START n=0 tick=282
2026-08-25T10:49:42.584111Z  INFO smart_dl_daemon::serve: [bugb] os-tick alive_ms=145168 tasks_free=true
2026-08-25T10:49:42.710386Z  INFO smart_dl_daemon::bt_events: [bugb] batch END n=0
2026-08-25T10:49:43.012452Z  INFO smart_dl_daemon::serve: [bugb] os-tick alive_ms=145596 tasks_free=true
2026-08-25T10:49:43.227479Z  INFO smart_dl_daemon::bt_events: [bugb] batch START n=0 tick=283
2026-08-25T10:49:43.228477Z  INFO smart_dl_daemon::bt_events: [bugb] batch END n=0
2026-08-25T10:49:43.313473Z  INFO smart_dl_daemon::serve: [bugb] os-tick alive_ms=145897 tasks_free=true
2026-08-25T10:49:43.614650Z  INFO smart_dl_daemon::serve: [bugb] os-tick alive_ms=146198 tasks_free=true
2026-08-25T10:49:43.739494Z  INFO smart_dl_daemon::bt_events: [bugb] batch START n=0 tick=284
2026-08-25T10:49:43.740399Z  INFO smart_dl_daemon::bt_events: [bugb] batch END n=0
2026-08-25T10:49:43.915960Z  INFO smart_dl_daemon::serve: [bugb] os-tick alive_ms=146499 tasks_free=true
2026-08-25T10:49:44.210328Z  INFO smart_dl_daemon::serve: [bugb] watchdog alive uptime_ms=146794
2026-08-25T10:49:44.217853Z  INFO smart_dl_daemon::serve: [bugb] os-tick alive_ms=146801 tasks_free=true
2026-08-25T10:49:44.245373Z  INFO smart_dl_daemon::bt_events: [bugb] batch START n=0 tick=285
2026-08-25T10:49:44.246609Z  INFO smart_dl_daemon::bt_events: [bugb] batch END n=0
2026-08-25T10:49:44.521138Z  INFO smart_dl_daemon::serve: [bugb] os-tick alive_ms=147105 tasks_free=true
2026-08-25T10:49:44.750729Z  INFO smart_dl_daemon::bt_events: [bugb] batch START n=0 tick=286
2026-08-25T10:49:44.751757Z  INFO smart_dl_daemon::bt_events: [bugb] batch END n=0
2026-08-25T10:49:44.822684Z  INFO smart_dl_daemon::serve: [bugb] os-tick alive_ms=147406 tasks_free=true
2026-08-25T10:49:45.123783Z  INFO smart_dl_daemon::serve: [bugb] os-tick alive_ms=147707 tasks_free=true
2026-08-25T10:49:45.257910Z  INFO smart_dl_daemon::bt_events: [bugb] batch START n=0 tick=287
2026-08-25T10:49:45.279994Z  INFO smart_dl_daemon::bt_events: [bugb] batch END n=0
2026-08-25T10:49:45.425191Z  INFO smart_dl_daemon::serve: [bugb] os-tick alive_ms=148009 tasks_free=true
2026-08-25T10:49:45.727117Z  INFO smart_dl_daemon::serve: [bugb] os-tick alive_ms=148311 tasks_free=true
2026-08-25T10:49:45.787992Z  INFO smart_dl_daemon::bt_events: [bugb] batch START n=0 tick=288
2026-08-25T10:49:45.789037Z  INFO smart_dl_daemon::bt_events: [bugb] batch END n=0
2026-08-25T10:49:46.028304Z  INFO smart_dl_daemon::serve: [bugb] os-tick alive_ms=148612 tasks_free=true
2026-08-25T10:49:46.221383Z  INFO smart_dl_daemon::serve: [bugb] watchdog alive uptime_ms=148805
2026-08-25T10:49:46.303039Z  INFO smart_dl_daemon::bt_events: [bugb] batch START n=0 tick=289
2026-08-25T10:49:46.304145Z  INFO smart_dl_daemon::bt_events: [bugb] batch END n=0
2026-08-25T10:49:46.329734Z  INFO smart_dl_daemon::serve: [bugb] os-tick alive_ms=148913 tasks_free=true
2026-08-25T10:49:46.630840Z  INFO smart_dl_daemon::serve: [bugb] os-tick alive_ms=149214 tasks_free=true
2026-08-25T10:49:46.809500Z  INFO smart_dl_daemon::bt_events: [bugb] batch START n=0 tick=290
2026-08-25T10:49:46.810483Z  INFO smart_dl_daemon::bt_events: [bugb] batch END n=0
2026-08-25T10:49:46.932247Z  INFO smart_dl_daemon::serve: [bugb] os-tick alive_ms=149516 tasks_free=true
2026-08-25T10:49:47.234172Z  INFO smart_dl_daemon::serve: [bugb] os-tick alive_ms=149818 tasks_free=true
2026-08-25T10:49:47.313065Z  INFO smart_dl_daemon::bt_events: [bugb] batch START n=0 tick=291
2026-08-25T10:49:47.313900Z  INFO smart_dl_daemon::bt_events: [bugb] batch END n=0
2026-08-25T10:49:47.535491Z  INFO smart_dl_daemon::serve: [bugb] os-tick alive_ms=150119 tasks_free=true
2026-08-25T10:49:47.824530Z  INFO smart_dl_daemon::bt_events: [bugb] batch START n=0 tick=292
2026-08-25T10:49:47.825694Z  INFO smart_dl_daemon::bt_events: [bugb] batch END n=0
2026-08-25T10:49:47.837251Z  INFO smart_dl_daemon::serve: [bugb] os-tick alive_ms=150421 tasks_free=true
2026-08-25T10:49:48.138708Z  INFO smart_dl_daemon::serve: [bugb] os-tick alive_ms=150722 tasks_free=true
2026-08-25T10:49:48.224729Z  INFO smart_dl_daemon::serve: [bugb] watchdog alive uptime_ms=150808
2026-08-25T10:49:48.332057Z  INFO smart_dl_daemon::bt_events: [bugb] batch START n=0 tick=293
2026-08-25T10:49:48.333088Z  INFO smart_dl_daemon::bt_events: [bugb] batch END n=0
2026-08-25T10:49:48.440409Z  INFO smart_dl_daemon::serve: [bugb] os-tick alive_ms=151024 tasks_free=true
2026-08-25T10:49:48.741819Z  INFO smart_dl_daemon::serve: [bugb] os-tick alive_ms=151325 tasks_free=true
2026-08-25T10:49:48.836002Z  INFO smart_dl_daemon::bt_events: [bugb] batch START n=0 tick=294
2026-08-25T10:49:48.837070Z  INFO smart_dl_daemon::bt_events: [bugb] batch END n=0
2026-08-25T10:49:49.043470Z  INFO smart_dl_daemon::serve: [bugb] os-tick alive_ms=151627 tasks_free=true
2026-08-25T10:49:49.345058Z  INFO smart_dl_daemon::serve: [bugb] os-tick alive_ms=151928 tasks_free=true
2026-08-25T10:49:49.348024Z  INFO smart_dl_daemon::bt_events: [bugb] batch START n=0 tick=295
2026-08-25T10:49:49.348609Z  INFO smart_dl_daemon::bt_events: [bugb] batch END n=0
2026-08-25T10:49:49.646140Z  INFO smart_dl_daemon::serve: [bugb] os-tick alive_ms=152230 tasks_free=true
2026-08-25T10:49:49.858629Z  INFO smart_dl_daemon::bt_events: [bugb] batch START n=0 tick=296
2026-08-25T10:49:49.859758Z  INFO smart_dl_daemon::bt_events: [bugb] batch END n=0
2026-08-25T10:49:49.947581Z  INFO smart_dl_daemon::serve: [bugb] os-tick alive_ms=152531 tasks_free=true
2026-08-25T10:49:50.231043Z  INFO smart_dl_daemon::serve: [bugb] watchdog alive uptime_ms=152814
2026-08-25T10:49:50.249390Z  INFO smart_dl_daemon::serve: [bugb] os-tick alive_ms=152833 tasks_free=true
2026-08-25T10:49:50.368886Z  INFO smart_dl_daemon::bt_events: [bugb] batch START n=0 tick=297
2026-08-25T10:49:50.369692Z  INFO smart_dl_daemon::bt_events: [bugb] batch END n=0
2026-08-25T10:49:50.551200Z  INFO smart_dl_daemon::serve: [bugb] os-tick alive_ms=153135 tasks_free=true
2026-08-25T10:49:50.852666Z  INFO smart_dl_daemon::serve: [bugb] os-tick alive_ms=153436 tasks_free=true
2026-08-25T10:49:50.878025Z  INFO smart_dl_daemon::bt_events: [bugb] batch START n=0 tick=298
2026-08-25T10:49:50.879172Z  INFO smart_dl_daemon::bt_events: [bugb] batch END n=0
2026-08-25T10:49:51.153972Z  INFO smart_dl_daemon::serve: [bugb] os-tick alive_ms=153737 tasks_free=true
2026-08-25T10:49:51.385589Z  INFO smart_dl_daemon::bt_events: [bugb] batch START n=0 tick=299
2026-08-25T10:49:51.387100Z  INFO smart_dl_daemon::bt_events: [bugb] batch END n=0
2026-08-25T10:49:51.455209Z  INFO smart_dl_daemon::serve: [bugb] os-tick alive_ms=154039 tasks_free=true
2026-08-25T10:49:51.756794Z  INFO smart_dl_daemon::serve: [bugb] os-tick alive_ms=154340 tasks_free=true
2026-08-25T10:49:51.896958Z  INFO smart_dl_daemon::bt_events: [bugb] batch START n=0 tick=300
2026-08-25T10:49:51.898377Z  INFO smart_dl_daemon::bt_events: [bugb] batch END n=0
2026-08-25T10:49:52.058506Z  INFO smart_dl_daemon::serve: [bugb] os-tick alive_ms=154642 tasks_free=true
2026-08-25T10:49:52.234712Z  INFO smart_dl_daemon::serve: [bugb] watchdog alive uptime_ms=154818
2026-08-25T10:49:52.359921Z  INFO smart_dl_daemon::serve: [bugb] os-tick alive_ms=154943 tasks_free=true
2026-08-25T10:49:52.406097Z  INFO smart_dl_daemon::bt_events: [bugb] alert-loop alive ticks=301 batch=0
2026-08-25T10:49:52.407114Z  INFO smart_dl_daemon::bt_events: [bugb] batch START n=0 tick=301
2026-08-25T10:49:52.407556Z  INFO smart_dl_daemon::bt_events: [bugb] batch END n=0
2026-08-25T10:49:52.661871Z  INFO smart_dl_daemon::serve: [bugb] os-tick alive_ms=155245 tasks_free=true
2026-08-25T10:49:52.909978Z  INFO smart_dl_daemon::bt_events: [bugb] batch START n=0 tick=302
2026-08-25T10:49:52.911109Z  INFO smart_dl_daemon::bt_events: [bugb] batch END n=0
2026-08-25T10:49:52.963381Z  INFO smart_dl_daemon::serve: [bugb] os-tick alive_ms=155547 tasks_free=true
2026-08-25T10:49:53.264842Z  INFO smart_dl_daemon::serve: [bugb] os-tick alive_ms=155848 tasks_free=true
2026-08-25T10:49:53.413016Z  INFO smart_dl_daemon::bt_events: [bugb] batch START n=0 tick=303
2026-08-25T10:49:53.414551Z  INFO smart_dl_daemon::bt_events: [bugb] batch END n=0
2026-08-25T10:49:53.566504Z  INFO smart_dl_daemon::serve: [bugb] os-tick alive_ms=156150 tasks_free=true
2026-08-25T10:49:53.868766Z  INFO smart_dl_daemon::serve: [bugb] os-tick alive_ms=156452 tasks_free=true
2026-08-25T10:49:53.921475Z  INFO smart_dl_daemon::bt_events: [bugb] batch START n=0 tick=304
2026-08-25T10:49:53.922507Z  INFO smart_dl_daemon::bt_events: [bugb] batch END n=0
2026-08-25T10:49:54.170950Z  INFO smart_dl_daemon::serve: [bugb] os-tick alive_ms=156754 tasks_free=true
2026-08-25T10:49:54.245466Z  INFO smart_dl_daemon::serve: [bugb] watchdog alive uptime_ms=156829
2026-08-25T10:49:54.428591Z  INFO smart_dl_daemon::bt_events: [bugb] batch START n=0 tick=305
2026-08-25T10:49:54.429875Z  INFO smart_dl_daemon::bt_events: [bugb] batch END n=0
2026-08-25T10:49:54.472955Z  INFO smart_dl_daemon::serve: [bugb] os-tick alive_ms=157056 tasks_free=true
2026-08-25T10:49:54.774028Z  INFO smart_dl_daemon::serve: [bugb] os-tick alive_ms=157357 tasks_free=true
2026-08-25T10:49:54.933878Z  INFO smart_dl_daemon::bt_events: [bugb] batch START n=0 tick=306
2026-08-25T10:49:54.934982Z  INFO smart_dl_daemon::bt_events: [bugb] batch END n=0
2026-08-25T10:49:55.075921Z  INFO smart_dl_daemon::serve: [bugb] os-tick alive_ms=157659 tasks_free=true
2026-08-25T10:49:55.377760Z  INFO smart_dl_daemon::serve: [bugb] os-tick alive_ms=157961 tasks_free=true
2026-08-25T10:49:55.437371Z  INFO smart_dl_daemon::bt_events: [bugb] batch START n=0 tick=307
2026-08-25T10:49:55.438410Z  INFO smart_dl_daemon::bt_events: [bugb] batch END n=0
2026-08-25T10:49:55.679020Z  INFO smart_dl_daemon::serve: [bugb] os-tick alive_ms=158262 tasks_free=true
2026-08-25T10:49:55.942735Z  INFO smart_dl_daemon::bt_events: [bugb] batch START n=0 tick=308
2026-08-25T10:49:55.944813Z  INFO smart_dl_daemon::bt_events: [bugb] batch END n=0
2026-08-25T10:49:55.980397Z  INFO smart_dl_daemon::serve: [bugb] os-tick alive_ms=158564 tasks_free=true
2026-08-25T10:49:56.249555Z  INFO smart_dl_daemon::serve: [bugb] watchdog alive uptime_ms=158833
2026-08-25T10:49:56.281762Z  INFO smart_dl_daemon::serve: [bugb] os-tick alive_ms=158865 tasks_free=true
2026-08-25T10:49:56.457113Z  INFO smart_dl_daemon::bt_events: [bugb] batch START n=0 tick=309
2026-08-25T10:49:56.458980Z  INFO smart_dl_daemon::bt_events: [bugb] batch END n=0
2026-08-25T10:49:56.583149Z  INFO smart_dl_daemon::serve: [bugb] os-tick alive_ms=159167 tasks_free=true
2026-08-25T10:49:56.884446Z  INFO smart_dl_daemon::serve: [bugb] os-tick alive_ms=159468 tasks_free=true
2026-08-25T10:49:56.971972Z  INFO smart_dl_daemon::bt_events: [bugb] batch START n=0 tick=310
2026-08-25T10:49:56.973109Z  INFO smart_dl_daemon::bt_events: [bugb] batch END n=0
2026-08-25T10:49:57.185764Z  INFO smart_dl_daemon::serve: [bugb] os-tick alive_ms=159769 tasks_free=true
2026-08-25T10:49:57.476934Z  INFO smart_dl_daemon::bt_events: [bugb] batch START n=0 tick=311
2026-08-25T10:49:57.478448Z  INFO smart_dl_daemon::bt_events: [bugb] batch END n=0
2026-08-25T10:49:57.487331Z  INFO smart_dl_daemon::serve: [bugb] os-tick alive_ms=160071 tasks_free=true
2026-08-25T10:49:57.789790Z  INFO smart_dl_daemon::serve: [bugb] os-tick alive_ms=160373 tasks_free=true
2026-08-25T10:49:57.990933Z  INFO smart_dl_daemon::bt_events: [bugb] batch START n=0 tick=312
2026-08-25T10:49:57.992779Z  INFO smart_dl_daemon::bt_events: [bugb] batch END n=0
2026-08-25T10:49:58.091998Z  INFO smart_dl_daemon::serve: [bugb] os-tick alive_ms=160675 tasks_free=true
2026-08-25T10:49:58.259952Z  INFO smart_dl_daemon::serve: [bugb] watchdog alive uptime_ms=160843
2026-08-25T10:49:58.393579Z  INFO smart_dl_daemon::serve: [bugb] os-tick alive_ms=160977 tasks_free=true
2026-08-25T10:49:58.498126Z  INFO smart_dl_daemon::bt_events: [bugb] batch START n=0 tick=313
2026-08-25T10:49:58.499304Z  INFO smart_dl_daemon::bt_events: [bugb] batch END n=0
2026-08-25T10:49:58.695322Z  INFO smart_dl_daemon::serve: [bugb] os-tick alive_ms=161279 tasks_free=true
2026-08-25T10:49:58.997470Z  INFO smart_dl_daemon::serve: [bugb] os-tick alive_ms=161581 tasks_free=true
2026-08-25T10:49:59.002312Z  INFO smart_dl_daemon::bt_events: [bugb] batch START n=0 tick=314
2026-08-25T10:49:59.002929Z  INFO smart_dl_daemon::bt_events: [bugb] batch END n=0
2026-08-25T10:49:59.298535Z  INFO smart_dl_daemon::serve: [bugb] os-tick alive_ms=161882 tasks_free=true
2026-08-25T10:49:59.514007Z  INFO smart_dl_daemon::bt_events: [bugb] batch START n=0 tick=315
2026-08-25T10:49:59.514605Z  INFO smart_dl_daemon::bt_events: [bugb] batch END n=0
2026-08-25T10:49:59.599959Z  INFO smart_dl_daemon::serve: [bugb] os-tick alive_ms=162183 tasks_free=true
2026-08-25T10:49:59.902012Z  INFO smart_dl_daemon::serve: [bugb] os-tick alive_ms=162485 tasks_free=true
2026-08-25T10:50:00.025823Z  INFO smart_dl_daemon::bt_events: [bugb] batch START n=0 tick=316
2026-08-25T10:50:00.026918Z  INFO smart_dl_daemon::bt_events: [bugb] batch END n=0
2026-08-25T10:50:00.203504Z  INFO smart_dl_daemon::serve: [bugb] os-tick alive_ms=162787 tasks_free=true
2026-08-25T10:50:00.263591Z  INFO smart_dl_daemon::serve: [bugb] watchdog alive uptime_ms=162847
2026-08-25T10:50:00.504921Z  INFO smart_dl_daemon::serve: [bugb] os-tick alive_ms=163088 tasks_free=true
2026-08-25T10:50:00.534691Z  INFO smart_dl_daemon::bt_events: [bugb] batch START n=0 tick=317
2026-08-25T10:50:00.535665Z  INFO smart_dl_daemon::bt_events: [bugb] batch END n=0
2026-08-25T10:50:00.806590Z  INFO smart_dl_daemon::serve: [bugb] os-tick alive_ms=163390 tasks_free=true
2026-08-25T10:50:01.041792Z  INFO smart_dl_daemon::bt_events: [bugb] batch START n=0 tick=318
2026-08-25T10:50:01.042874Z  INFO smart_dl_daemon::bt_events: [bugb] batch END n=0
2026-08-25T10:50:01.108004Z  INFO smart_dl_daemon::serve: [bugb] os-tick alive_ms=163691 tasks_free=true
2026-08-25T10:50:01.409645Z  INFO smart_dl_daemon::serve: [bugb] os-tick alive_ms=163993 tasks_free=true
2026-08-25T10:50:01.557258Z  INFO smart_dl_daemon::bt_events: [bugb] batch START n=0 tick=319
2026-08-25T10:50:01.558480Z  INFO smart_dl_daemon::bt_events: [bugb] batch END n=0
2026-08-25T10:50:01.710813Z  INFO smart_dl_daemon::serve: [bugb] os-tick alive_ms=164294 tasks_free=true
2026-08-25T10:50:02.012620Z  INFO smart_dl_daemon::serve: [bugb] os-tick alive_ms=164596 tasks_free=true
2026-08-25T10:50:02.070463Z  INFO smart_dl_daemon::bt_events: [bugb] batch START n=0 tick=320
2026-08-25T10:50:02.071646Z  INFO smart_dl_daemon::bt_events: [bugb] batch END n=0
2026-08-25T10:50:02.281805Z  INFO smart_dl_daemon::serve: [bugb] watchdog alive uptime_ms=164865
2026-08-25T10:50:02.314021Z  INFO smart_dl_daemon::serve: [bugb] os-tick alive_ms=164897 tasks_free=true
2026-08-25T10:50:02.579859Z  INFO smart_dl_daemon::bt_events: [bugb] alert-loop alive ticks=321 batch=0
2026-08-25T10:50:02.580931Z  INFO smart_dl_daemon::bt_events: [bugb] batch START n=0 tick=321
2026-08-25T10:50:02.581299Z  INFO smart_dl_daemon::bt_events: [bugb] batch END n=0
2026-08-25T10:50:02.614858Z  INFO smart_dl_daemon::serve: [bugb] os-tick alive_ms=165198 tasks_free=true
2026-08-25T10:50:02.916030Z  INFO smart_dl_daemon::serve: [bugb] os-tick alive_ms=165499 tasks_free=true
2026-08-25T10:50:03.089226Z  INFO smart_dl_daemon::bt_events: [bugb] batch START n=0 tick=322
2026-08-25T10:50:03.090419Z  INFO smart_dl_daemon::bt_events: [bugb] batch END n=0
2026-08-25T10:50:03.217399Z  INFO smart_dl_daemon::serve: [bugb] os-tick alive_ms=165801 tasks_free=true
2026-08-25T10:50:03.544480Z  INFO smart_dl_daemon::serve: [bugb] os-tick alive_ms=166128 tasks_free=true
2026-08-25T10:50:03.598501Z  INFO smart_dl_daemon::bt_events: [bugb] batch START n=0 tick=323
2026-08-25T10:50:03.599229Z  INFO smart_dl_daemon::bt_events: [bugb] batch END n=0
2026-08-25T10:50:03.845781Z  INFO smart_dl_daemon::serve: [bugb] os-tick alive_ms=166429 tasks_free=true
2026-08-25T10:50:04.110838Z  INFO smart_dl_daemon::bt_events: [bugb] batch START n=0 tick=324
2026-08-25T10:50:04.111855Z  INFO smart_dl_daemon::bt_events: [bugb] batch END n=0
2026-08-25T10:50:04.147046Z  INFO smart_dl_daemon::serve: [bugb] os-tick alive_ms=166730 tasks_free=true
2026-08-25T10:50:04.289436Z  INFO smart_dl_daemon::serve: [bugb] watchdog alive uptime_ms=166873
2026-08-25T10:50:04.448283Z  INFO smart_dl_daemon::serve: [bugb] os-tick alive_ms=167032 tasks_free=true
2026-08-25T10:50:04.623630Z  INFO smart_dl_daemon::bt_events: [bugb] batch START n=0 tick=325
2026-08-25T10:50:04.624728Z  INFO smart_dl_daemon::bt_events: [bugb] batch END n=0
2026-08-25T10:50:04.750181Z  INFO smart_dl_daemon::serve: [bugb] os-tick alive_ms=167334 tasks_free=true
2026-08-25T10:50:05.051539Z  INFO smart_dl_daemon::serve: [bugb] os-tick alive_ms=167635 tasks_free=true
2026-08-25T10:50:05.137724Z  INFO smart_dl_daemon::bt_events: [bugb] batch START n=0 tick=326
2026-08-25T10:50:05.139464Z  INFO smart_dl_daemon::bt_events: [bugb] batch END n=0
2026-08-25T10:50:05.352760Z  INFO smart_dl_daemon::serve: [bugb] os-tick alive_ms=167936 tasks_free=true
2026-08-25T10:50:05.643722Z  INFO smart_dl_daemon::bt_events: [bugb] batch START n=0 tick=327
2026-08-25T10:50:05.644609Z  INFO smart_dl_daemon::bt_events: [bugb] batch END n=0
2026-08-25T10:50:05.654183Z  INFO smart_dl_daemon::serve: [bugb] os-tick alive_ms=168238 tasks_free=true
2026-08-25T10:50:05.955438Z  INFO smart_dl_daemon::serve: [bugb] os-tick alive_ms=168539 tasks_free=true
2026-08-25T10:50:06.149084Z  INFO smart_dl_daemon::bt_events: [bugb] batch START n=0 tick=328
2026-08-25T10:50:06.150650Z  INFO smart_dl_daemon::bt_events: [bugb] batch END n=0
2026-08-25T10:50:06.256306Z  INFO smart_dl_daemon::serve: [bugb] os-tick alive_ms=168840 tasks_free=true
2026-08-25T10:50:06.300421Z  INFO smart_dl_daemon::serve: [bugb] watchdog alive uptime_ms=168884
2026-08-25T10:50:06.557531Z  INFO smart_dl_daemon::serve: [bugb] os-tick alive_ms=169141 tasks_free=true
2026-08-25T10:50:06.654538Z  INFO smart_dl_daemon::bt_events: [bugb] batch START n=0 tick=329
2026-08-25T10:50:06.655474Z  INFO smart_dl_daemon::bt_events: [bugb] batch END n=0
2026-08-25T10:50:06.858960Z  INFO smart_dl_daemon::serve: [bugb] os-tick alive_ms=169442 tasks_free=true
2026-08-25T10:50:07.159374Z  INFO smart_dl_daemon::bt_events: [bugb] batch START n=0 tick=330
2026-08-25T10:50:07.160363Z  INFO smart_dl_daemon::serve: [bugb] os-tick alive_ms=169744 tasks_free=true
2026-08-25T10:50:07.160390Z  INFO smart_dl_daemon::bt_events: [bugb] batch END n=0
2026-08-25T10:50:07.461141Z  INFO smart_dl_daemon::serve: [bugb] os-tick alive_ms=170045 tasks_free=true
2026-08-25T10:50:07.670839Z  INFO smart_dl_daemon::bt_events: [bugb] batch START n=0 tick=331
2026-08-25T10:50:07.672025Z  INFO smart_dl_daemon::bt_events: [bugb] batch END n=0
2026-08-25T10:50:07.762372Z  INFO smart_dl_daemon::serve: [bugb] os-tick alive_ms=170346 tasks_free=true
2026-08-25T10:50:08.064162Z  INFO smart_dl_daemon::serve: [bugb] os-tick alive_ms=170648 tasks_free=true
2026-08-25T10:50:08.185044Z  INFO smart_dl_daemon::bt_events: [bugb] batch START n=0 tick=332
2026-08-25T10:50:08.186026Z  INFO smart_dl_daemon::bt_events: [bugb] batch END n=0
2026-08-25T10:50:08.302229Z  INFO smart_dl_daemon::serve: [bugb] watchdog alive uptime_ms=170886
2026-08-25T10:50:08.365231Z  INFO smart_dl_daemon::serve: [bugb] os-tick alive_ms=170949 tasks_free=true
2026-08-25T10:50:08.666391Z  INFO smart_dl_daemon::serve: [bugb] os-tick alive_ms=171250 tasks_free=true
2026-08-25T10:50:08.697420Z  INFO smart_dl_daemon::bt_events: [bugb] batch START n=0 tick=333
2026-08-25T10:50:08.698505Z  INFO smart_dl_daemon::bt_events: [bugb] batch END n=0
2026-08-25T10:50:08.968932Z  INFO smart_dl_daemon::serve: [bugb] os-tick alive_ms=171552 tasks_free=true
2026-08-25T10:50:09.209987Z  INFO smart_dl_daemon::bt_events: [bugb] batch START n=0 tick=334
2026-08-25T10:50:09.211013Z  INFO smart_dl_daemon::bt_events: [bugb] batch END n=0
2026-08-25T10:50:09.270915Z  INFO smart_dl_daemon::serve: [bugb] os-tick alive_ms=171854 tasks_free=true
2026-08-25T10:50:09.593154Z  INFO smart_dl_daemon::serve: [bugb] os-tick alive_ms=172177 tasks_free=true
2026-08-25T10:50:09.724647Z  INFO smart_dl_daemon::bt_events: [bugb] batch START n=0 tick=335
2026-08-25T10:50:09.726194Z  INFO smart_dl_daemon::bt_events: [bugb] batch END n=0
2026-08-25T10:50:09.894202Z  INFO smart_dl_daemon::serve: [bugb] os-tick alive_ms=172478 tasks_free=true
2026-08-25T10:50:10.195382Z  INFO smart_dl_daemon::serve: [bugb] os-tick alive_ms=172779 tasks_free=true
2026-08-25T10:50:10.235147Z  INFO smart_dl_daemon::bt_events: [bugb] batch START n=0 tick=336
2026-08-25T10:50:10.236067Z  INFO smart_dl_daemon::bt_events: [bugb] batch END n=0
2026-08-25T10:50:10.308805Z  INFO smart_dl_daemon::serve: [bugb] watchdog alive uptime_ms=172892
2026-08-25T10:50:10.496812Z  INFO smart_dl_daemon::serve: [bugb] os-tick alive_ms=173080 tasks_free=true
2026-08-25T10:50:10.740875Z  INFO smart_dl_daemon::bt_events: [bugb] batch START n=0 tick=337
2026-08-25T10:50:10.741875Z  INFO smart_dl_daemon::bt_events: [bugb] batch END n=0
2026-08-25T10:50:10.798062Z  INFO smart_dl_daemon::serve: [bugb] os-tick alive_ms=173381 tasks_free=true
2026-08-25T10:50:11.099308Z  INFO smart_dl_daemon::serve: [bugb] os-tick alive_ms=173683 tasks_free=true
2026-08-25T10:50:11.250483Z  INFO smart_dl_daemon::bt_events: [bugb] batch START n=0 tick=338
2026-08-25T10:50:11.251474Z  INFO smart_dl_daemon::bt_events: [bugb] batch END n=0
2026-08-25T10:50:11.400638Z  INFO smart_dl_daemon::serve: [bugb] os-tick alive_ms=173984 tasks_free=true
2026-08-25T10:50:11.705119Z  INFO smart_dl_daemon::serve: [bugb] os-tick alive_ms=174289 tasks_free=true
2026-08-25T10:50:11.757495Z  INFO smart_dl_daemon::bt_events: [bugb] batch START n=0 tick=339
2026-08-25T10:50:11.758518Z  INFO smart_dl_daemon::bt_events: [bugb] batch END n=0
2026-08-25T10:50:12.006561Z  INFO smart_dl_daemon::serve: [bugb] os-tick alive_ms=174590 tasks_free=true
2026-08-25T10:50:12.269061Z  INFO smart_dl_daemon::bt_events: [bugb] batch START n=0 tick=340
2026-08-25T10:50:12.270088Z  INFO smart_dl_daemon::bt_events: [bugb] batch END n=0
2026-08-25T10:50:12.308401Z  INFO smart_dl_daemon::serve: [bugb] os-tick alive_ms=174892 tasks_free=true
2026-08-25T10:50:12.314370Z  INFO smart_dl_daemon::serve: [bugb] watchdog alive uptime_ms=174898
2026-08-25T10:50:12.610188Z  INFO smart_dl_daemon::serve: [bugb] os-tick alive_ms=175194 tasks_free=true
2026-08-25T10:50:12.770985Z  INFO smart_dl_daemon::bt_events: [bugb] alert-loop alive ticks=341 batch=0
2026-08-25T10:50:12.772958Z  INFO smart_dl_daemon::bt_events: [bugb] batch START n=0 tick=341
2026-08-25T10:50:12.773778Z  INFO smart_dl_daemon::bt_events: [bugb] batch END n=0
2026-08-25T10:50:12.912080Z  INFO smart_dl_daemon::serve: [bugb] os-tick alive_ms=175495 tasks_free=true
2026-08-25T10:50:13.213639Z  INFO smart_dl_daemon::serve: [bugb] os-tick alive_ms=175797 tasks_free=true
2026-08-25T10:50:13.285465Z  INFO smart_dl_daemon::bt_events: [bugb] batch START n=0 tick=342
2026-08-25T10:50:13.286429Z  INFO smart_dl_daemon::bt_events: [bugb] batch END n=0
2026-08-25T10:50:13.515574Z  INFO smart_dl_daemon::serve: [bugb] os-tick alive_ms=176099 tasks_free=true
2026-08-25T10:50:13.789358Z  INFO smart_dl_daemon::bt_events: [bugb] batch START n=0 tick=343
2026-08-25T10:50:13.790235Z  INFO smart_dl_daemon::bt_events: [bugb] batch END n=0
2026-08-25T10:50:13.817241Z  INFO smart_dl_daemon::serve: [bugb] os-tick alive_ms=176401 tasks_free=true
2026-08-25T10:50:14.118990Z  INFO smart_dl_daemon::serve: [bugb] os-tick alive_ms=176702 tasks_free=true
2026-08-25T10:50:14.298029Z  INFO smart_dl_daemon::bt_events: [bugb] batch START n=0 tick=344
2026-08-25T10:50:14.299237Z  INFO smart_dl_daemon::bt_events: [bugb] batch END n=0
2026-08-25T10:50:14.327015Z  INFO smart_dl_daemon::serve: [bugb] watchdog alive uptime_ms=176910
2026-08-25T10:50:14.420738Z  INFO smart_dl_daemon::serve: [bugb] os-tick alive_ms=177004 tasks_free=true
2026-08-25T10:50:14.722099Z  INFO smart_dl_daemon::serve: [bugb] os-tick alive_ms=177306 tasks_free=true
2026-08-25T10:50:14.805438Z  INFO smart_dl_daemon::bt_events: [bugb] batch START n=0 tick=345
2026-08-25T10:50:14.806519Z  INFO smart_dl_daemon::bt_events: [bugb] batch END n=0
2026-08-25T10:50:15.023418Z  INFO smart_dl_daemon::serve: [bugb] os-tick alive_ms=177607 tasks_free=true
2026-08-25T10:50:15.314832Z  INFO smart_dl_daemon::bt_events: [bugb] batch START n=0 tick=346
2026-08-25T10:50:15.315776Z  INFO smart_dl_daemon::bt_events: [bugb] batch END n=0
2026-08-25T10:50:15.529535Z  INFO smart_dl_daemon::serve: [bugb] os-tick alive_ms=178113 tasks_free=true
2026-08-25T10:50:15.822820Z  INFO smart_dl_daemon::bt_events: [bugb] batch START n=0 tick=347
2026-08-25T10:50:15.824409Z  INFO smart_dl_daemon::bt_events: [bugb] batch END n=0
2026-08-25T10:50:15.831096Z  INFO smart_dl_daemon::serve: [bugb] os-tick alive_ms=178415 tasks_free=true
2026-08-25T10:50:16.134107Z  INFO smart_dl_daemon::serve: [bugb] os-tick alive_ms=178718 tasks_free=true
2026-08-25T10:50:16.337711Z  INFO smart_dl_daemon::bt_events: [bugb] batch START n=0 tick=348
2026-08-25T10:50:16.337711Z  INFO smart_dl_daemon::serve: [bugb] watchdog alive uptime_ms=178921
2026-08-25T10:50:16.338816Z  INFO smart_dl_daemon::bt_events: [bugb] batch END n=0
2026-08-25T10:50:16.435115Z  INFO smart_dl_daemon::serve: [bugb] os-tick alive_ms=179019 tasks_free=true
2026-08-25T10:50:16.736446Z  INFO smart_dl_daemon::serve: [bugb] os-tick alive_ms=179320 tasks_free=true
2026-08-25T10:50:16.845533Z  INFO smart_dl_daemon::bt_events: [bugb] batch START n=0 tick=349
2026-08-25T10:50:16.847140Z  INFO smart_dl_daemon::bt_events: [bugb] batch END n=0
2026-08-25T10:50:17.038654Z  INFO smart_dl_daemon::serve: [bugb] os-tick alive_ms=179622 tasks_free=true
2026-08-25T10:50:17.340681Z  INFO smart_dl_daemon::serve: [bugb] os-tick alive_ms=179924 tasks_free=true
2026-08-25T10:50:17.355623Z  INFO smart_dl_daemon::bt_events: [bugb] batch START n=0 tick=350
2026-08-25T10:50:17.357430Z  INFO smart_dl_daemon::bt_events: [bugb] batch END n=0
2026-08-25T10:50:17.643064Z  INFO smart_dl_daemon::serve: [bugb] os-tick alive_ms=180226 tasks_free=true
2026-08-25T10:50:17.869198Z  INFO smart_dl_daemon::bt_events: [bugb] batch START n=0 tick=351
2026-08-25T10:50:17.870162Z  INFO smart_dl_daemon::bt_events: [bugb] batch END n=0
2026-08-25T10:50:17.944930Z  INFO smart_dl_daemon::serve: [bugb] os-tick alive_ms=180528 tasks_free=true
2026-08-25T10:50:18.246993Z  INFO smart_dl_daemon::serve: [bugb] os-tick alive_ms=180830 tasks_free=true
2026-08-25T10:50:18.349208Z  INFO smart_dl_daemon::serve: [bugb] watchdog alive uptime_ms=180933
2026-08-25T10:50:18.375904Z  INFO smart_dl_daemon::bt_events: [bugb] batch START n=0 tick=352
2026-08-25T10:50:18.376839Z  INFO smart_dl_daemon::bt_events: [bugb] batch END n=0
2026-08-25T10:50:18.548484Z  INFO smart_dl_daemon::serve: [bugb] os-tick alive_ms=181132 tasks_free=true
2026-08-25T10:50:18.857413Z  INFO smart_dl_daemon::serve: [bugb] os-tick alive_ms=181441 tasks_free=true
2026-08-25T10:50:18.887307Z  INFO smart_dl_daemon::bt_events: [bugb] batch START n=0 tick=353
2026-08-25T10:50:18.888618Z  INFO smart_dl_daemon::bt_events: [bugb] batch END n=0
2026-08-25T10:50:19.159299Z  INFO smart_dl_daemon::serve: [bugb] os-tick alive_ms=181743 tasks_free=true
2026-08-25T10:50:19.399267Z  INFO smart_dl_daemon::bt_events: [bugb] batch START n=0 tick=354
2026-08-25T10:50:19.400166Z  INFO smart_dl_daemon::bt_events: [bugb] batch END n=0
2026-08-25T10:50:19.460650Z  INFO smart_dl_daemon::serve: [bugb] os-tick alive_ms=182044 tasks_free=true
2026-08-25T10:50:19.764068Z  INFO smart_dl_daemon::serve: [bugb] os-tick alive_ms=182347 tasks_free=true
2026-08-25T10:50:19.909018Z  INFO smart_dl_daemon::bt_events: [bugb] batch START n=0 tick=355
2026-08-25T10:50:19.910773Z  INFO smart_dl_daemon::bt_events: [bugb] batch END n=0
2026-08-25T10:50:20.065707Z  INFO smart_dl_daemon::serve: [bugb] os-tick alive_ms=182649 tasks_free=true
2026-08-25T10:50:20.352857Z  INFO smart_dl_daemon::serve: [bugb] watchdog alive uptime_ms=182936
2026-08-25T10:50:20.366935Z  INFO smart_dl_daemon::serve: [bugb] os-tick alive_ms=182950 tasks_free=true
2026-08-25T10:50:20.414780Z  INFO smart_dl_daemon::bt_events: [bugb] batch START n=0 tick=356
2026-08-25T10:50:20.415717Z  INFO smart_dl_daemon::bt_events: [bugb] batch END n=0
2026-08-25T10:50:20.668316Z  INFO smart_dl_daemon::serve: [bugb] os-tick alive_ms=183252 tasks_free=true
2026-08-25T10:50:20.929867Z  INFO smart_dl_daemon::bt_events: [bugb] batch START n=0 tick=357
2026-08-25T10:50:20.931165Z  INFO smart_dl_daemon::bt_events: [bugb] batch END n=0
2026-08-25T10:50:20.969322Z  INFO smart_dl_daemon::serve: [bugb] os-tick alive_ms=183553 tasks_free=true
2026-08-25T10:50:21.270730Z  INFO smart_dl_daemon::serve: [bugb] os-tick alive_ms=183854 tasks_free=true
2026-08-25T10:50:21.442278Z  INFO smart_dl_daemon::bt_events: [bugb] batch START n=0 tick=358
2026-08-25T10:50:21.443994Z  INFO smart_dl_daemon::bt_events: [bugb] batch END n=0
2026-08-25T10:50:21.571942Z  INFO smart_dl_daemon::serve: [bugb] os-tick alive_ms=184155 tasks_free=true
2026-08-25T10:50:21.873162Z  INFO smart_dl_daemon::serve: [bugb] os-tick alive_ms=184457 tasks_free=true
2026-08-25T10:50:21.947423Z  INFO smart_dl_daemon::bt_events: [bugb] batch START n=0 tick=359
2026-08-25T10:50:21.948401Z  INFO smart_dl_daemon::bt_events: [bugb] batch END n=0
2026-08-25T10:50:22.184354Z  INFO smart_dl_daemon::serve: [bugb] os-tick alive_ms=184768 tasks_free=true
2026-08-25T10:50:22.358227Z  INFO smart_dl_daemon::serve: [bugb] watchdog alive uptime_ms=184942
2026-08-25T10:50:22.458622Z  INFO smart_dl_daemon::bt_events: [bugb] batch START n=0 tick=360
2026-08-25T10:50:22.460148Z  INFO smart_dl_daemon::bt_events: [bugb] batch END n=0
2026-08-25T10:50:22.485907Z  INFO smart_dl_daemon::serve: [bugb] os-tick alive_ms=185069 tasks_free=true
2026-08-25T10:50:22.787949Z  INFO smart_dl_daemon::serve: [bugb] os-tick alive_ms=185371 tasks_free=true
2026-08-25T10:50:22.965553Z  INFO smart_dl_daemon::bt_events: [bugb] alert-loop alive ticks=361 batch=0
2026-08-25T10:50:22.966496Z  INFO smart_dl_daemon::bt_events: [bugb] batch START n=0 tick=361
2026-08-25T10:50:22.966837Z  INFO smart_dl_daemon::bt_events: [bugb] batch END n=0
2026-08-25T10:50:23.090674Z  INFO smart_dl_daemon::serve: [bugb] os-tick alive_ms=185674 tasks_free=true
2026-08-25T10:50:23.391791Z  INFO smart_dl_daemon::serve: [bugb] os-tick alive_ms=185975 tasks_free=true
2026-08-25T10:50:23.479788Z  INFO smart_dl_daemon::bt_events: [bugb] batch START n=0 tick=362
2026-08-25T10:50:23.480375Z  INFO smart_dl_daemon::bt_events: [bugb] batch END n=0
2026-08-25T10:50:23.692760Z  INFO smart_dl_daemon::serve: [bugb] os-tick alive_ms=186276 tasks_free=true
2026-08-25T10:50:23.983799Z  INFO smart_dl_daemon::bt_events: [bugb] batch START n=0 tick=363
2026-08-25T10:50:23.984776Z  INFO smart_dl_daemon::bt_events: [bugb] batch END n=0
2026-08-25T10:50:23.993881Z  INFO smart_dl_daemon::serve: [bugb] os-tick alive_ms=186577 tasks_free=true
2026-08-25T10:50:24.294824Z  INFO smart_dl_daemon::serve: [bugb] os-tick alive_ms=186878 tasks_free=true
2026-08-25T10:50:24.365138Z  INFO smart_dl_daemon::serve: [bugb] watchdog alive uptime_ms=186949
2026-08-25T10:50:24.487574Z  INFO smart_dl_daemon::bt_events: [bugb] batch START n=0 tick=364
2026-08-25T10:50:24.488517Z  INFO smart_dl_daemon::bt_events: [bugb] batch END n=0
2026-08-25T10:50:24.597197Z  INFO smart_dl_daemon::serve: [bugb] os-tick alive_ms=187181 tasks_free=true
2026-08-25T10:50:24.898576Z  INFO smart_dl_daemon::serve: [bugb] os-tick alive_ms=187482 tasks_free=true
2026-08-25T10:50:24.995699Z  INFO smart_dl_daemon::bt_events: [bugb] batch START n=0 tick=365
2026-08-25T10:50:24.996763Z  INFO smart_dl_daemon::bt_events: [bugb] batch END n=0
2026-08-25T10:50:25.199856Z  INFO smart_dl_daemon::serve: [bugb] os-tick alive_ms=187783 tasks_free=true
2026-08-25T10:50:25.499318Z  INFO smart_dl_daemon::bt_events: [bugb] batch START n=0 tick=366
2026-08-25T10:50:25.500354Z  INFO smart_dl_daemon::bt_events: [bugb] batch END n=0
2026-08-25T10:50:25.500794Z  INFO smart_dl_daemon::serve: [bugb] os-tick alive_ms=188084 tasks_free=true
2026-08-25T10:50:25.801580Z  INFO smart_dl_daemon::serve: [bugb] os-tick alive_ms=188385 tasks_free=true
2026-08-25T10:50:26.005218Z  INFO smart_dl_daemon::bt_events: [bugb] batch START n=0 tick=367
2026-08-25T10:50:26.006200Z  INFO smart_dl_daemon::bt_events: [bugb] batch END n=0
2026-08-25T10:50:26.108538Z  INFO smart_dl_daemon::serve: [bugb] os-tick alive_ms=188692 tasks_free=true
2026-08-25T10:50:26.377718Z  INFO smart_dl_daemon::serve: [bugb] watchdog alive uptime_ms=188961
2026-08-25T10:50:26.409735Z  INFO smart_dl_daemon::serve: [bugb] os-tick alive_ms=188993 tasks_free=true
2026-08-25T10:50:26.515970Z  INFO smart_dl_daemon::bt_events: [bugb] batch START n=0 tick=368
2026-08-25T10:50:26.516828Z  INFO smart_dl_daemon::bt_events: [bugb] batch END n=0
2026-08-25T10:50:26.711103Z  INFO smart_dl_daemon::serve: [bugb] os-tick alive_ms=189295 tasks_free=true
2026-08-25T10:50:27.012662Z  INFO smart_dl_daemon::serve: [bugb] os-tick alive_ms=189596 tasks_free=true
2026-08-25T10:50:27.025063Z  INFO smart_dl_daemon::bt_events: [bugb] batch START n=0 tick=369
2026-08-25T10:50:27.025971Z  INFO smart_dl_daemon::bt_events: [bugb] batch END n=0
2026-08-25T10:50:27.314202Z  INFO smart_dl_daemon::serve: [bugb] os-tick alive_ms=189898 tasks_free=true
2026-08-25T10:50:27.541718Z  INFO smart_dl_daemon::bt_events: [bugb] batch START n=0 tick=370
2026-08-25T10:50:27.542547Z  INFO smart_dl_daemon::bt_events: [bugb] batch END n=0
2026-08-25T10:50:27.615500Z  INFO smart_dl_daemon::serve: [bugb] os-tick alive_ms=190199 tasks_free=true
2026-08-25T10:50:27.916922Z  INFO smart_dl_daemon::serve: [bugb] os-tick alive_ms=190500 tasks_free=true
2026-08-25T10:50:28.049290Z  INFO smart_dl_daemon::bt_events: [bugb] batch START n=0 tick=371
2026-08-25T10:50:28.050213Z  INFO smart_dl_daemon::bt_events: [bugb] batch END n=0
2026-08-25T10:50:28.218009Z  INFO smart_dl_daemon::serve: [bugb] os-tick alive_ms=190801 tasks_free=true
2026-08-25T10:50:28.383033Z  INFO smart_dl_daemon::serve: [bugb] watchdog alive uptime_ms=190966
2026-08-25T10:50:28.519008Z  INFO smart_dl_daemon::serve: [bugb] os-tick alive_ms=191102 tasks_free=true
2026-08-25T10:50:28.554250Z  INFO smart_dl_daemon::bt_events: [bugb] batch START n=0 tick=372
2026-08-25T10:50:28.555283Z  INFO smart_dl_daemon::bt_events: [bugb] batch END n=0
2026-08-25T10:50:28.820372Z  INFO smart_dl_daemon::serve: [bugb] os-tick alive_ms=191404 tasks_free=true
2026-08-25T10:50:29.066704Z  INFO smart_dl_daemon::bt_events: [bugb] batch START n=0 tick=373
2026-08-25T10:50:29.067373Z  INFO smart_dl_daemon::bt_events: [bugb] batch END n=0
2026-08-25T10:50:29.121765Z  INFO smart_dl_daemon::serve: [bugb] os-tick alive_ms=191705 tasks_free=true
2026-08-25T10:50:29.423258Z  INFO smart_dl_daemon::serve: [bugb] os-tick alive_ms=192007 tasks_free=true
2026-08-25T10:50:29.570159Z  INFO smart_dl_daemon::bt_events: [bugb] batch START n=0 tick=374
2026-08-25T10:50:29.571313Z  INFO smart_dl_daemon::bt_events: [bugb] batch END n=0
2026-08-25T10:50:29.724495Z  INFO smart_dl_daemon::serve: [bugb] os-tick alive_ms=192308 tasks_free=true
2026-08-25T10:50:30.025778Z  INFO smart_dl_daemon::serve: [bugb] os-tick alive_ms=192609 tasks_free=true
2026-08-25T10:50:30.081817Z  INFO smart_dl_daemon::bt_events: [bugb] batch START n=0 tick=375
2026-08-25T10:50:30.083452Z  INFO smart_dl_daemon::bt_events: [bugb] batch END n=0
2026-08-25T10:50:30.327468Z  INFO smart_dl_daemon::serve: [bugb] os-tick alive_ms=192911 tasks_free=true
2026-08-25T10:50:30.388238Z  INFO smart_dl_daemon::serve: [bugb] watchdog alive uptime_ms=192972
2026-08-25T10:50:30.586027Z  INFO smart_dl_daemon::bt_events: [bugb] batch START n=0 tick=376
2026-08-25T10:50:30.587299Z  INFO smart_dl_daemon::bt_events: [bugb] batch END n=0
2026-08-25T10:50:30.628722Z  INFO smart_dl_daemon::serve: [bugb] os-tick alive_ms=193212 tasks_free=true
2026-08-25T10:50:30.930073Z  INFO smart_dl_daemon::serve: [bugb] os-tick alive_ms=193513 tasks_free=true
2026-08-25T10:50:31.091414Z  INFO smart_dl_daemon::bt_events: [bugb] batch START n=0 tick=377
2026-08-25T10:50:31.092999Z  INFO smart_dl_daemon::bt_events: [bugb] batch END n=0
2026-08-25T10:50:31.231361Z  INFO smart_dl_daemon::serve: [bugb] os-tick alive_ms=193815 tasks_free=true
2026-08-25T10:50:31.532676Z  INFO smart_dl_daemon::serve: [bugb] os-tick alive_ms=194116 tasks_free=true
2026-08-25T10:50:31.595720Z  INFO smart_dl_daemon::bt_events: [bugb] batch START n=0 tick=378
2026-08-25T10:50:31.597860Z  INFO smart_dl_daemon::bt_events: [bugb] batch END n=0
2026-08-25T10:50:31.834257Z  INFO smart_dl_daemon::serve: [bugb] os-tick alive_ms=194418 tasks_free=true
2026-08-25T10:50:32.106484Z  INFO smart_dl_daemon::bt_events: [bugb] batch START n=0 tick=379
2026-08-25T10:50:32.107417Z  INFO smart_dl_daemon::bt_events: [bugb] batch END n=0
2026-08-25T10:50:32.135578Z  INFO smart_dl_daemon::serve: [bugb] os-tick alive_ms=194719 tasks_free=true
2026-08-25T10:50:32.395031Z  INFO smart_dl_daemon::serve: [bugb] watchdog alive uptime_ms=194978
2026-08-25T10:50:32.437041Z  INFO smart_dl_daemon::serve: [bugb] os-tick alive_ms=195020 tasks_free=true
2026-08-25T10:50:32.614288Z  INFO smart_dl_daemon::bt_events: [bugb] batch START n=0 tick=380
2026-08-25T10:50:32.615892Z  INFO smart_dl_daemon::bt_events: [bugb] batch END n=0
2026-08-25T10:50:32.739029Z  INFO smart_dl_daemon::serve: [bugb] os-tick alive_ms=195322 tasks_free=true
2026-08-25T10:50:33.040684Z  INFO smart_dl_daemon::serve: [bugb] os-tick alive_ms=195624 tasks_free=true
2026-08-25T10:50:33.122142Z  INFO smart_dl_daemon::bt_events: [bugb] alert-loop alive ticks=381 batch=0
2026-08-25T10:50:33.123102Z  INFO smart_dl_daemon::bt_events: [bugb] batch START n=0 tick=381
2026-08-25T10:50:33.123525Z  INFO smart_dl_daemon::bt_events: [bugb] batch END n=0
2026-08-25T10:50:33.342005Z  INFO smart_dl_daemon::serve: [bugb] os-tick alive_ms=195925 tasks_free=true
2026-08-25T10:50:33.629912Z  INFO smart_dl_daemon::bt_events: [bugb] batch START n=0 tick=382
2026-08-25T10:50:33.630786Z  INFO smart_dl_daemon::bt_events: [bugb] batch END n=0
2026-08-25T10:50:33.643422Z  INFO smart_dl_daemon::serve: [bugb] os-tick alive_ms=196227 tasks_free=true
2026-08-25T10:50:33.944459Z  INFO smart_dl_daemon::serve: [bugb] os-tick alive_ms=196528 tasks_free=true
2026-08-25T10:50:34.141849Z  INFO smart_dl_daemon::bt_events: [bugb] batch START n=0 tick=383
2026-08-25T10:50:34.142971Z  INFO smart_dl_daemon::bt_events: [bugb] batch END n=0
2026-08-25T10:50:34.245908Z  INFO smart_dl_daemon::serve: [bugb] os-tick alive_ms=196829 tasks_free=true
2026-08-25T10:50:34.403349Z  INFO smart_dl_daemon::serve: [bugb] watchdog alive uptime_ms=196987
2026-08-25T10:50:34.546994Z  INFO smart_dl_daemon::serve: [bugb] os-tick alive_ms=197130 tasks_free=true
2026-08-25T10:50:34.649601Z  INFO smart_dl_daemon::bt_events: [bugb] batch START n=0 tick=384
2026-08-25T10:50:34.650600Z  INFO smart_dl_daemon::bt_events: [bugb] batch END n=0
2026-08-25T10:50:34.848415Z  INFO smart_dl_daemon::serve: [bugb] os-tick alive_ms=197432 tasks_free=true
2026-08-25T10:50:35.149598Z  INFO smart_dl_daemon::serve: [bugb] os-tick alive_ms=197733 tasks_free=true
2026-08-25T10:50:35.154749Z  INFO smart_dl_daemon::bt_events: [bugb] batch START n=0 tick=385
2026-08-25T10:50:35.155211Z  INFO smart_dl_daemon::bt_events: [bugb] batch END n=0
2026-08-25T10:50:35.450643Z  INFO smart_dl_daemon::serve: [bugb] os-tick alive_ms=198034 tasks_free=true
2026-08-25T10:50:35.660628Z  INFO smart_dl_daemon::bt_events: [bugb] batch START n=0 tick=386
2026-08-25T10:50:35.661681Z  INFO smart_dl_daemon::bt_events: [bugb] batch END n=0
2026-08-25T10:50:35.752248Z  INFO smart_dl_daemon::serve: [bugb] os-tick alive_ms=198336 tasks_free=true
2026-08-25T10:50:36.053714Z  INFO smart_dl_daemon::serve: [bugb] os-tick alive_ms=198637 tasks_free=true
2026-08-25T10:50:36.165536Z  INFO smart_dl_daemon::bt_events: [bugb] batch START n=0 tick=387
2026-08-25T10:50:36.166661Z  INFO smart_dl_daemon::bt_events: [bugb] batch END n=0
2026-08-25T10:50:36.355499Z  INFO smart_dl_daemon::serve: [bugb] os-tick alive_ms=198939 tasks_free=true
2026-08-25T10:50:36.415859Z  INFO smart_dl_daemon::serve: [bugb] watchdog alive uptime_ms=198999
2026-08-25T10:50:36.657060Z  INFO smart_dl_daemon::serve: [bugb] os-tick alive_ms=199240 tasks_free=true
2026-08-25T10:50:36.677717Z  INFO smart_dl_daemon::bt_events: [bugb] batch START n=0 tick=388
2026-08-25T10:50:36.678933Z  INFO smart_dl_daemon::bt_events: [bugb] batch END n=0
2026-08-25T10:50:36.958604Z  INFO smart_dl_daemon::serve: [bugb] os-tick alive_ms=199542 tasks_free=true
2026-08-25T10:50:37.189213Z  INFO smart_dl_daemon::bt_events: [bugb] batch START n=0 tick=389
2026-08-25T10:50:37.190158Z  INFO smart_dl_daemon::bt_events: [bugb] batch END n=0
2026-08-25T10:50:37.259881Z  INFO smart_dl_daemon::serve: [bugb] os-tick alive_ms=199843 tasks_free=true
2026-08-25T10:50:37.560916Z  INFO smart_dl_daemon::serve: [bugb] os-tick alive_ms=200144 tasks_free=true
2026-08-25T10:50:37.693759Z  INFO smart_dl_daemon::bt_events: [bugb] batch START n=0 tick=390
2026-08-25T10:50:37.694814Z  INFO smart_dl_daemon::bt_events: [bugb] batch END n=0
2026-08-25T10:50:37.862559Z  INFO smart_dl_daemon::serve: [bugb] os-tick alive_ms=200446 tasks_free=true
2026-08-25T10:50:38.164200Z  INFO smart_dl_daemon::serve: [bugb] os-tick alive_ms=200748 tasks_free=true
2026-08-25T10:50:38.203613Z  INFO smart_dl_daemon::bt_events: [bugb] batch START n=0 tick=391
2026-08-25T10:50:38.204773Z  INFO smart_dl_daemon::bt_events: [bugb] batch END n=0
2026-08-25T10:50:38.430462Z  INFO smart_dl_daemon::serve: [bugb] watchdog alive uptime_ms=201014
2026-08-25T10:50:38.466089Z  INFO smart_dl_daemon::serve: [bugb] os-tick alive_ms=201050 tasks_free=true
2026-08-25T10:50:38.719440Z  INFO smart_dl_daemon::bt_events: [bugb] batch START n=0 tick=392
2026-08-25T10:50:38.721107Z  INFO smart_dl_daemon::bt_events: [bugb] batch END n=0
2026-08-25T10:50:38.767525Z  INFO smart_dl_daemon::serve: [bugb] os-tick alive_ms=201351 tasks_free=true
2026-08-25T10:50:39.069109Z  INFO smart_dl_daemon::serve: [bugb] os-tick alive_ms=201653 tasks_free=true
2026-08-25T10:50:39.230958Z  INFO smart_dl_daemon::bt_events: [bugb] batch START n=0 tick=393
2026-08-25T10:50:39.232134Z  INFO smart_dl_daemon::bt_events: [bugb] batch END n=0
2026-08-25T10:50:39.372733Z  INFO smart_dl_daemon::serve: [bugb] os-tick alive_ms=201956 tasks_free=true
2026-08-25T10:50:39.674175Z  INFO smart_dl_daemon::serve: [bugb] os-tick alive_ms=202258 tasks_free=true
2026-08-25T10:50:39.738029Z  INFO smart_dl_daemon::bt_events: [bugb] batch START n=0 tick=394
2026-08-25T10:50:39.739202Z  INFO smart_dl_daemon::bt_events: [bugb] batch END n=0
2026-08-25T10:50:39.975539Z  INFO smart_dl_daemon::serve: [bugb] os-tick alive_ms=202559 tasks_free=true
2026-08-25T10:50:40.242039Z  INFO smart_dl_daemon::bt_events: [bugb] batch START n=0 tick=395
2026-08-25T10:50:40.243190Z  INFO smart_dl_daemon::bt_events: [bugb] batch END n=0
2026-08-25T10:50:40.277449Z  INFO smart_dl_daemon::serve: [bugb] os-tick alive_ms=202861 tasks_free=true
2026-08-25T10:50:40.437394Z  INFO smart_dl_daemon::serve: [bugb] watchdog alive uptime_ms=203021
2026-08-25T10:50:40.578792Z  INFO smart_dl_daemon::serve: [bugb] os-tick alive_ms=203162 tasks_free=true
2026-08-25T10:50:40.746491Z  INFO smart_dl_daemon::bt_events: [bugb] batch START n=0 tick=396
2026-08-25T10:50:40.747471Z  INFO smart_dl_daemon::bt_events: [bugb] batch END n=0
2026-08-25T10:50:40.880400Z  INFO smart_dl_daemon::serve: [bugb] os-tick alive_ms=203464 tasks_free=true
2026-08-25T10:50:41.181730Z  INFO smart_dl_daemon::serve: [bugb] os-tick alive_ms=203765 tasks_free=true
2026-08-25T10:50:41.250564Z  INFO smart_dl_daemon::bt_events: [bugb] batch START n=0 tick=397
2026-08-25T10:50:41.251628Z  INFO smart_dl_daemon::bt_events: [bugb] batch END n=0
2026-08-25T10:50:41.483977Z  INFO smart_dl_daemon::serve: [bugb] os-tick alive_ms=204067 tasks_free=true
2026-08-25T10:50:41.762638Z  INFO smart_dl_daemon::bt_events: [bugb] batch START n=0 tick=398
2026-08-25T10:50:41.763554Z  INFO smart_dl_daemon::bt_events: [bugb] batch END n=0
2026-08-25T10:50:41.798363Z  INFO smart_dl_daemon::serve: [bugb] os-tick alive_ms=204382 tasks_free=true
2026-08-25T10:50:42.099402Z  INFO smart_dl_daemon::serve: [bugb] os-tick alive_ms=204683 tasks_free=true
2026-08-25T10:50:42.275013Z  INFO smart_dl_daemon::bt_events: [bugb] batch START n=0 tick=399
2026-08-25T10:50:42.276126Z  INFO smart_dl_daemon::bt_events: [bugb] batch END n=0
2026-08-25T10:50:42.400736Z  INFO smart_dl_daemon::serve: [bugb] os-tick alive_ms=204984 tasks_free=true
2026-08-25T10:50:42.450686Z  INFO smart_dl_daemon::serve: [bugb] watchdog alive uptime_ms=205034
2026-08-25T10:50:42.702212Z  INFO smart_dl_daemon::serve: [bugb] os-tick alive_ms=205286 tasks_free=true
2026-08-25T10:50:42.786086Z  INFO smart_dl_daemon::bt_events: [bugb] batch START n=0 tick=400
2026-08-25T10:50:42.787053Z  INFO smart_dl_daemon::bt_events: [bugb] batch END n=0
2026-08-25T10:50:43.004570Z  INFO smart_dl_daemon::serve: [bugb] os-tick alive_ms=205588 tasks_free=true
2026-08-25T10:50:43.295291Z  INFO smart_dl_daemon::bt_events: [bugb] alert-loop alive ticks=401 batch=0
2026-08-25T10:50:43.296243Z  INFO smart_dl_daemon::bt_events: [bugb] batch START n=0 tick=401
2026-08-25T10:50:43.296657Z  INFO smart_dl_daemon::bt_events: [bugb] batch END n=0
2026-08-25T10:50:43.306110Z  INFO smart_dl_daemon::serve: [bugb] os-tick alive_ms=205890 tasks_free=true
2026-08-25T10:50:43.607405Z  INFO smart_dl_daemon::serve: [bugb] os-tick alive_ms=206191 tasks_free=true
2026-08-25T10:50:43.802299Z  INFO smart_dl_daemon::bt_events: [bugb] batch START n=0 tick=402
2026-08-25T10:50:43.803656Z  INFO smart_dl_daemon::bt_events: [bugb] batch END n=0
2026-08-25T10:50:43.909490Z  INFO smart_dl_daemon::serve: [bugb] os-tick alive_ms=206493 tasks_free=true
2026-08-25T10:50:44.211914Z  INFO smart_dl_daemon::serve: [bugb] os-tick alive_ms=206795 tasks_free=true
2026-08-25T10:50:44.308678Z  INFO smart_dl_daemon::bt_events: [bugb] batch START n=0 tick=403
2026-08-25T10:50:44.310236Z  INFO smart_dl_daemon::bt_events: [bugb] batch END n=0
2026-08-25T10:50:44.456315Z  INFO smart_dl_daemon::serve: [bugb] watchdog alive uptime_ms=207040
2026-08-25T10:50:44.513746Z  INFO smart_dl_daemon::serve: [bugb] os-tick alive_ms=207097 tasks_free=true
2026-08-25T10:50:44.812535Z  INFO smart_dl_daemon::bt_events: [bugb] batch START n=0 tick=404
2026-08-25T10:50:44.813477Z  INFO smart_dl_daemon::bt_events: [bugb] batch END n=0
2026-08-25T10:50:44.814996Z  INFO smart_dl_daemon::serve: [bugb] os-tick alive_ms=207398 tasks_free=true
2026-08-25T10:50:45.116515Z  INFO smart_dl_daemon::serve: [bugb] os-tick alive_ms=207700 tasks_free=true
2026-08-25T10:50:45.320826Z  INFO smart_dl_daemon::bt_events: [bugb] batch START n=0 tick=405
2026-08-25T10:50:45.321844Z  INFO smart_dl_daemon::bt_events: [bugb] batch END n=0
2026-08-25T10:50:45.417783Z  INFO smart_dl_daemon::serve: [bugb] os-tick alive_ms=208001 tasks_free=true
2026-08-25T10:50:45.719302Z  INFO smart_dl_daemon::serve: [bugb] os-tick alive_ms=208303 tasks_free=true
2026-08-25T10:50:45.838819Z  INFO smart_dl_daemon::bt_events: [bugb] batch START n=0 tick=406
2026-08-25T10:50:45.839893Z  INFO smart_dl_daemon::bt_events: [bugb] batch END n=0
2026-08-25T10:50:46.020398Z  INFO smart_dl_daemon::serve: [bugb] os-tick alive_ms=208604 tasks_free=true
2026-08-25T10:50:46.321626Z  INFO smart_dl_daemon::serve: [bugb] os-tick alive_ms=208905 tasks_free=true
2026-08-25T10:50:46.350863Z  INFO smart_dl_daemon::bt_events: [bugb] batch START n=0 tick=407
2026-08-25T10:50:46.351825Z  INFO smart_dl_daemon::bt_events: [bugb] batch END n=0
2026-08-25T10:50:46.464590Z  INFO smart_dl_daemon::serve: [bugb] watchdog alive uptime_ms=209048
2026-08-25T10:50:46.623082Z  INFO smart_dl_daemon::serve: [bugb] os-tick alive_ms=209207 tasks_free=true
2026-08-25T10:50:46.855339Z  INFO smart_dl_daemon::bt_events: [bugb] batch START n=0 tick=408
2026-08-25T10:50:46.856287Z  INFO smart_dl_daemon::bt_events: [bugb] batch END n=0
2026-08-25T10:50:46.924024Z  INFO smart_dl_daemon::serve: [bugb] os-tick alive_ms=209507 tasks_free=true
2026-08-25T10:50:47.225188Z  INFO smart_dl_daemon::serve: [bugb] os-tick alive_ms=209809 tasks_free=true
2026-08-25T10:50:47.364056Z  INFO smart_dl_daemon::bt_events: [bugb] batch START n=0 tick=409
2026-08-25T10:50:47.365102Z  INFO smart_dl_daemon::bt_events: [bugb] batch END n=0
2026-08-25T10:50:47.525981Z  INFO smart_dl_daemon::serve: [bugb] os-tick alive_ms=210109 tasks_free=true
2026-08-25T10:50:47.828680Z  INFO smart_dl_daemon::serve: [bugb] os-tick alive_ms=210412 tasks_free=true
2026-08-25T10:50:47.868376Z  INFO smart_dl_daemon::bt_events: [bugb] batch START n=0 tick=410
2026-08-25T10:50:47.869260Z  INFO smart_dl_daemon::bt_events: [bugb] batch END n=0
2026-08-25T10:50:48.130863Z  INFO smart_dl_daemon::serve: [bugb] os-tick alive_ms=210714 tasks_free=true
2026-08-25T10:50:48.372727Z  INFO smart_dl_daemon::bt_events: [bugb] batch START n=0 tick=411
2026-08-25T10:50:48.374401Z  INFO smart_dl_daemon::bt_events: [bugb] batch END n=0
2026-08-25T10:50:48.432798Z  INFO smart_dl_daemon::serve: [bugb] os-tick alive_ms=211016 tasks_free=true
2026-08-25T10:50:48.476654Z  INFO smart_dl_daemon::serve: [bugb] watchdog alive uptime_ms=211060
2026-08-25T10:50:48.734475Z  INFO smart_dl_daemon::serve: [bugb] os-tick alive_ms=211318 tasks_free=true
2026-08-25T10:50:48.887991Z  INFO smart_dl_daemon::bt_events: [bugb] batch START n=0 tick=412
2026-08-25T10:50:48.888520Z  INFO smart_dl_daemon::bt_events: [bugb] batch END n=0
2026-08-25T10:50:49.036626Z  INFO smart_dl_daemon::serve: [bugb] os-tick alive_ms=211620 tasks_free=true
2026-08-25T10:50:49.338224Z  INFO smart_dl_daemon::serve: [bugb] os-tick alive_ms=211922 tasks_free=true
2026-08-25T10:50:49.398006Z  INFO smart_dl_daemon::bt_events: [bugb] batch START n=0 tick=413
2026-08-25T10:50:49.399103Z  INFO smart_dl_daemon::bt_events: [bugb] batch END n=0
2026-08-25T10:50:49.639710Z  INFO smart_dl_daemon::serve: [bugb] os-tick alive_ms=212223 tasks_free=true
2026-08-25T10:50:49.902159Z  INFO smart_dl_daemon::bt_events: [bugb] batch START n=0 tick=414
2026-08-25T10:50:49.903202Z  INFO smart_dl_daemon::bt_events: [bugb] batch END n=0
2026-08-25T10:50:49.940951Z  INFO smart_dl_daemon::serve: [bugb] os-tick alive_ms=212524 tasks_free=true
2026-08-25T10:50:50.242305Z  INFO smart_dl_daemon::serve: [bugb] os-tick alive_ms=212826 tasks_free=true
2026-08-25T10:50:50.412927Z  INFO smart_dl_daemon::bt_events: [bugb] batch START n=0 tick=415
2026-08-25T10:50:50.414036Z  INFO smart_dl_daemon::bt_events: [bugb] batch END n=0
2026-08-25T10:50:50.487212Z  INFO smart_dl_daemon::serve: [bugb] watchdog alive uptime_ms=213071
2026-08-25T10:50:50.543772Z  INFO smart_dl_daemon::serve: [bugb] os-tick alive_ms=213127 tasks_free=true
2026-08-25T10:50:50.845290Z  INFO smart_dl_daemon::serve: [bugb] os-tick alive_ms=213429 tasks_free=true
2026-08-25T10:50:50.919359Z  INFO smart_dl_daemon::bt_events: [bugb] batch START n=0 tick=416
2026-08-25T10:50:50.920345Z  INFO smart_dl_daemon::bt_events: [bugb] batch END n=0
2026-08-25T10:50:51.146499Z  INFO smart_dl_daemon::serve: [bugb] os-tick alive_ms=213730 tasks_free=true
2026-08-25T10:50:51.423779Z  INFO smart_dl_daemon::bt_events: [bugb] batch START n=0 tick=417
2026-08-25T10:50:51.424808Z  INFO smart_dl_daemon::bt_events: [bugb] batch END n=0
2026-08-25T10:50:51.447725Z  INFO smart_dl_daemon::serve: [bugb] os-tick alive_ms=214031 tasks_free=true
2026-08-25T10:50:51.748948Z  INFO smart_dl_daemon::serve: [bugb] os-tick alive_ms=214332 tasks_free=true
2026-08-25T10:50:51.928356Z  INFO smart_dl_daemon::bt_events: [bugb] batch START n=0 tick=418
2026-08-25T10:50:51.929304Z  INFO smart_dl_daemon::bt_events: [bugb] batch END n=0
2026-08-25T10:50:52.050224Z  INFO smart_dl_daemon::serve: [bugb] os-tick alive_ms=214634 tasks_free=true
2026-08-25T10:50:52.351517Z  INFO smart_dl_daemon::serve: [bugb] os-tick alive_ms=214935 tasks_free=true
2026-08-25T10:50:52.440260Z  INFO smart_dl_daemon::bt_events: [bugb] batch START n=0 tick=419
2026-08-25T10:50:52.441237Z  INFO smart_dl_daemon::bt_events: [bugb] batch END n=0
2026-08-25T10:50:52.494924Z  INFO smart_dl_daemon::serve: [bugb] watchdog alive uptime_ms=215078
2026-08-25T10:50:52.652960Z  INFO smart_dl_daemon::serve: [bugb] os-tick alive_ms=215236 tasks_free=true
2026-08-25T10:50:52.945977Z  INFO smart_dl_daemon::bt_events: [bugb] batch START n=0 tick=420
2026-08-25T10:50:52.947025Z  INFO smart_dl_daemon::bt_events: [bugb] batch END n=0
2026-08-25T10:50:52.954283Z  INFO smart_dl_daemon::serve: [bugb] os-tick alive_ms=215538 tasks_free=true
2026-08-25T10:50:53.255666Z  INFO smart_dl_daemon::serve: [bugb] os-tick alive_ms=215839 tasks_free=true
2026-08-25T10:50:53.459885Z  INFO smart_dl_daemon::bt_events: [bugb] alert-loop alive ticks=421 batch=0
2026-08-25T10:50:53.460931Z  INFO smart_dl_daemon::bt_events: [bugb] batch START n=0 tick=421
2026-08-25T10:50:53.461396Z  INFO smart_dl_daemon::bt_events: [bugb] batch END n=0
2026-08-25T10:50:53.556936Z  INFO smart_dl_daemon::serve: [bugb] os-tick alive_ms=216140 tasks_free=true
2026-08-25T10:50:53.858464Z  INFO smart_dl_daemon::serve: [bugb] os-tick alive_ms=216442 tasks_free=true
2026-08-25T10:50:53.968179Z  INFO smart_dl_daemon::bt_events: [bugb] batch START n=0 tick=422
2026-08-25T10:50:53.969108Z  INFO smart_dl_daemon::bt_events: [bugb] batch END n=0
2026-08-25T10:50:54.160601Z  INFO smart_dl_daemon::serve: [bugb] os-tick alive_ms=216744 tasks_free=true
2026-08-25T10:50:54.462393Z  INFO smart_dl_daemon::serve: [bugb] os-tick alive_ms=217046 tasks_free=true
2026-08-25T10:50:54.477594Z  INFO smart_dl_daemon::bt_events: [bugb] batch START n=0 tick=423
2026-08-25T10:50:54.479071Z  INFO smart_dl_daemon::bt_events: [bugb] batch END n=0
2026-08-25T10:50:54.506421Z  INFO smart_dl_daemon::serve: [bugb] watchdog alive uptime_ms=217090
2026-08-25T10:50:54.764286Z  INFO smart_dl_daemon::serve: [bugb] os-tick alive_ms=217348 tasks_free=true
2026-08-25T10:50:54.994620Z  INFO smart_dl_daemon::bt_events: [bugb] batch START n=0 tick=424
2026-08-25T10:50:54.995734Z  INFO smart_dl_daemon::bt_events: [bugb] batch END n=0
2026-08-25T10:50:55.065267Z  INFO smart_dl_daemon::serve: [bugb] os-tick alive_ms=217649 tasks_free=true
2026-08-25T10:50:55.366504Z  INFO smart_dl_daemon::serve: [bugb] os-tick alive_ms=217950 tasks_free=true
2026-08-25T10:50:55.510363Z  INFO smart_dl_daemon::bt_events: [bugb] batch START n=0 tick=425
2026-08-25T10:50:55.511304Z  INFO smart_dl_daemon::bt_events: [bugb] batch END n=0
2026-08-25T10:50:55.668419Z  INFO smart_dl_daemon::serve: [bugb] os-tick alive_ms=218252 tasks_free=true
2026-08-25T10:50:55.970026Z  INFO smart_dl_daemon::serve: [bugb] os-tick alive_ms=218553 tasks_free=true
2026-08-25T10:50:56.016611Z  INFO smart_dl_daemon::bt_events: [bugb] batch START n=0 tick=426
2026-08-25T10:50:56.017707Z  INFO smart_dl_daemon::bt_events: [bugb] batch END n=0
2026-08-25T10:50:56.271666Z  INFO smart_dl_daemon::serve: [bugb] os-tick alive_ms=218855 tasks_free=true
2026-08-25T10:50:56.512519Z  INFO smart_dl_daemon::serve: [bugb] watchdog alive uptime_ms=219096
2026-08-25T10:50:56.522880Z  INFO smart_dl_daemon::bt_events: [bugb] batch START n=0 tick=427
2026-08-25T10:50:56.524173Z  INFO smart_dl_daemon::bt_events: [bugb] batch END n=0
2026-08-25T10:50:56.573408Z  INFO smart_dl_daemon::serve: [bugb] os-tick alive_ms=219157 tasks_free=true
2026-08-25T10:50:56.874564Z  INFO smart_dl_daemon::serve: [bugb] os-tick alive_ms=219458 tasks_free=true
2026-08-25T10:50:57.026709Z  INFO smart_dl_daemon::bt_events: [bugb] batch START n=0 tick=428
2026-08-25T10:50:57.027895Z  INFO smart_dl_daemon::bt_events: [bugb] batch END n=0
2026-08-25T10:50:57.176024Z  INFO smart_dl_daemon::serve: [bugb] os-tick alive_ms=219759 tasks_free=true
2026-08-25T10:50:57.477757Z  INFO smart_dl_daemon::serve: [bugb] os-tick alive_ms=220061 tasks_free=true
2026-08-25T10:50:57.538166Z  INFO smart_dl_daemon::bt_events: [bugb] batch START n=0 tick=429
2026-08-25T10:50:57.539239Z  INFO smart_dl_daemon::bt_events: [bugb] batch END n=0
2026-08-25T10:50:57.780004Z  INFO smart_dl_daemon::serve: [bugb] os-tick alive_ms=220363 tasks_free=true
2026-08-25T10:50:58.052229Z  INFO smart_dl_daemon::bt_events: [bugb] batch START n=0 tick=430
2026-08-25T10:50:58.053898Z  INFO smart_dl_daemon::bt_events: [bugb] batch END n=0
2026-08-25T10:50:58.081324Z  INFO smart_dl_daemon::serve: [bugb] os-tick alive_ms=220665 tasks_free=true
2026-08-25T10:50:58.382400Z  INFO smart_dl_daemon::serve: [bugb] os-tick alive_ms=220966 tasks_free=true
2026-08-25T10:50:58.521297Z  INFO smart_dl_daemon::serve: [bugb] watchdog alive uptime_ms=221105
2026-08-25T10:50:58.559360Z  INFO smart_dl_daemon::bt_events: [bugb] batch START n=0 tick=431
2026-08-25T10:50:58.560287Z  INFO smart_dl_daemon::bt_events: [bugb] batch END n=0
2026-08-25T10:50:58.684885Z  INFO smart_dl_daemon::serve: [bugb] os-tick alive_ms=221268 tasks_free=true
2026-08-25T10:50:58.985860Z  INFO smart_dl_daemon::serve: [bugb] os-tick alive_ms=221569 tasks_free=true
2026-08-25T10:50:59.065211Z  INFO smart_dl_daemon::bt_events: [bugb] batch START n=0 tick=432
2026-08-25T10:50:59.066968Z  INFO smart_dl_daemon::bt_events: [bugb] batch END n=0
2026-08-25T10:50:59.287548Z  INFO smart_dl_daemon::serve: [bugb] os-tick alive_ms=221871 tasks_free=true
2026-08-25T10:50:59.569706Z  INFO smart_dl_daemon::bt_events: [bugb] batch START n=0 tick=433
2026-08-25T10:50:59.570257Z  INFO smart_dl_daemon::bt_events: [bugb] batch END n=0
2026-08-25T10:50:59.589525Z  INFO smart_dl_daemon::serve: [bugb] os-tick alive_ms=222173 tasks_free=true
2026-08-25T10:50:59.890729Z  INFO smart_dl_daemon::serve: [bugb] os-tick alive_ms=222474 tasks_free=true
2026-08-25T10:51:00.074932Z  INFO smart_dl_daemon::bt_events: [bugb] batch START n=0 tick=434
2026-08-25T10:51:00.075528Z  INFO smart_dl_daemon::bt_events: [bugb] batch END n=0
2026-08-25T10:51:00.207281Z  INFO smart_dl_daemon::serve: [bugb] os-tick alive_ms=222791 tasks_free=true
2026-08-25T10:51:00.508831Z  INFO smart_dl_daemon::serve: [bugb] os-tick alive_ms=223092 tasks_free=true
2026-08-25T10:51:00.536616Z  INFO smart_dl_daemon::serve: [bugb] watchdog alive uptime_ms=223120
2026-08-25T10:51:00.588787Z  INFO smart_dl_daemon::bt_events: [bugb] batch START n=0 tick=435
2026-08-25T10:51:00.589630Z  INFO smart_dl_daemon::bt_events: [bugb] batch END n=0
2026-08-25T10:51:00.810148Z  INFO smart_dl_daemon::serve: [bugb] os-tick alive_ms=223394 tasks_free=true
2026-08-25T10:51:01.093016Z  INFO smart_dl_daemon::bt_events: [bugb] batch START n=0 tick=436
2026-08-25T10:51:01.094009Z  INFO smart_dl_daemon::bt_events: [bugb] batch END n=0
2026-08-25T10:51:01.112107Z  INFO smart_dl_daemon::serve: [bugb] os-tick alive_ms=223696 tasks_free=true
2026-08-25T10:51:01.413222Z  INFO smart_dl_daemon::serve: [bugb] os-tick alive_ms=223997 tasks_free=true
2026-08-25T10:51:01.598125Z  INFO smart_dl_daemon::bt_events: [bugb] batch START n=0 tick=437
2026-08-25T10:51:01.599159Z  INFO smart_dl_daemon::bt_events: [bugb] batch END n=0
2026-08-25T10:51:01.715139Z  INFO smart_dl_daemon::serve: [bugb] os-tick alive_ms=224299 tasks_free=true
2026-08-25T10:51:02.016714Z  INFO smart_dl_daemon::serve: [bugb] os-tick alive_ms=224600 tasks_free=true
2026-08-25T10:51:02.102099Z  INFO smart_dl_daemon::bt_events: [bugb] batch START n=0 tick=438
2026-08-25T10:51:02.103053Z  INFO smart_dl_daemon::bt_events: [bugb] batch END n=0
2026-08-25T10:51:02.318764Z  INFO smart_dl_daemon::serve: [bugb] os-tick alive_ms=224902 tasks_free=true
2026-08-25T10:51:02.551221Z  INFO smart_dl_daemon::serve: [bugb] watchdog alive uptime_ms=225135
2026-08-25T10:51:02.613922Z  INFO smart_dl_daemon::bt_events: [bugb] batch START n=0 tick=439
2026-08-25T10:51:02.614843Z  INFO smart_dl_daemon::bt_events: [bugb] batch END n=0
2026-08-25T10:51:02.624811Z  INFO smart_dl_daemon::serve: [bugb] os-tick alive_ms=225208 tasks_free=true
2026-08-25T10:51:02.925973Z  INFO smart_dl_daemon::serve: [bugb] os-tick alive_ms=225509 tasks_free=true
2026-08-25T10:51:03.125152Z  INFO smart_dl_daemon::bt_events: [bugb] batch START n=0 tick=440
2026-08-25T10:51:03.126169Z  INFO smart_dl_daemon::bt_events: [bugb] batch END n=0
2026-08-25T10:51:03.227503Z  INFO smart_dl_daemon::serve: [bugb] os-tick alive_ms=225811 tasks_free=true
2026-08-25T10:51:03.529275Z  INFO smart_dl_daemon::serve: [bugb] os-tick alive_ms=226113 tasks_free=true
2026-08-25T10:51:03.635578Z  INFO smart_dl_daemon::bt_events: [bugb] alert-loop alive ticks=441 batch=0
2026-08-25T10:51:03.636626Z  INFO smart_dl_daemon::bt_events: [bugb] batch START n=0 tick=441
2026-08-25T10:51:03.637040Z  INFO smart_dl_daemon::bt_events: [bugb] batch END n=0
2026-08-25T10:51:03.831521Z  INFO smart_dl_daemon::serve: [bugb] os-tick alive_ms=226415 tasks_free=true
2026-08-25T10:51:04.133845Z  INFO smart_dl_daemon::serve: [bugb] os-tick alive_ms=226717 tasks_free=true
2026-08-25T10:51:04.139345Z  INFO smart_dl_daemon::bt_events: [bugb] batch START n=0 tick=442
2026-08-25T10:51:04.140818Z  INFO smart_dl_daemon::bt_events: [bugb] batch END n=0
2026-08-25T10:51:04.434911Z  INFO smart_dl_daemon::serve: [bugb] os-tick alive_ms=227018 tasks_free=true
2026-08-25T10:51:04.563677Z  INFO smart_dl_daemon::serve: [bugb] watchdog alive uptime_ms=227147
2026-08-25T10:51:04.645504Z  INFO smart_dl_daemon::bt_events: [bugb] batch START n=0 tick=443
2026-08-25T10:51:04.646443Z  INFO smart_dl_daemon::bt_events: [bugb] batch END n=0
2026-08-25T10:51:04.737206Z  INFO smart_dl_daemon::serve: [bugb] os-tick alive_ms=227321 tasks_free=true
2026-08-25T10:51:05.039360Z  INFO smart_dl_daemon::serve: [bugb] os-tick alive_ms=227623 tasks_free=true
2026-08-25T10:51:05.157679Z  INFO smart_dl_daemon::bt_events: [bugb] batch START n=0 tick=444
2026-08-25T10:51:05.159432Z  INFO smart_dl_daemon::bt_events: [bugb] batch END n=0
2026-08-25T10:51:05.341373Z  INFO smart_dl_daemon::serve: [bugb] os-tick alive_ms=227925 tasks_free=true
2026-08-25T10:51:05.643437Z  INFO smart_dl_daemon::serve: [bugb] os-tick alive_ms=228227 tasks_free=true
2026-08-25T10:51:05.661831Z  INFO smart_dl_daemon::bt_events: [bugb] batch START n=0 tick=445
2026-08-25T10:51:05.662694Z  INFO smart_dl_daemon::bt_events: [bugb] batch END n=0
2026-08-25T10:51:05.944934Z  INFO smart_dl_daemon::serve: [bugb] os-tick alive_ms=228528 tasks_free=true
2026-08-25T10:51:06.168198Z  INFO smart_dl_daemon::bt_events: [bugb] batch START n=0 tick=446
2026-08-25T10:51:06.169890Z  INFO smart_dl_daemon::bt_events: [bugb] batch END n=0
2026-08-25T10:51:06.246229Z  INFO smart_dl_daemon::serve: [bugb] os-tick alive_ms=228830 tasks_free=true
2026-08-25T10:51:06.548166Z  INFO smart_dl_daemon::serve: [bugb] os-tick alive_ms=229132 tasks_free=true
2026-08-25T10:51:06.574469Z  INFO smart_dl_daemon::serve: [bugb] watchdog alive uptime_ms=229158
2026-08-25T10:51:06.684190Z  INFO smart_dl_daemon::bt_events: [bugb] batch START n=0 tick=447
2026-08-25T10:51:06.684818Z  INFO smart_dl_daemon::bt_events: [bugb] batch END n=0
2026-08-25T10:51:06.849679Z  INFO smart_dl_daemon::serve: [bugb] os-tick alive_ms=229433 tasks_free=true
2026-08-25T10:51:07.151401Z  INFO smart_dl_daemon::serve: [bugb] os-tick alive_ms=229735 tasks_free=true
2026-08-25T10:51:07.195624Z  INFO smart_dl_daemon::bt_events: [bugb] batch START n=0 tick=448
2026-08-25T10:51:07.197232Z  INFO smart_dl_daemon::bt_events: [bugb] batch END n=0
2026-08-25T10:51:07.453547Z  INFO smart_dl_daemon::serve: [bugb] os-tick alive_ms=230037 tasks_free=true
2026-08-25T10:51:07.706130Z  INFO smart_dl_daemon::bt_events: [bugb] batch START n=0 tick=449
2026-08-25T10:51:07.707199Z  INFO smart_dl_daemon::bt_events: [bugb] batch END n=0
2026-08-25T10:51:07.755627Z  INFO smart_dl_daemon::serve: [bugb] os-tick alive_ms=230339 tasks_free=true
2026-08-25T10:51:08.057346Z  INFO smart_dl_daemon::serve: [bugb] os-tick alive_ms=230641 tasks_free=true
2026-08-25T10:51:08.209968Z  INFO smart_dl_daemon::bt_events: [bugb] batch START n=0 tick=450
2026-08-25T10:51:08.210968Z  INFO smart_dl_daemon::bt_events: [bugb] batch END n=0
2026-08-25T10:51:08.358772Z  INFO smart_dl_daemon::serve: [bugb] os-tick alive_ms=230942 tasks_free=true
2026-08-25T10:51:08.582184Z  INFO smart_dl_daemon::serve: [bugb] watchdog alive uptime_ms=231166
2026-08-25T10:51:08.659740Z  INFO smart_dl_daemon::serve: [bugb] os-tick alive_ms=231243 tasks_free=true
2026-08-25T10:51:08.718980Z  INFO smart_dl_daemon::bt_events: [bugb] batch START n=0 tick=451
2026-08-25T10:51:08.719867Z  INFO smart_dl_daemon::bt_events: [bugb] batch END n=0
2026-08-25T10:51:08.961362Z  INFO smart_dl_daemon::serve: [bugb] os-tick alive_ms=231545 tasks_free=true
2026-08-25T10:51:09.226644Z  INFO smart_dl_daemon::bt_events: [bugb] batch START n=0 tick=452
2026-08-25T10:51:09.228315Z  INFO smart_dl_daemon::bt_events: [bugb] batch END n=0
2026-08-25T10:51:09.262678Z  INFO smart_dl_daemon::serve: [bugb] os-tick alive_ms=231846 tasks_free=true
2026-08-25T10:51:09.564357Z  INFO smart_dl_daemon::serve: [bugb] os-tick alive_ms=232148 tasks_free=true
2026-08-25T10:51:09.732272Z  INFO smart_dl_daemon::bt_events: [bugb] batch START n=0 tick=453
2026-08-25T10:51:09.733358Z  INFO smart_dl_daemon::bt_events: [bugb] batch END n=0
2026-08-25T10:51:09.865950Z  INFO smart_dl_daemon::serve: [bugb] os-tick alive_ms=232449 tasks_free=true
2026-08-25T10:51:10.168761Z  INFO smart_dl_daemon::serve: [bugb] os-tick alive_ms=232752 tasks_free=true
2026-08-25T10:51:10.236068Z  INFO smart_dl_daemon::bt_events: [bugb] batch START n=0 tick=454
2026-08-25T10:51:10.237021Z  INFO smart_dl_daemon::bt_events: [bugb] batch END n=0
2026-08-25T10:51:10.470019Z  INFO smart_dl_daemon::serve: [bugb] os-tick alive_ms=233053 tasks_free=true
2026-08-25T10:51:10.592468Z  INFO smart_dl_daemon::serve: [bugb] watchdog alive uptime_ms=233176
2026-08-25T10:51:10.749647Z  INFO smart_dl_daemon::bt_events: [bugb] batch START n=0 tick=455
2026-08-25T10:51:10.750737Z  INFO smart_dl_daemon::bt_events: [bugb] batch END n=0
2026-08-25T10:51:10.771827Z  INFO smart_dl_daemon::serve: [bugb] os-tick alive_ms=233355 tasks_free=true
2026-08-25T10:51:11.073197Z  INFO smart_dl_daemon::serve: [bugb] os-tick alive_ms=233657 tasks_free=true
2026-08-25T10:51:11.259814Z  INFO smart_dl_daemon::bt_events: [bugb] batch START n=0 tick=456
2026-08-25T10:51:11.260915Z  INFO smart_dl_daemon::bt_events: [bugb] batch END n=0
2026-08-25T10:51:11.374356Z  INFO smart_dl_daemon::serve: [bugb] os-tick alive_ms=233958 tasks_free=true
2026-08-25T10:51:11.675466Z  INFO smart_dl_daemon::serve: [bugb] os-tick alive_ms=234259 tasks_free=true
2026-08-25T10:51:11.765076Z  INFO smart_dl_daemon::bt_events: [bugb] batch START n=0 tick=457
2026-08-25T10:51:11.766173Z  INFO smart_dl_daemon::bt_events: [bugb] batch END n=0
2026-08-25T10:51:11.978756Z  INFO smart_dl_daemon::serve: [bugb] os-tick alive_ms=234562 tasks_free=true
2026-08-25T10:51:12.279673Z  INFO smart_dl_daemon::bt_events: [bugb] batch START n=0 tick=458
2026-08-25T10:51:12.280782Z  INFO smart_dl_daemon::bt_events: [bugb] batch END n=0
2026-08-25T10:51:12.280114Z  INFO smart_dl_daemon::serve: [bugb] os-tick alive_ms=234864 tasks_free=true
2026-08-25T10:51:12.582044Z  INFO smart_dl_daemon::serve: [bugb] os-tick alive_ms=235165 tasks_free=true
2026-08-25T10:51:12.601731Z  INFO smart_dl_daemon::serve: [bugb] watchdog alive uptime_ms=235185
2026-08-25T10:51:12.785812Z  INFO smart_dl_daemon::bt_events: [bugb] batch START n=0 tick=459
2026-08-25T10:51:12.786991Z  INFO smart_dl_daemon::bt_events: [bugb] batch END n=0
2026-08-25T10:51:12.884079Z  INFO smart_dl_daemon::serve: [bugb] os-tick alive_ms=235468 tasks_free=true
2026-08-25T10:51:13.185318Z  INFO smart_dl_daemon::serve: [bugb] os-tick alive_ms=235769 tasks_free=true
2026-08-25T10:51:13.288322Z  INFO smart_dl_daemon::bt_events: [bugb] batch START n=0 tick=460
2026-08-25T10:51:13.289958Z  INFO smart_dl_daemon::bt_events: [bugb] batch END n=0
2026-08-25T10:51:13.486875Z  INFO smart_dl_daemon::serve: [bugb] os-tick alive_ms=236070 tasks_free=true
2026-08-25T10:51:13.788374Z  INFO smart_dl_daemon::serve: [bugb] os-tick alive_ms=236372 tasks_free=true
2026-08-25T10:51:13.794127Z  INFO smart_dl_daemon::bt_events: [bugb] alert-loop alive ticks=461 batch=0
2026-08-25T10:51:13.795451Z  INFO smart_dl_daemon::bt_events: [bugb] batch START n=0 tick=461
2026-08-25T10:51:13.796457Z  INFO smart_dl_daemon::bt_events: [bugb] batch END n=0
2026-08-25T10:51:14.090304Z  INFO smart_dl_daemon::serve: [bugb] os-tick alive_ms=236674 tasks_free=true
2026-08-25T10:51:14.303057Z  INFO smart_dl_daemon::bt_events: [bugb] batch START n=0 tick=462
2026-08-25T10:51:14.391889Z  INFO smart_dl_daemon::serve: [bugb] os-tick alive_ms=236975 tasks_free=true
2026-08-25T10:51:14.446421Z  INFO smart_dl_daemon::bt_events: [bugb] batch END n=0
2026-08-25T10:51:14.607491Z  INFO smart_dl_daemon::serve: [bugb] watchdog alive uptime_ms=237191
2026-08-25T10:51:14.747524Z  INFO smart_dl_daemon::serve: [bugb] os-tick alive_ms=237331 tasks_free=true
2026-08-25T10:51:14.950097Z  INFO smart_dl_daemon::bt_events: [bugb] batch START n=0 tick=463
2026-08-25T10:51:14.965944Z  INFO smart_dl_daemon::bt_events: [bugb] batch END n=0
2026-08-25T10:51:15.048905Z  INFO smart_dl_daemon::serve: [bugb] os-tick alive_ms=237632 tasks_free=true
2026-08-25T10:51:15.351668Z  INFO smart_dl_daemon::serve: [bugb] os-tick alive_ms=237935 tasks_free=true
2026-08-25T10:51:15.473506Z  INFO smart_dl_daemon::bt_events: [bugb] batch START n=0 tick=464
2026-08-25T10:51:15.474391Z  INFO smart_dl_daemon::bt_events: [bugb] batch END n=0
2026-08-25T10:51:15.653711Z  INFO smart_dl_daemon::serve: [bugb] os-tick alive_ms=238237 tasks_free=true
2026-08-25T10:51:15.955056Z  INFO smart_dl_daemon::serve: [bugb] os-tick alive_ms=238538 tasks_free=true
2026-08-25T10:51:15.976460Z  INFO smart_dl_daemon::bt_events: [bugb] batch START n=0 tick=465
2026-08-25T10:51:15.977334Z  INFO smart_dl_daemon::bt_events: [bugb] batch END n=0
2026-08-25T10:51:16.255918Z  INFO smart_dl_daemon::serve: [bugb] os-tick alive_ms=238839 tasks_free=true
2026-08-25T10:51:16.489362Z  INFO smart_dl_daemon::bt_events: [bugb] batch START n=0 tick=466
2026-08-25T10:51:16.489951Z  INFO smart_dl_daemon::bt_events: [bugb] batch END n=0
2026-08-25T10:51:16.557151Z  INFO smart_dl_daemon::serve: [bugb] os-tick alive_ms=239141 tasks_free=true
2026-08-25T10:51:16.618006Z  INFO smart_dl_daemon::serve: [bugb] watchdog alive uptime_ms=239201
2026-08-25T10:51:16.858887Z  INFO smart_dl_daemon::serve: [bugb] os-tick alive_ms=239442 tasks_free=true
2026-08-25T10:51:16.999021Z  INFO smart_dl_daemon::bt_events: [bugb] batch START n=0 tick=467
2026-08-25T10:51:17.017619Z  INFO smart_dl_daemon::bt_events: [bugb] batch END n=0
2026-08-25T10:51:17.160203Z  INFO smart_dl_daemon::serve: [bugb] os-tick alive_ms=239744 tasks_free=true
2026-08-25T10:51:17.461584Z  INFO smart_dl_daemon::serve: [bugb] os-tick alive_ms=240045 tasks_free=true
2026-08-25T10:51:17.527751Z  INFO smart_dl_daemon::bt_events: [bugb] batch START n=0 tick=468
2026-08-25T10:51:17.528440Z  INFO smart_dl_daemon::bt_events: [bugb] batch END n=0
2026-08-25T10:51:17.763362Z  INFO smart_dl_daemon::serve: [bugb] os-tick alive_ms=240347 tasks_free=true
2026-08-25T10:51:18.037583Z  INFO smart_dl_daemon::bt_events: [bugb] batch START n=0 tick=469
2026-08-25T10:51:18.038639Z  INFO smart_dl_daemon::bt_events: [bugb] batch END n=0
2026-08-25T10:51:18.065449Z  INFO smart_dl_daemon::serve: [bugb] os-tick alive_ms=240649 tasks_free=true
2026-08-25T10:51:18.366611Z  INFO smart_dl_daemon::serve: [bugb] os-tick alive_ms=240950 tasks_free=true
2026-08-25T10:51:18.543402Z  INFO smart_dl_daemon::bt_events: [bugb] batch START n=0 tick=470
2026-08-25T10:51:18.544432Z  INFO smart_dl_daemon::bt_events: [bugb] batch END n=0
2026-08-25T10:51:18.624955Z  INFO smart_dl_daemon::serve: [bugb] watchdog alive uptime_ms=241208
2026-08-25T10:51:18.625093Z  INFO smart_dl_provider::coordinator: [bugb] poll_ready → Ready ptid=mock-1 elapsed_ms=240193
2026-08-25T10:51:18.626317Z  INFO smart_dl_provider::coordinator: [bugb] coord ready ptid=mock-1 → resolve
2026-08-25T10:51:18.626691Z  INFO smart_dl_provider::coordinator: [bugb] coord resolve ok ptid=mock-1 files=1 sizes=[2097152] → transfer
2026-08-25T10:51:18.627063Z  INFO smart_dl_provider::coordinator: [bugb] coord sink.transfer begin tid=t1-mockfile.bin size=2097152
2026-08-25T10:51:18.627456Z  INFO smart_dl_daemon::state: [bugb] sink transfer enter task=t1-mockfile.bin name=Some("mockfile.bin") dest_root="E:/Code/ai/smart-downloader/out/bugb/run-A-20260825-184716/downloads"
2026-08-25T10:51:18.651839Z  INFO smart_dl_daemon::state: [bugb] sink transfer http.add OK tid=t1-mockfile.bin → poll loop
2026-08-25T10:51:18.652500Z  INFO smart_dl_daemon::state: [bugb] sink first-poll tid=t1-mockfile.bin state="t1-mockfile.bin" done=0/2097152
2026-08-25T10:51:18.668064Z  INFO smart_dl_daemon::serve: [bugb] os-tick alive_ms=241251 tasks_free=true
2026-08-25T10:51:18.985705Z  INFO smart_dl_daemon::serve: [bugb] os-tick alive_ms=241569 tasks_free=true
2026-08-25T10:51:19.051011Z  INFO smart_dl_daemon::bt_events: [bugb] batch START n=0 tick=471
2026-08-25T10:51:19.052426Z  INFO smart_dl_daemon::bt_events: [bugb] batch END n=0
2026-08-25T10:51:19.271210Z  INFO smart_dl_daemon::state: [bugb] sink terminal tid=t1-mockfile.bin ok=false
2026-08-25T10:51:19.272365Z  INFO smart_dl_daemon::state: [bugb] sink engine.remove done tid=t1-mockfile.bin
2026-08-25T10:51:19.287071Z  INFO smart_dl_daemon::serve: [bugb] os-tick alive_ms=241870 tasks_free=true
2026-08-25T10:51:19.566567Z  INFO smart_dl_daemon::bt_events: [bugb] batch START n=0 tick=472
2026-08-25T10:51:19.567757Z  INFO smart_dl_daemon::bt_events: [bugb] batch END n=0
2026-08-25T10:51:19.588187Z  INFO smart_dl_daemon::serve: [bugb] os-tick alive_ms=242172 tasks_free=true
2026-08-25T10:51:19.889576Z  INFO smart_dl_daemon::serve: [bugb] os-tick alive_ms=242473 tasks_free=true
2026-08-25T10:51:20.076676Z  INFO smart_dl_daemon::bt_events: [bugb] batch START n=0 tick=473
2026-08-25T10:51:20.077632Z  INFO smart_dl_daemon::bt_events: [bugb] batch END n=0
2026-08-25T10:51:20.191250Z  INFO smart_dl_daemon::serve: [bugb] os-tick alive_ms=242775 tasks_free=true
2026-08-25T10:51:20.492711Z  INFO smart_dl_daemon::serve: [bugb] os-tick alive_ms=243076 tasks_free=true
2026-08-25T10:51:20.587346Z  INFO smart_dl_daemon::bt_events: [bugb] batch START n=0 tick=474
2026-08-25T10:51:20.588202Z  INFO smart_dl_daemon::bt_events: [bugb] batch END n=0
2026-08-25T10:51:20.635293Z  INFO smart_dl_daemon::serve: [bugb] watchdog alive uptime_ms=243219
