2026-08-25T10:53:56.290854Z  INFO smart_dl_daemon::serve: 单实例锁已持有: "E:/Code/ai/smart-downloader/out/bugb/run-A-20260825-185355/daemon.lock"
2026-08-25T10:53:56.308606Z  INFO smart_dl_daemon::serve: [bugb] mock provider 注入直链: http://127.0.0.1:21228/mockfile.bin
2026-08-25T10:53:56.324132Z  INFO smart_dl_daemon::serve: [bugb] mock provider 延迟 Ready: 240s
2026-08-25T10:53:56.341812Z  INFO smart_dl_daemon::serve: 云兜底已启用（provider=mock，开发占位）
2026-08-25T10:53:56.395360Z  INFO smart_dl_daemon::serve: BT 引擎已启用, 落盘: "E:/Code/ai/smart-downloader/out/bugb/run-A-20260825-185355/downloads"
2026-08-25T10:53:56.398357Z  INFO smart_dl_daemon::serve: smart-dl-daemon 监听 127.0.0.1:18165
2026-08-25T10:53:56.701001Z  INFO smart_dl_daemon::serve: [bugb] os-tick alive_ms=302 tasks_free=true
2026-08-25T10:53:56.773704Z  INFO smart_dl_daemon::bt: [bugb] bt add 注入直连 peer 127.0.0.1:16961 ih=a6453589c479ace6613048fb3c607a77495a3f7c
2026-08-25T10:53:56.774576Z  INFO smart_dl_daemon::state: [bugb] autosave BEGIN path="E:/Code/ai/smart-downloader/out/bugb/run-A-20260825-185355/tasks.json"
2026-08-25T10:53:56.775575Z  INFO smart_dl_daemon::state: [bugb] autosave END
2026-08-25T10:53:56.779984Z  INFO smart_dl_daemon::bt: [bugb] bt::pause enter ih=a6453589c479ace6613048fb3c607a77495a3f7c
2026-08-25T10:53:56.780553Z  INFO smart_dl_daemon::bt: [bugb] fastresume request ih=a6453589c479ace6613048fb3c607a77495a3f7c
2026-08-25T10:53:56.781099Z  INFO smart_dl_daemon::bt: [bugb] fastresume ready ih=a6453589c479ace6613048fb3c607a77495a3f7c elapsed_ms=0
2026-08-25T10:53:56.782243Z  INFO smart_dl_daemon::bt: [bugb] bt::pause exit ih=a6453589c479ace6613048fb3c607a77495a3f7c elapsed_ms=2
2026-08-25T10:53:56.899231Z  INFO smart_dl_daemon::bt_events: [bugb] alert-loop alive ticks=1 batch=0
2026-08-25T10:53:56.900355Z  INFO smart_dl_daemon::bt_events: [bugb] batch START n=0 tick=1
2026-08-25T10:53:56.900877Z  INFO smart_dl_daemon::bt_events: [bugb] batch END n=0
2026-08-25T10:53:57.002135Z  INFO smart_dl_daemon::serve: [bugb] os-tick alive_ms=603 tasks_free=true
2026-08-25T10:53:57.303334Z  INFO smart_dl_daemon::serve: [bugb] os-tick alive_ms=904 tasks_free=true
2026-08-25T10:53:57.307556Z  INFO smart_dl_daemon::state: [bugb] fallback enter id=t1
2026-08-25T10:53:57.308087Z  INFO smart_dl_daemon::state: [bugb] fallback gate-passed id=t1 bt_progress=0.0000 → begin_fallback (0ms)
2026-08-25T10:53:57.308481Z  INFO smart_dl_provider::coordinator: [bugb] coord submit begin provider=mock
2026-08-25T10:53:57.308962Z  INFO smart_dl_provider::coordinator: [bugb] coord submit ok ptid=mock-1 → poll_ready
2026-08-25T10:53:57.309292Z  INFO smart_dl_provider::coordinator: [bugb] poll_ready verdict None → Downloading elapsed_ms=0
2026-08-25T10:53:57.403308Z  INFO smart_dl_daemon::bt_events: [bugb] batch START n=0 tick=2
2026-08-25T10:53:57.404539Z  INFO smart_dl_daemon::bt_events: [bugb] batch END n=0
2026-08-25T10:53:57.604066Z  INFO smart_dl_daemon::serve: [bugb] os-tick alive_ms=1205 tasks_free=true
2026-08-25T10:53:57.908508Z  INFO smart_dl_daemon::serve: [bugb] os-tick alive_ms=1509 tasks_free=true
2026-08-25T10:53:57.912686Z  INFO smart_dl_daemon::bt_events: [bugb] batch START n=76 tick=3
2026-08-25T10:53:57.932216Z  INFO smart_dl_daemon::bt_events: [bugb] batch END n=76
2026-08-25T10:53:58.217029Z  INFO smart_dl_daemon::serve: [bugb] os-tick alive_ms=1818 tasks_free=true
2026-08-25T10:53:58.408338Z  INFO smart_dl_daemon::serve: [bugb] watchdog alive uptime_ms=2009
2026-08-25T10:53:58.443179Z  INFO smart_dl_daemon::bt_events: [bugb] batch START n=0 tick=4
2026-08-25T10:53:58.450969Z  INFO smart_dl_daemon::bt_events: [bugb] batch END n=0
2026-08-25T10:53:58.545673Z  INFO smart_dl_daemon::serve: [bugb] os-tick alive_ms=2146 tasks_free=true
2026-08-25T10:53:58.854479Z  INFO smart_dl_daemon::serve: [bugb] os-tick alive_ms=2455 tasks_free=true
2026-08-25T10:53:58.969250Z  INFO smart_dl_daemon::bt_events: [bugb] batch START n=0 tick=5
2026-08-25T10:53:58.985815Z  INFO smart_dl_daemon::bt_events: [bugb] batch END n=0
2026-08-25T10:53:59.166203Z  INFO smart_dl_daemon::serve: [bugb] os-tick alive_ms=2767 tasks_free=true
2026-08-25T10:53:59.468316Z  INFO smart_dl_daemon::serve: [bugb] os-tick alive_ms=3069 tasks_free=true
2026-08-25T10:53:59.507365Z  INFO smart_dl_daemon::bt_events: [bugb] batch START n=0 tick=6
2026-08-25T10:53:59.508577Z  INFO smart_dl_daemon::bt_events: [bugb] batch END n=0
2026-08-25T10:53:59.792258Z  INFO smart_dl_daemon::serve: [bugb] os-tick alive_ms=3393 tasks_free=true
2026-08-25T10:54:00.030634Z  INFO smart_dl_daemon::bt_events: [bugb] batch START n=0 tick=7
2026-08-25T10:54:00.243903Z  INFO smart_dl_daemon::serve: [bugb] os-tick alive_ms=3844 tasks_free=true
2026-08-25T10:54:00.388954Z  INFO smart_dl_daemon::bt_events: [bugb] batch END n=0
2026-08-25T10:54:00.468304Z  INFO smart_dl_daemon::serve: [bugb] watchdog alive uptime_ms=4069
2026-08-25T10:54:00.767116Z  INFO smart_dl_daemon::serve: [bugb] os-tick alive_ms=4368 tasks_free=true
2026-08-25T10:54:00.968687Z  INFO smart_dl_daemon::bt_events: [bugb] batch START n=0 tick=8
2026-08-25T10:54:00.969835Z  INFO smart_dl_daemon::bt_events: [bugb] batch END n=0
2026-08-25T10:54:01.068487Z  INFO smart_dl_daemon::serve: [bugb] os-tick alive_ms=4669 tasks_free=true
2026-08-25T10:54:01.369980Z  INFO smart_dl_daemon::serve: [bugb] os-tick alive_ms=4971 tasks_free=true
2026-08-25T10:54:01.484350Z  INFO smart_dl_daemon::bt_events: [bugb] batch START n=0 tick=9
2026-08-25T10:54:01.485599Z  INFO smart_dl_daemon::bt_events: [bugb] batch END n=0
2026-08-25T10:54:01.671610Z  INFO smart_dl_daemon::serve: [bugb] os-tick alive_ms=5272 tasks_free=true
2026-08-25T10:54:01.973775Z  INFO smart_dl_daemon::serve: [bugb] os-tick alive_ms=5574 tasks_free=true
2026-08-25T10:54:01.988694Z  INFO smart_dl_daemon::bt_events: [bugb] batch START n=0 tick=10
2026-08-25T10:54:01.989509Z  INFO smart_dl_daemon::bt_events: [bugb] batch END n=0
2026-08-25T10:54:02.274568Z  INFO smart_dl_daemon::serve: [bugb] os-tick alive_ms=5875 tasks_free=true
2026-08-25T10:54:02.498562Z  INFO smart_dl_daemon::bt_events: [bugb] batch START n=0 tick=11
2026-08-25T10:54:02.499478Z  INFO smart_dl_daemon::bt_events: [bugb] batch END n=0
2026-08-25T10:54:02.522274Z  INFO smart_dl_daemon::serve: [bugb] watchdog alive uptime_ms=6123
2026-08-25T10:54:02.575501Z  INFO smart_dl_daemon::serve: [bugb] os-tick alive_ms=6176 tasks_free=true
2026-08-25T10:54:02.876756Z  INFO smart_dl_daemon::serve: [bugb] os-tick alive_ms=6477 tasks_free=true
2026-08-25T10:54:03.010388Z  INFO smart_dl_daemon::bt_events: [bugb] batch START n=0 tick=12
2026-08-25T10:54:03.011419Z  INFO smart_dl_daemon::bt_events: [bugb] batch END n=0
2026-08-25T10:54:03.178223Z  INFO smart_dl_daemon::serve: [bugb] os-tick alive_ms=6779 tasks_free=true
2026-08-25T10:54:03.479856Z  INFO smart_dl_daemon::serve: [bugb] os-tick alive_ms=7080 tasks_free=true
2026-08-25T10:54:03.516776Z  INFO smart_dl_daemon::bt_events: [bugb] batch START n=0 tick=13
2026-08-25T10:54:03.517623Z  INFO smart_dl_daemon::bt_events: [bugb] batch END n=0
2026-08-25T10:54:03.781260Z  INFO smart_dl_daemon::serve: [bugb] os-tick alive_ms=7382 tasks_free=true
2026-08-25T10:54:04.019934Z  INFO smart_dl_daemon::bt_events: [bugb] batch START n=0 tick=14
2026-08-25T10:54:04.021016Z  INFO smart_dl_daemon::bt_events: [bugb] batch END n=0
2026-08-25T10:54:04.082313Z  INFO smart_dl_daemon::serve: [bugb] os-tick alive_ms=7683 tasks_free=true
2026-08-25T10:54:04.383477Z  INFO smart_dl_daemon::serve: [bugb] os-tick alive_ms=7984 tasks_free=true
2026-08-25T10:54:04.532680Z  INFO smart_dl_daemon::serve: [bugb] watchdog alive uptime_ms=8133
2026-08-25T10:54:04.532680Z  INFO smart_dl_daemon::bt_events: [bugb] batch START n=0 tick=15
2026-08-25T10:54:04.533559Z  INFO smart_dl_daemon::bt_events: [bugb] batch END n=0
2026-08-25T10:54:04.685027Z  INFO smart_dl_daemon::serve: [bugb] os-tick alive_ms=8286 tasks_free=true
2026-08-25T10:54:04.986382Z  INFO smart_dl_daemon::serve: [bugb] os-tick alive_ms=8587 tasks_free=true
2026-08-25T10:54:05.048274Z  INFO smart_dl_daemon::bt_events: [bugb] batch START n=0 tick=16
2026-08-25T10:54:05.049629Z  INFO smart_dl_daemon::bt_events: [bugb] batch END n=0
2026-08-25T10:54:05.287962Z  INFO smart_dl_daemon::serve: [bugb] os-tick alive_ms=8889 tasks_free=true
2026-08-25T10:54:05.557629Z  INFO smart_dl_daemon::bt_events: [bugb] batch START n=0 tick=17
2026-08-25T10:54:05.565396Z  INFO smart_dl_daemon::bt_events: [bugb] batch END n=0
2026-08-25T10:54:05.590006Z  INFO smart_dl_daemon::serve: [bugb] os-tick alive_ms=9191 tasks_free=true
2026-08-25T10:54:05.891875Z  INFO smart_dl_daemon::serve: [bugb] os-tick alive_ms=9492 tasks_free=true
2026-08-25T10:54:06.075725Z  INFO smart_dl_daemon::bt_events: [bugb] batch START n=0 tick=18
2026-08-25T10:54:06.076670Z  INFO smart_dl_daemon::bt_events: [bugb] batch END n=0
2026-08-25T10:54:06.192637Z  INFO smart_dl_daemon::serve: [bugb] os-tick alive_ms=9793 tasks_free=true
2026-08-25T10:54:06.493922Z  INFO smart_dl_daemon::serve: [bugb] os-tick alive_ms=10094 tasks_free=true
2026-08-25T10:54:06.542083Z  INFO smart_dl_daemon::serve: [bugb] watchdog alive uptime_ms=10143
2026-08-25T10:54:06.577453Z  INFO smart_dl_daemon::bt_events: [bugb] batch START n=0 tick=19
2026-08-25T10:54:06.578561Z  INFO smart_dl_daemon::bt_events: [bugb] batch END n=0
2026-08-25T10:54:06.795089Z  INFO smart_dl_daemon::serve: [bugb] os-tick alive_ms=10396 tasks_free=true
2026-08-25T10:54:07.086535Z  INFO smart_dl_daemon::bt_events: [bugb] batch START n=0 tick=20
2026-08-25T10:54:07.087559Z  INFO smart_dl_daemon::bt_events: [bugb] batch END n=0
2026-08-25T10:54:07.096305Z  INFO smart_dl_daemon::serve: [bugb] os-tick alive_ms=10697 tasks_free=true
2026-08-25T10:54:07.397964Z  INFO smart_dl_daemon::serve: [bugb] os-tick alive_ms=10999 tasks_free=true
2026-08-25T10:54:07.592151Z  INFO smart_dl_daemon::bt_events: [bugb] alert-loop alive ticks=21 batch=0
2026-08-25T10:54:07.593383Z  INFO smart_dl_daemon::bt_events: [bugb] batch START n=0 tick=21
2026-08-25T10:54:07.593760Z  INFO smart_dl_daemon::bt_events: [bugb] batch END n=0
2026-08-25T10:54:07.699919Z  INFO smart_dl_daemon::serve: [bugb] os-tick alive_ms=11300 tasks_free=true
2026-08-25T10:54:08.001029Z  INFO smart_dl_daemon::serve: [bugb] os-tick alive_ms=11602 tasks_free=true
2026-08-25T10:54:08.102178Z  INFO smart_dl_daemon::bt_events: [bugb] batch START n=0 tick=22
2026-08-25T10:54:08.103172Z  INFO smart_dl_daemon::bt_events: [bugb] batch END n=0
2026-08-25T10:54:08.302575Z  INFO smart_dl_daemon::serve: [bugb] os-tick alive_ms=11903 tasks_free=true
2026-08-25T10:54:08.547902Z  INFO smart_dl_daemon::serve: [bugb] watchdog alive uptime_ms=12148
2026-08-25T10:54:08.603871Z  INFO smart_dl_daemon::serve: [bugb] os-tick alive_ms=12204 tasks_free=true
2026-08-25T10:54:08.618289Z  INFO smart_dl_daemon::bt_events: [bugb] batch START n=0 tick=23
2026-08-25T10:54:08.619306Z  INFO smart_dl_daemon::bt_events: [bugb] batch END n=0
2026-08-25T10:54:08.904820Z  INFO smart_dl_daemon::serve: [bugb] os-tick alive_ms=12505 tasks_free=true
2026-08-25T10:54:09.131069Z  INFO smart_dl_daemon::bt_events: [bugb] batch START n=0 tick=24
2026-08-25T10:54:09.132243Z  INFO smart_dl_daemon::bt_events: [bugb] batch END n=0
2026-08-25T10:54:09.206073Z  INFO smart_dl_daemon::serve: [bugb] os-tick alive_ms=12807 tasks_free=true
2026-08-25T10:54:09.507258Z  INFO smart_dl_daemon::serve: [bugb] os-tick alive_ms=13108 tasks_free=true
2026-08-25T10:54:09.639195Z  INFO smart_dl_daemon::bt_events: [bugb] batch START n=0 tick=25
2026-08-25T10:54:09.640124Z  INFO smart_dl_daemon::bt_events: [bugb] batch END n=0
2026-08-25T10:54:09.808366Z  INFO smart_dl_daemon::serve: [bugb] os-tick alive_ms=13409 tasks_free=true
2026-08-25T10:54:10.109625Z  INFO smart_dl_daemon::serve: [bugb] os-tick alive_ms=13710 tasks_free=true
2026-08-25T10:54:10.150973Z  INFO smart_dl_daemon::bt_events: [bugb] batch START n=0 tick=26
2026-08-25T10:54:10.151918Z  INFO smart_dl_daemon::bt_events: [bugb] batch END n=0
2026-08-25T10:54:10.410962Z  INFO smart_dl_daemon::serve: [bugb] os-tick alive_ms=14012 tasks_free=true
2026-08-25T10:54:10.561444Z  INFO smart_dl_daemon::serve: [bugb] watchdog alive uptime_ms=14162
2026-08-25T10:54:10.663435Z  INFO smart_dl_daemon::bt_events: [bugb] batch START n=0 tick=27
2026-08-25T10:54:10.664657Z  INFO smart_dl_daemon::bt_events: [bugb] batch END n=0
2026-08-25T10:54:10.712648Z  INFO smart_dl_daemon::serve: [bugb] os-tick alive_ms=14313 tasks_free=true
2026-08-25T10:54:11.013559Z  INFO smart_dl_daemon::serve: [bugb] os-tick alive_ms=14614 tasks_free=true
2026-08-25T10:54:11.172743Z  INFO smart_dl_daemon::bt_events: [bugb] batch START n=0 tick=28
2026-08-25T10:54:11.174197Z  INFO smart_dl_daemon::bt_events: [bugb] batch END n=0
2026-08-25T10:54:11.314631Z  INFO smart_dl_daemon::serve: [bugb] os-tick alive_ms=14915 tasks_free=true
2026-08-25T10:54:11.616122Z  INFO smart_dl_daemon::serve: [bugb] os-tick alive_ms=15217 tasks_free=true
2026-08-25T10:54:11.684833Z  INFO smart_dl_daemon::bt_events: [bugb] batch START n=0 tick=29
2026-08-25T10:54:11.686056Z  INFO smart_dl_daemon::bt_events: [bugb] batch END n=0
2026-08-25T10:54:11.918403Z  INFO smart_dl_daemon::serve: [bugb] os-tick alive_ms=15519 tasks_free=true
2026-08-25T10:54:12.188885Z  INFO smart_dl_daemon::bt_events: [bugb] batch START n=0 tick=30
2026-08-25T10:54:12.189962Z  INFO smart_dl_daemon::bt_events: [bugb] batch END n=0
2026-08-25T10:54:12.219901Z  INFO smart_dl_daemon::serve: [bugb] os-tick alive_ms=15820 tasks_free=true
2026-08-25T10:54:12.521353Z  INFO smart_dl_daemon::serve: [bugb] os-tick alive_ms=16122 tasks_free=true
2026-08-25T10:54:12.566925Z  INFO smart_dl_daemon::serve: [bugb] watchdog alive uptime_ms=16167
2026-08-25T10:54:12.695578Z  INFO smart_dl_daemon::bt_events: [bugb] batch START n=0 tick=31
2026-08-25T10:54:12.697033Z  INFO smart_dl_daemon::bt_events: [bugb] batch END n=0
2026-08-25T10:54:12.823256Z  INFO smart_dl_daemon::serve: [bugb] os-tick alive_ms=16424 tasks_free=true
2026-08-25T10:54:13.124701Z  INFO smart_dl_daemon::serve: [bugb] os-tick alive_ms=16725 tasks_free=true
2026-08-25T10:54:13.200204Z  INFO smart_dl_daemon::bt_events: [bugb] batch START n=0 tick=32
2026-08-25T10:54:13.201150Z  INFO smart_dl_daemon::bt_events: [bugb] batch END n=0
2026-08-25T10:54:13.426710Z  INFO smart_dl_daemon::serve: [bugb] os-tick alive_ms=17027 tasks_free=true
2026-08-25T10:54:13.711145Z  INFO smart_dl_daemon::bt_events: [bugb] batch START n=0 tick=33
2026-08-25T10:54:13.712215Z  INFO smart_dl_daemon::bt_events: [bugb] batch END n=0
2026-08-25T10:54:13.727663Z  INFO smart_dl_daemon::serve: [bugb] os-tick alive_ms=17328 tasks_free=true
2026-08-25T10:54:14.028794Z  INFO smart_dl_daemon::serve: [bugb] os-tick alive_ms=17629 tasks_free=true
2026-08-25T10:54:14.215422Z  INFO smart_dl_daemon::bt_events: [bugb] batch START n=0 tick=34
2026-08-25T10:54:14.216871Z  INFO smart_dl_daemon::bt_events: [bugb] batch END n=0
2026-08-25T10:54:14.330400Z  INFO smart_dl_daemon::serve: [bugb] os-tick alive_ms=17931 tasks_free=true
2026-08-25T10:54:14.572790Z  INFO smart_dl_daemon::serve: [bugb] watchdog alive uptime_ms=18173
2026-08-25T10:54:14.631716Z  INFO smart_dl_daemon::serve: [bugb] os-tick alive_ms=18232 tasks_free=true
2026-08-25T10:54:14.722863Z  INFO smart_dl_daemon::bt_events: [bugb] batch START n=0 tick=35
2026-08-25T10:54:14.723932Z  INFO smart_dl_daemon::bt_events: [bugb] batch END n=0
2026-08-25T10:54:14.932417Z  INFO smart_dl_daemon::serve: [bugb] os-tick alive_ms=18533 tasks_free=true
2026-08-25T10:54:15.233770Z  INFO smart_dl_daemon::serve: [bugb] os-tick alive_ms=18834 tasks_free=true
2026-08-25T10:54:15.237904Z  INFO smart_dl_daemon::bt_events: [bugb] batch START n=0 tick=36
2026-08-25T10:54:15.238321Z  INFO smart_dl_daemon::bt_events: [bugb] batch END n=0
2026-08-25T10:54:15.535078Z  INFO smart_dl_daemon::serve: [bugb] os-tick alive_ms=19136 tasks_free=true
2026-08-25T10:54:15.751865Z  INFO smart_dl_daemon::bt_events: [bugb] batch START n=0 tick=37
2026-08-25T10:54:15.752872Z  INFO smart_dl_daemon::bt_events: [bugb] batch END n=0
2026-08-25T10:54:15.836725Z  INFO smart_dl_daemon::serve: [bugb] os-tick alive_ms=19437 tasks_free=true
2026-08-25T10:54:16.138674Z  INFO smart_dl_daemon::serve: [bugb] os-tick alive_ms=19739 tasks_free=true
2026-08-25T10:54:16.264544Z  INFO smart_dl_daemon::bt_events: [bugb] batch START n=0 tick=38
2026-08-25T10:54:16.265498Z  INFO smart_dl_daemon::bt_events: [bugb] batch END n=0
2026-08-25T10:54:16.440472Z  INFO smart_dl_daemon::serve: [bugb] os-tick alive_ms=20041 tasks_free=true
2026-08-25T10:54:16.582005Z  INFO smart_dl_daemon::serve: [bugb] watchdog alive uptime_ms=20183
2026-08-25T10:54:16.741386Z  INFO smart_dl_daemon::serve: [bugb] os-tick alive_ms=20342 tasks_free=true
2026-08-25T10:54:16.775990Z  INFO smart_dl_daemon::bt_events: [bugb] batch START n=0 tick=39
2026-08-25T10:54:16.776973Z  INFO smart_dl_daemon::bt_events: [bugb] batch END n=0
2026-08-25T10:54:17.042842Z  INFO smart_dl_daemon::serve: [bugb] os-tick alive_ms=20643 tasks_free=true
2026-08-25T10:54:17.288287Z  INFO smart_dl_daemon::bt_events: [bugb] batch START n=0 tick=40
2026-08-25T10:54:17.289580Z  INFO smart_dl_daemon::bt_events: [bugb] batch END n=0
2026-08-25T10:54:17.344243Z  INFO smart_dl_daemon::serve: [bugb] os-tick alive_ms=20945 tasks_free=true
2026-08-25T10:54:17.645397Z  INFO smart_dl_daemon::serve: [bugb] os-tick alive_ms=21246 tasks_free=true
2026-08-25T10:54:17.791306Z  INFO smart_dl_daemon::bt_events: [bugb] alert-loop alive ticks=41 batch=0
2026-08-25T10:54:17.792196Z  INFO smart_dl_daemon::bt_events: [bugb] batch START n=0 tick=41
2026-08-25T10:54:17.792532Z  INFO smart_dl_daemon::bt_events: [bugb] batch END n=0
2026-08-25T10:54:17.946667Z  INFO smart_dl_daemon::serve: [bugb] os-tick alive_ms=21547 tasks_free=true
2026-08-25T10:54:18.248737Z  INFO smart_dl_daemon::serve: [bugb] os-tick alive_ms=21849 tasks_free=true
2026-08-25T10:54:18.297222Z  INFO smart_dl_daemon::bt_events: [bugb] batch START n=0 tick=42
2026-08-25T10:54:18.298172Z  INFO smart_dl_daemon::bt_events: [bugb] batch END n=0
2026-08-25T10:54:18.550201Z  INFO smart_dl_daemon::serve: [bugb] os-tick alive_ms=22151 tasks_free=true
2026-08-25T10:54:18.587591Z  INFO smart_dl_daemon::serve: [bugb] watchdog alive uptime_ms=22188
2026-08-25T10:54:18.804107Z  INFO smart_dl_daemon::bt_events: [bugb] batch START n=0 tick=43
2026-08-25T10:54:18.805223Z  INFO smart_dl_daemon::bt_events: [bugb] batch END n=0
2026-08-25T10:54:18.851502Z  INFO smart_dl_daemon::serve: [bugb] os-tick alive_ms=22452 tasks_free=true
2026-08-25T10:54:19.152762Z  INFO smart_dl_daemon::serve: [bugb] os-tick alive_ms=22753 tasks_free=true
2026-08-25T10:54:19.308316Z  INFO smart_dl_daemon::bt_events: [bugb] batch START n=0 tick=44
2026-08-25T10:54:19.309218Z  INFO smart_dl_daemon::bt_events: [bugb] batch END n=0
2026-08-25T10:54:19.454086Z  INFO smart_dl_daemon::serve: [bugb] os-tick alive_ms=23055 tasks_free=true
2026-08-25T10:54:19.755435Z  INFO smart_dl_daemon::serve: [bugb] os-tick alive_ms=23356 tasks_free=true
2026-08-25T10:54:19.824083Z  INFO smart_dl_daemon::bt_events: [bugb] batch START n=0 tick=45
2026-08-25T10:54:19.824998Z  INFO smart_dl_daemon::bt_events: [bugb] batch END n=0
2026-08-25T10:54:20.056792Z  INFO smart_dl_daemon::serve: [bugb] os-tick alive_ms=23657 tasks_free=true
2026-08-25T10:54:20.333282Z  INFO smart_dl_daemon::bt_events: [bugb] batch START n=0 tick=46
2026-08-25T10:54:20.334914Z  INFO smart_dl_daemon::bt_events: [bugb] batch END n=0
2026-08-25T10:54:20.357981Z  INFO smart_dl_daemon::serve: [bugb] os-tick alive_ms=23959 tasks_free=true
2026-08-25T10:54:20.601236Z  INFO smart_dl_daemon::serve: [bugb] watchdog alive uptime_ms=24202
2026-08-25T10:54:20.659091Z  INFO smart_dl_daemon::serve: [bugb] os-tick alive_ms=24260 tasks_free=true
2026-08-25T10:54:20.841365Z  INFO smart_dl_daemon::bt_events: [bugb] batch START n=0 tick=47
2026-08-25T10:54:20.842337Z  INFO smart_dl_daemon::bt_events: [bugb] batch END n=0
2026-08-25T10:54:20.960784Z  INFO smart_dl_daemon::serve: [bugb] os-tick alive_ms=24561 tasks_free=true
2026-08-25T10:54:21.262381Z  INFO smart_dl_daemon::serve: [bugb] os-tick alive_ms=24863 tasks_free=true
2026-08-25T10:54:21.345320Z  INFO smart_dl_daemon::bt_events: [bugb] batch START n=0 tick=48
2026-08-25T10:54:21.346331Z  INFO smart_dl_daemon::bt_events: [bugb] batch END n=0
2026-08-25T10:54:21.564491Z  INFO smart_dl_daemon::serve: [bugb] os-tick alive_ms=25165 tasks_free=true
2026-08-25T10:54:21.852336Z  INFO smart_dl_daemon::bt_events: [bugb] batch START n=0 tick=49
2026-08-25T10:54:21.853966Z  INFO smart_dl_daemon::bt_events: [bugb] batch END n=0
2026-08-25T10:54:21.866373Z  INFO smart_dl_daemon::serve: [bugb] os-tick alive_ms=25467 tasks_free=true
2026-08-25T10:54:22.167850Z  INFO smart_dl_daemon::serve: [bugb] os-tick alive_ms=25768 tasks_free=true
2026-08-25T10:54:22.366739Z  INFO smart_dl_daemon::bt_events: [bugb] batch START n=0 tick=50
2026-08-25T10:54:22.367805Z  INFO smart_dl_daemon::bt_events: [bugb] batch END n=0
2026-08-25T10:54:22.469532Z  INFO smart_dl_daemon::serve: [bugb] os-tick alive_ms=26070 tasks_free=true
2026-08-25T10:54:22.611351Z  INFO smart_dl_daemon::serve: [bugb] watchdog alive uptime_ms=26212
2026-08-25T10:54:22.771684Z  INFO smart_dl_daemon::serve: [bugb] os-tick alive_ms=26372 tasks_free=true
2026-08-25T10:54:22.872931Z  INFO smart_dl_daemon::bt_events: [bugb] batch START n=0 tick=51
2026-08-25T10:54:22.873886Z  INFO smart_dl_daemon::bt_events: [bugb] batch END n=0
2026-08-25T10:54:23.075250Z  INFO smart_dl_daemon::serve: [bugb] os-tick alive_ms=26676 tasks_free=true
2026-08-25T10:54:23.376532Z  INFO smart_dl_daemon::serve: [bugb] os-tick alive_ms=26977 tasks_free=true
2026-08-25T10:54:23.380180Z  INFO smart_dl_daemon::bt_events: [bugb] batch START n=0 tick=52
2026-08-25T10:54:23.380737Z  INFO smart_dl_daemon::bt_events: [bugb] batch END n=0
2026-08-25T10:54:23.677842Z  INFO smart_dl_daemon::serve: [bugb] os-tick alive_ms=27278 tasks_free=true
2026-08-25T10:54:23.883019Z  INFO smart_dl_daemon::bt_events: [bugb] batch START n=0 tick=53
2026-08-25T10:54:23.884081Z  INFO smart_dl_daemon::bt_events: [bugb] batch END n=0
2026-08-25T10:54:23.979308Z  INFO smart_dl_daemon::serve: [bugb] os-tick alive_ms=27580 tasks_free=true
2026-08-25T10:54:24.280766Z  INFO smart_dl_daemon::serve: [bugb] os-tick alive_ms=27881 tasks_free=true
2026-08-25T10:54:24.394452Z  INFO smart_dl_daemon::bt_events: [bugb] batch START n=0 tick=54
2026-08-25T10:54:24.395521Z  INFO smart_dl_daemon::bt_events: [bugb] batch END n=0
2026-08-25T10:54:24.582276Z  INFO smart_dl_daemon::serve: [bugb] os-tick alive_ms=28183 tasks_free=true
2026-08-25T10:54:24.621926Z  INFO smart_dl_daemon::serve: [bugb] watchdog alive uptime_ms=28222
2026-08-25T10:54:24.883508Z  INFO smart_dl_daemon::serve: [bugb] os-tick alive_ms=28484 tasks_free=true
2026-08-25T10:54:24.905889Z  INFO smart_dl_daemon::bt_events: [bugb] batch START n=0 tick=55
2026-08-25T10:54:24.906874Z  INFO smart_dl_daemon::bt_events: [bugb] batch END n=0
2026-08-25T10:54:25.184701Z  INFO smart_dl_daemon::serve: [bugb] os-tick alive_ms=28785 tasks_free=true
2026-08-25T10:54:25.409689Z  INFO smart_dl_daemon::bt_events: [bugb] batch START n=0 tick=56
2026-08-25T10:54:25.411391Z  INFO smart_dl_daemon::bt_events: [bugb] batch END n=0
2026-08-25T10:54:25.485987Z  INFO smart_dl_daemon::serve: [bugb] os-tick alive_ms=29087 tasks_free=true
2026-08-25T10:54:25.788026Z  INFO smart_dl_daemon::serve: [bugb] os-tick alive_ms=29389 tasks_free=true
2026-08-25T10:54:25.926535Z  INFO smart_dl_daemon::bt_events: [bugb] batch START n=0 tick=57
2026-08-25T10:54:25.928156Z  INFO smart_dl_daemon::bt_events: [bugb] batch END n=0
2026-08-25T10:54:26.089310Z  INFO smart_dl_daemon::serve: [bugb] os-tick alive_ms=29690 tasks_free=true
2026-08-25T10:54:26.390722Z  INFO smart_dl_daemon::serve: [bugb] os-tick alive_ms=29991 tasks_free=true
2026-08-25T10:54:26.430424Z  INFO smart_dl_daemon::bt_events: [bugb] batch START n=0 tick=58
2026-08-25T10:54:26.431456Z  INFO smart_dl_daemon::bt_events: [bugb] batch END n=0
2026-08-25T10:54:26.631275Z  INFO smart_dl_daemon::serve: [bugb] watchdog alive uptime_ms=30232
2026-08-25T10:54:26.692162Z  INFO smart_dl_daemon::serve: [bugb] os-tick alive_ms=30293 tasks_free=true
2026-08-25T10:54:26.943060Z  INFO smart_dl_daemon::bt_events: [bugb] batch START n=0 tick=59
2026-08-25T10:54:26.943593Z  INFO smart_dl_daemon::bt_events: [bugb] batch END n=0
2026-08-25T10:54:26.994354Z  INFO smart_dl_daemon::serve: [bugb] os-tick alive_ms=30595 tasks_free=true
2026-08-25T10:54:27.295733Z  INFO smart_dl_daemon::serve: [bugb] os-tick alive_ms=30896 tasks_free=true
2026-08-25T10:54:27.448578Z  INFO smart_dl_daemon::bt_events: [bugb] batch START n=0 tick=60
2026-08-25T10:54:27.449827Z  INFO smart_dl_daemon::bt_events: [bugb] batch END n=0
2026-08-25T10:54:27.597042Z  INFO smart_dl_daemon::serve: [bugb] os-tick alive_ms=31198 tasks_free=true
2026-08-25T10:54:27.898472Z  INFO smart_dl_daemon::serve: [bugb] os-tick alive_ms=31499 tasks_free=true
2026-08-25T10:54:27.953510Z  INFO smart_dl_daemon::bt_events: [bugb] alert-loop alive ticks=61 batch=0
2026-08-25T10:54:27.954595Z  INFO smart_dl_daemon::bt_events: [bugb] batch START n=0 tick=61
2026-08-25T10:54:27.954994Z  INFO smart_dl_daemon::bt_events: [bugb] batch END n=0
2026-08-25T10:54:28.200012Z  INFO smart_dl_daemon::serve: [bugb] os-tick alive_ms=31801 tasks_free=true
2026-08-25T10:54:28.465777Z  INFO smart_dl_daemon::bt_events: [bugb] batch START n=0 tick=62
2026-08-25T10:54:28.467689Z  INFO smart_dl_daemon::bt_events: [bugb] batch END n=0
2026-08-25T10:54:28.501382Z  INFO smart_dl_daemon::serve: [bugb] os-tick alive_ms=32102 tasks_free=true
2026-08-25T10:54:28.636344Z  INFO smart_dl_daemon::serve: [bugb] watchdog alive uptime_ms=32237
2026-08-25T10:54:28.803206Z  INFO smart_dl_daemon::serve: [bugb] os-tick alive_ms=32404 tasks_free=true
2026-08-25T10:54:28.970476Z  INFO smart_dl_daemon::bt_events: [bugb] batch START n=0 tick=63
2026-08-25T10:54:28.971976Z  INFO smart_dl_daemon::bt_events: [bugb] batch END n=0
2026-08-25T10:54:29.104234Z  INFO smart_dl_daemon::serve: [bugb] os-tick alive_ms=32705 tasks_free=true
2026-08-25T10:54:29.405712Z  INFO smart_dl_daemon::serve: [bugb] os-tick alive_ms=33006 tasks_free=true
2026-08-25T10:54:29.481674Z  INFO smart_dl_daemon::bt_events: [bugb] batch START n=0 tick=64
2026-08-25T10:54:29.482733Z  INFO smart_dl_daemon::bt_events: [bugb] batch END n=0
2026-08-25T10:54:29.707054Z  INFO smart_dl_daemon::serve: [bugb] os-tick alive_ms=33308 tasks_free=true
2026-08-25T10:54:29.984667Z  INFO smart_dl_daemon::bt_events: [bugb] batch START n=0 tick=65
2026-08-25T10:54:29.985788Z  INFO smart_dl_daemon::bt_events: [bugb] batch END n=0
2026-08-25T10:54:30.008357Z  INFO smart_dl_daemon::serve: [bugb] os-tick alive_ms=33609 tasks_free=true
2026-08-25T10:54:30.317563Z  INFO smart_dl_daemon::serve: [bugb] os-tick alive_ms=33918 tasks_free=true
2026-08-25T10:54:30.500232Z  INFO smart_dl_daemon::bt_events: [bugb] batch START n=0 tick=66
2026-08-25T10:54:30.501269Z  INFO smart_dl_daemon::bt_events: [bugb] batch END n=0
2026-08-25T10:54:30.618918Z  INFO smart_dl_daemon::serve: [bugb] os-tick alive_ms=34219 tasks_free=true
2026-08-25T10:54:30.642461Z  INFO smart_dl_daemon::serve: [bugb] watchdog alive uptime_ms=34243
2026-08-25T10:54:30.920654Z  INFO smart_dl_daemon::serve: [bugb] os-tick alive_ms=34521 tasks_free=true
2026-08-25T10:54:31.007148Z  INFO smart_dl_daemon::bt_events: [bugb] batch START n=0 tick=67
2026-08-25T10:54:31.008082Z  INFO smart_dl_daemon::bt_events: [bugb] batch END n=0
2026-08-25T10:54:31.221724Z  INFO smart_dl_daemon::serve: [bugb] os-tick alive_ms=34822 tasks_free=true
2026-08-25T10:54:31.519280Z  INFO smart_dl_daemon::bt_events: [bugb] batch START n=0 tick=68
2026-08-25T10:54:31.521154Z  INFO smart_dl_daemon::bt_events: [bugb] batch END n=0
2026-08-25T10:54:31.522911Z  INFO smart_dl_daemon::serve: [bugb] os-tick alive_ms=35123 tasks_free=true
2026-08-25T10:54:31.824522Z  INFO smart_dl_daemon::serve: [bugb] os-tick alive_ms=35425 tasks_free=true
2026-08-25T10:54:32.030907Z  INFO smart_dl_daemon::bt_events: [bugb] batch START n=0 tick=69
2026-08-25T10:54:32.032314Z  INFO smart_dl_daemon::bt_events: [bugb] batch END n=0
2026-08-25T10:54:32.125648Z  INFO smart_dl_daemon::serve: [bugb] os-tick alive_ms=35726 tasks_free=true
2026-08-25T10:54:32.427057Z  INFO smart_dl_daemon::serve: [bugb] os-tick alive_ms=36028 tasks_free=true
2026-08-25T10:54:32.535306Z  INFO smart_dl_daemon::bt_events: [bugb] batch START n=0 tick=70
2026-08-25T10:54:32.536363Z  INFO smart_dl_daemon::bt_events: [bugb] batch END n=0
2026-08-25T10:54:32.646807Z  INFO smart_dl_daemon::serve: [bugb] watchdog alive uptime_ms=36247
2026-08-25T10:54:32.728320Z  INFO smart_dl_daemon::serve: [bugb] os-tick alive_ms=36329 tasks_free=true
2026-08-25T10:54:33.029748Z  INFO smart_dl_daemon::serve: [bugb] os-tick alive_ms=36630 tasks_free=true
2026-08-25T10:54:33.050406Z  INFO smart_dl_daemon::bt_events: [bugb] batch START n=0 tick=71
2026-08-25T10:54:33.051386Z  INFO smart_dl_daemon::bt_events: [bugb] batch END n=0
2026-08-25T10:54:33.331061Z  INFO smart_dl_daemon::serve: [bugb] os-tick alive_ms=36932 tasks_free=true
2026-08-25T10:54:33.561414Z  INFO smart_dl_daemon::bt_events: [bugb] batch START n=0 tick=72
2026-08-25T10:54:33.562523Z  INFO smart_dl_daemon::bt_events: [bugb] batch END n=0
2026-08-25T10:54:33.632477Z  INFO smart_dl_daemon::serve: [bugb] os-tick alive_ms=37233 tasks_free=true
2026-08-25T10:54:33.933693Z  INFO smart_dl_daemon::serve: [bugb] os-tick alive_ms=37534 tasks_free=true
2026-08-25T10:54:34.076803Z  INFO smart_dl_daemon::bt_events: [bugb] batch START n=0 tick=73
2026-08-25T10:54:34.077722Z  INFO smart_dl_daemon::bt_events: [bugb] batch END n=0
2026-08-25T10:54:34.235058Z  INFO smart_dl_daemon::serve: [bugb] os-tick alive_ms=37836 tasks_free=true
2026-08-25T10:54:34.536785Z  INFO smart_dl_daemon::serve: [bugb] os-tick alive_ms=38137 tasks_free=true
2026-08-25T10:54:34.589106Z  INFO smart_dl_daemon::bt_events: [bugb] batch START n=0 tick=74
2026-08-25T10:54:34.590205Z  INFO smart_dl_daemon::bt_events: [bugb] batch END n=0
2026-08-25T10:54:34.660710Z  INFO smart_dl_daemon::serve: [bugb] watchdog alive uptime_ms=38261
2026-08-25T10:54:34.838603Z  INFO smart_dl_daemon::serve: [bugb] os-tick alive_ms=38439 tasks_free=true
2026-08-25T10:54:35.095266Z  INFO smart_dl_daemon::bt_events: [bugb] batch START n=0 tick=75
2026-08-25T10:54:35.096235Z  INFO smart_dl_daemon::bt_events: [bugb] batch END n=0
2026-08-25T10:54:35.139726Z  INFO smart_dl_daemon::serve: [bugb] os-tick alive_ms=38740 tasks_free=true
2026-08-25T10:54:35.441131Z  INFO smart_dl_daemon::serve: [bugb] os-tick alive_ms=39042 tasks_free=true
2026-08-25T10:54:35.600003Z  INFO smart_dl_daemon::bt_events: [bugb] batch START n=0 tick=76
2026-08-25T10:54:35.601012Z  INFO smart_dl_daemon::bt_events: [bugb] batch END n=0
2026-08-25T10:54:35.742726Z  INFO smart_dl_daemon::serve: [bugb] os-tick alive_ms=39343 tasks_free=true
2026-08-25T10:54:36.043845Z  INFO smart_dl_daemon::serve: [bugb] os-tick alive_ms=39644 tasks_free=true
2026-08-25T10:54:36.114625Z  INFO smart_dl_daemon::bt_events: [bugb] batch START n=0 tick=77
2026-08-25T10:54:36.115600Z  INFO smart_dl_daemon::bt_events: [bugb] batch END n=0
2026-08-25T10:54:36.345470Z  INFO smart_dl_daemon::serve: [bugb] os-tick alive_ms=39946 tasks_free=true
2026-08-25T10:54:36.620198Z  INFO smart_dl_daemon::bt_events: [bugb] batch START n=0 tick=78
2026-08-25T10:54:36.621263Z  INFO smart_dl_daemon::bt_events: [bugb] batch END n=0
2026-08-25T10:54:36.646552Z  INFO smart_dl_daemon::serve: [bugb] os-tick alive_ms=40247 tasks_free=true
2026-08-25T10:54:36.663279Z  INFO smart_dl_daemon::serve: [bugb] watchdog alive uptime_ms=40264
2026-08-25T10:54:36.947944Z  INFO smart_dl_daemon::serve: [bugb] os-tick alive_ms=40548 tasks_free=true
2026-08-25T10:54:37.131188Z  INFO smart_dl_daemon::bt_events: [bugb] batch START n=0 tick=79
2026-08-25T10:54:37.132285Z  INFO smart_dl_daemon::bt_events: [bugb] batch END n=0
2026-08-25T10:54:37.248997Z  INFO smart_dl_daemon::serve: [bugb] os-tick alive_ms=40850 tasks_free=true
2026-08-25T10:54:37.550101Z  INFO smart_dl_daemon::serve: [bugb] os-tick alive_ms=41151 tasks_free=true
2026-08-25T10:54:37.641111Z  INFO smart_dl_daemon::bt_events: [bugb] batch START n=0 tick=80
2026-08-25T10:54:37.642079Z  INFO smart_dl_daemon::bt_events: [bugb] batch END n=0
2026-08-25T10:54:37.851439Z  INFO smart_dl_daemon::serve: [bugb] os-tick alive_ms=41452 tasks_free=true
2026-08-25T10:54:38.152860Z  INFO smart_dl_daemon::serve: [bugb] os-tick alive_ms=41753 tasks_free=true
2026-08-25T10:54:38.153527Z  INFO smart_dl_daemon::bt_events: [bugb] alert-loop alive ticks=81 batch=0
2026-08-25T10:54:38.155252Z  INFO smart_dl_daemon::bt_events: [bugb] batch START n=0 tick=81
2026-08-25T10:54:38.155619Z  INFO smart_dl_daemon::bt_events: [bugb] batch END n=0
2026-08-25T10:54:38.455250Z  INFO smart_dl_daemon::serve: [bugb] os-tick alive_ms=42056 tasks_free=true
2026-08-25T10:54:38.660133Z  INFO smart_dl_daemon::bt_events: [bugb] batch START n=0 tick=82
2026-08-25T10:54:38.661197Z  INFO smart_dl_daemon::bt_events: [bugb] batch END n=0
2026-08-25T10:54:38.673876Z  INFO smart_dl_daemon::serve: [bugb] watchdog alive uptime_ms=42274
2026-08-25T10:54:38.756373Z  INFO smart_dl_daemon::serve: [bugb] os-tick alive_ms=42357 tasks_free=true
2026-08-25T10:54:39.058581Z  INFO smart_dl_daemon::serve: [bugb] os-tick alive_ms=42659 tasks_free=true
2026-08-25T10:54:39.168814Z  INFO smart_dl_daemon::bt_events: [bugb] batch START n=0 tick=83
2026-08-25T10:54:39.178641Z  INFO smart_dl_daemon::bt_events: [bugb] batch END n=0
2026-08-25T10:54:39.359781Z  INFO smart_dl_daemon::serve: [bugb] os-tick alive_ms=42960 tasks_free=true
2026-08-25T10:54:39.661366Z  INFO smart_dl_daemon::serve: [bugb] os-tick alive_ms=43262 tasks_free=true
2026-08-25T10:54:39.686601Z  INFO smart_dl_daemon::bt_events: [bugb] batch START n=0 tick=84
2026-08-25T10:54:39.687238Z  INFO smart_dl_daemon::bt_events: [bugb] batch END n=0
2026-08-25T10:54:39.967481Z  INFO smart_dl_daemon::serve: [bugb] os-tick alive_ms=43568 tasks_free=true
2026-08-25T10:54:40.188420Z  INFO smart_dl_daemon::bt_events: [bugb] batch START n=0 tick=85
2026-08-25T10:54:40.189445Z  INFO smart_dl_daemon::bt_events: [bugb] batch END n=0
2026-08-25T10:54:40.269093Z  INFO smart_dl_daemon::serve: [bugb] os-tick alive_ms=43870 tasks_free=true
2026-08-25T10:54:40.570331Z  INFO smart_dl_daemon::serve: [bugb] os-tick alive_ms=44171 tasks_free=true
2026-08-25T10:54:40.680569Z  INFO smart_dl_daemon::serve: [bugb] watchdog alive uptime_ms=44281
2026-08-25T10:54:40.696192Z  INFO smart_dl_daemon::bt_events: [bugb] batch START n=0 tick=86
2026-08-25T10:54:40.697055Z  INFO smart_dl_daemon::bt_events: [bugb] batch END n=0
2026-08-25T10:54:40.871677Z  INFO smart_dl_daemon::serve: [bugb] os-tick alive_ms=44472 tasks_free=true
2026-08-25T10:54:41.173043Z  INFO smart_dl_daemon::serve: [bugb] os-tick alive_ms=44774 tasks_free=true
2026-08-25T10:54:41.202248Z  INFO smart_dl_daemon::bt_events: [bugb] batch START n=0 tick=87
2026-08-25T10:54:41.203311Z  INFO smart_dl_daemon::bt_events: [bugb] batch END n=0
2026-08-25T10:54:41.474383Z  INFO smart_dl_daemon::serve: [bugb] os-tick alive_ms=45075 tasks_free=true
2026-08-25T10:54:41.708474Z  INFO smart_dl_daemon::bt_events: [bugb] batch START n=0 tick=88
2026-08-25T10:54:41.709594Z  INFO smart_dl_daemon::bt_events: [bugb] batch END n=0
2026-08-25T10:54:41.775975Z  INFO smart_dl_daemon::serve: [bugb] os-tick alive_ms=45377 tasks_free=true
2026-08-25T10:54:42.077001Z  INFO smart_dl_daemon::serve: [bugb] os-tick alive_ms=45678 tasks_free=true
2026-08-25T10:54:42.210709Z  INFO smart_dl_daemon::bt_events: [bugb] batch START n=0 tick=89
2026-08-25T10:54:42.211730Z  INFO smart_dl_daemon::bt_events: [bugb] batch END n=0
2026-08-25T10:54:42.378370Z  INFO smart_dl_daemon::serve: [bugb] os-tick alive_ms=45979 tasks_free=true
2026-08-25T10:54:42.685217Z  INFO smart_dl_daemon::serve: [bugb] os-tick alive_ms=46286 tasks_free=true
2026-08-25T10:54:42.694454Z  INFO smart_dl_daemon::serve: [bugb] watchdog alive uptime_ms=46295
2026-08-25T10:54:42.716862Z  INFO smart_dl_daemon::bt_events: [bugb] batch START n=0 tick=90
2026-08-25T10:54:42.717845Z  INFO smart_dl_daemon::bt_events: [bugb] batch END n=0
2026-08-25T10:54:42.986536Z  INFO smart_dl_daemon::serve: [bugb] os-tick alive_ms=46587 tasks_free=true
2026-08-25T10:54:43.231345Z  INFO smart_dl_daemon::bt_events: [bugb] batch START n=0 tick=91
2026-08-25T10:54:43.233193Z  INFO smart_dl_daemon::bt_events: [bugb] batch END n=0
2026-08-25T10:54:43.287902Z  INFO smart_dl_daemon::serve: [bugb] os-tick alive_ms=46888 tasks_free=true
2026-08-25T10:54:43.589119Z  INFO smart_dl_daemon::serve: [bugb] os-tick alive_ms=47190 tasks_free=true
2026-08-25T10:54:43.745715Z  INFO smart_dl_daemon::bt_events: [bugb] batch START n=0 tick=92
2026-08-25T10:54:43.746650Z  INFO smart_dl_daemon::bt_events: [bugb] batch END n=0
2026-08-25T10:54:43.890503Z  INFO smart_dl_daemon::serve: [bugb] os-tick alive_ms=47491 tasks_free=true
2026-08-25T10:54:44.191882Z  INFO smart_dl_daemon::serve: [bugb] os-tick alive_ms=47792 tasks_free=true
2026-08-25T10:54:44.257118Z  INFO smart_dl_daemon::bt_events: [bugb] batch START n=0 tick=93
2026-08-25T10:54:44.258212Z  INFO smart_dl_daemon::bt_events: [bugb] batch END n=0
2026-08-25T10:54:44.493504Z  INFO smart_dl_daemon::serve: [bugb] os-tick alive_ms=48094 tasks_free=true
2026-08-25T10:54:44.706853Z  INFO smart_dl_daemon::serve: [bugb] watchdog alive uptime_ms=48307
2026-08-25T10:54:44.761596Z  INFO smart_dl_daemon::bt_events: [bugb] batch START n=0 tick=94
2026-08-25T10:54:44.762486Z  INFO smart_dl_daemon::bt_events: [bugb] batch END n=0
2026-08-25T10:54:44.794748Z  INFO smart_dl_daemon::serve: [bugb] os-tick alive_ms=48395 tasks_free=true
2026-08-25T10:54:45.096142Z  INFO smart_dl_daemon::serve: [bugb] os-tick alive_ms=48697 tasks_free=true
2026-08-25T10:54:45.270458Z  INFO smart_dl_daemon::bt_events: [bugb] batch START n=0 tick=95
2026-08-25T10:54:45.271456Z  INFO smart_dl_daemon::bt_events: [bugb] batch END n=0
2026-08-25T10:54:45.397095Z  INFO smart_dl_daemon::serve: [bugb] os-tick alive_ms=48998 tasks_free=true
2026-08-25T10:54:45.698645Z  INFO smart_dl_daemon::serve: [bugb] os-tick alive_ms=49299 tasks_free=true
2026-08-25T10:54:45.782974Z  INFO smart_dl_daemon::bt_events: [bugb] batch START n=0 tick=96
2026-08-25T10:54:45.784308Z  INFO smart_dl_daemon::bt_events: [bugb] batch END n=0
2026-08-25T10:54:46.000158Z  INFO smart_dl_daemon::serve: [bugb] os-tick alive_ms=49601 tasks_free=true
2026-08-25T10:54:46.293637Z  INFO smart_dl_daemon::bt_events: [bugb] batch START n=0 tick=97
2026-08-25T10:54:46.294683Z  INFO smart_dl_daemon::bt_events: [bugb] batch END n=0
2026-08-25T10:54:46.302837Z  INFO smart_dl_daemon::serve: [bugb] os-tick alive_ms=49903 tasks_free=true
2026-08-25T10:54:46.604446Z  INFO smart_dl_daemon::serve: [bugb] os-tick alive_ms=50205 tasks_free=true
2026-08-25T10:54:46.719977Z  INFO smart_dl_daemon::serve: [bugb] watchdog alive uptime_ms=50321
2026-08-25T10:54:46.798806Z  INFO smart_dl_daemon::bt_events: [bugb] batch START n=0 tick=98
2026-08-25T10:54:46.799750Z  INFO smart_dl_daemon::bt_events: [bugb] batch END n=0
2026-08-25T10:54:46.906020Z  INFO smart_dl_daemon::serve: [bugb] os-tick alive_ms=50507 tasks_free=true
2026-08-25T10:54:47.207951Z  INFO smart_dl_daemon::serve: [bugb] os-tick alive_ms=50808 tasks_free=true
2026-08-25T10:54:47.303769Z  INFO smart_dl_daemon::bt_events: [bugb] batch START n=0 tick=99
2026-08-25T10:54:47.304818Z  INFO smart_dl_daemon::bt_events: [bugb] batch END n=0
2026-08-25T10:54:47.509387Z  INFO smart_dl_daemon::serve: [bugb] os-tick alive_ms=51110 tasks_free=true
2026-08-25T10:54:47.810514Z  INFO smart_dl_daemon::serve: [bugb] os-tick alive_ms=51411 tasks_free=true
2026-08-25T10:54:47.820098Z  INFO smart_dl_daemon::bt_events: [bugb] batch START n=0 tick=100
2026-08-25T10:54:47.889981Z  INFO smart_dl_daemon::bt_events: [bugb] batch END n=0
2026-08-25T10:54:48.189910Z  INFO smart_dl_daemon::serve: [bugb] os-tick alive_ms=51790 tasks_free=true
2026-08-25T10:54:48.397312Z  INFO smart_dl_daemon::bt_events: [bugb] alert-loop alive ticks=101 batch=0
2026-08-25T10:54:48.398347Z  INFO smart_dl_daemon::bt_events: [bugb] batch START n=0 tick=101
2026-08-25T10:54:48.398700Z  INFO smart_dl_daemon::bt_events: [bugb] batch END n=0
2026-08-25T10:54:48.492284Z  INFO smart_dl_daemon::serve: [bugb] os-tick alive_ms=52093 tasks_free=true
2026-08-25T10:54:48.726606Z  INFO smart_dl_daemon::serve: [bugb] watchdog alive uptime_ms=52327
2026-08-25T10:54:48.793383Z  INFO smart_dl_daemon::serve: [bugb] os-tick alive_ms=52394 tasks_free=true
2026-08-25T10:54:48.909187Z  INFO smart_dl_daemon::bt_events: [bugb] batch START n=0 tick=102
2026-08-25T10:54:48.910312Z  INFO smart_dl_daemon::bt_events: [bugb] batch END n=0
2026-08-25T10:54:49.095653Z  INFO smart_dl_daemon::serve: [bugb] os-tick alive_ms=52696 tasks_free=true
2026-08-25T10:54:49.397197Z  INFO smart_dl_daemon::serve: [bugb] os-tick alive_ms=52998 tasks_free=true
2026-08-25T10:54:49.421003Z  INFO smart_dl_daemon::bt_events: [bugb] batch START n=0 tick=103
2026-08-25T10:54:49.421955Z  INFO smart_dl_daemon::bt_events: [bugb] batch END n=0
2026-08-25T10:54:49.698572Z  INFO smart_dl_daemon::serve: [bugb] os-tick alive_ms=53299 tasks_free=true
2026-08-25T10:54:49.925717Z  INFO smart_dl_daemon::bt_events: [bugb] batch START n=0 tick=104
2026-08-25T10:54:49.926751Z  INFO smart_dl_daemon::bt_events: [bugb] batch END n=0
2026-08-25T10:54:49.999715Z  INFO smart_dl_daemon::serve: [bugb] os-tick alive_ms=53600 tasks_free=true
2026-08-25T10:54:50.301285Z  INFO smart_dl_daemon::serve: [bugb] os-tick alive_ms=53902 tasks_free=true
2026-08-25T10:54:50.440190Z  INFO smart_dl_daemon::bt_events: [bugb] batch START n=0 tick=105
2026-08-25T10:54:50.441173Z  INFO smart_dl_daemon::bt_events: [bugb] batch END n=0
2026-08-25T10:54:50.602572Z  INFO smart_dl_daemon::serve: [bugb] os-tick alive_ms=54203 tasks_free=true
2026-08-25T10:54:50.736852Z  INFO smart_dl_daemon::serve: [bugb] watchdog alive uptime_ms=54337
2026-08-25T10:54:50.903861Z  INFO smart_dl_daemon::serve: [bugb] os-tick alive_ms=54504 tasks_free=true
2026-08-25T10:54:50.943388Z  INFO smart_dl_daemon::bt_events: [bugb] batch START n=0 tick=106
2026-08-25T10:54:50.944899Z  INFO smart_dl_daemon::bt_events: [bugb] batch END n=0
2026-08-25T10:54:51.205380Z  INFO smart_dl_daemon::serve: [bugb] os-tick alive_ms=54806 tasks_free=true
2026-08-25T10:54:51.447689Z  INFO smart_dl_daemon::bt_events: [bugb] batch START n=0 tick=107
2026-08-25T10:54:51.452807Z  INFO smart_dl_daemon::bt_events: [bugb] batch END n=0
2026-08-25T10:54:51.507278Z  INFO smart_dl_daemon::serve: [bugb] os-tick alive_ms=55108 tasks_free=true
2026-08-25T10:54:51.808902Z  INFO smart_dl_daemon::serve: [bugb] os-tick alive_ms=55409 tasks_free=true
2026-08-25T10:54:51.957725Z  INFO smart_dl_daemon::bt_events: [bugb] batch START n=0 tick=108
2026-08-25T10:54:51.958686Z  INFO smart_dl_daemon::bt_events: [bugb] batch END n=0
2026-08-25T10:54:52.110205Z  INFO smart_dl_daemon::serve: [bugb] os-tick alive_ms=55711 tasks_free=true
2026-08-25T10:54:52.411934Z  INFO smart_dl_daemon::serve: [bugb] os-tick alive_ms=56012 tasks_free=true
2026-08-25T10:54:52.469212Z  INFO smart_dl_daemon::bt_events: [bugb] batch START n=0 tick=109
2026-08-25T10:54:52.470230Z  INFO smart_dl_daemon::bt_events: [bugb] batch END n=0
2026-08-25T10:54:52.713322Z  INFO smart_dl_daemon::serve: [bugb] os-tick alive_ms=56314 tasks_free=true
2026-08-25T10:54:52.750578Z  INFO smart_dl_daemon::serve: [bugb] watchdog alive uptime_ms=56351
2026-08-25T10:54:52.974127Z  INFO smart_dl_daemon::bt_events: [bugb] batch START n=0 tick=110
2026-08-25T10:54:52.975230Z  INFO smart_dl_daemon::bt_events: [bugb] batch END n=0
2026-08-25T10:54:53.015066Z  INFO smart_dl_daemon::serve: [bugb] os-tick alive_ms=56616 tasks_free=true
2026-08-25T10:54:53.317320Z  INFO smart_dl_daemon::serve: [bugb] os-tick alive_ms=56918 tasks_free=true
2026-08-25T10:54:53.485387Z  INFO smart_dl_daemon::bt_events: [bugb] batch START n=0 tick=111
2026-08-25T10:54:53.573440Z  INFO smart_dl_daemon::bt_events: [bugb] batch END n=0
2026-08-25T10:54:53.813274Z  INFO smart_dl_daemon::serve: [bugb] os-tick alive_ms=57414 tasks_free=true
2026-08-25T10:54:54.085036Z  INFO smart_dl_daemon::bt_events: [bugb] batch START n=0 tick=112
2026-08-25T10:54:54.085995Z  INFO smart_dl_daemon::bt_events: [bugb] batch END n=0
2026-08-25T10:54:54.114849Z  INFO smart_dl_daemon::serve: [bugb] os-tick alive_ms=57715 tasks_free=true
2026-08-25T10:54:54.415869Z  INFO smart_dl_daemon::serve: [bugb] os-tick alive_ms=58016 tasks_free=true
2026-08-25T10:54:54.589824Z  INFO smart_dl_daemon::bt_events: [bugb] batch START n=0 tick=113
2026-08-25T10:54:54.590748Z  INFO smart_dl_daemon::bt_events: [bugb] batch END n=0
2026-08-25T10:54:54.717058Z  INFO smart_dl_daemon::serve: [bugb] os-tick alive_ms=58318 tasks_free=true
2026-08-25T10:54:54.756125Z  INFO smart_dl_daemon::serve: [bugb] watchdog alive uptime_ms=58357
2026-08-25T10:54:55.018613Z  INFO smart_dl_daemon::serve: [bugb] os-tick alive_ms=58619 tasks_free=true
2026-08-25T10:54:55.101122Z  INFO smart_dl_daemon::bt_events: [bugb] batch START n=0 tick=114
2026-08-25T10:54:55.102021Z  INFO smart_dl_daemon::bt_events: [bugb] batch END n=0
2026-08-25T10:54:55.320624Z  INFO smart_dl_daemon::serve: [bugb] os-tick alive_ms=58921 tasks_free=true
2026-08-25T10:54:55.605564Z  INFO smart_dl_daemon::bt_events: [bugb] batch START n=0 tick=115
2026-08-25T10:54:55.606734Z  INFO smart_dl_daemon::bt_events: [bugb] batch END n=0
2026-08-25T10:54:55.623481Z  INFO smart_dl_daemon::serve: [bugb] os-tick alive_ms=59224 tasks_free=true
2026-08-25T10:54:55.924451Z  INFO smart_dl_daemon::serve: [bugb] os-tick alive_ms=59525 tasks_free=true
2026-08-25T10:54:56.111616Z  INFO smart_dl_daemon::bt_events: [bugb] batch START n=0 tick=116
2026-08-25T10:54:56.113299Z  INFO smart_dl_daemon::bt_events: [bugb] batch END n=0
2026-08-25T10:54:56.225729Z  INFO smart_dl_daemon::serve: [bugb] os-tick alive_ms=59826 tasks_free=true
2026-08-25T10:54:56.526870Z  INFO smart_dl_daemon::serve: [bugb] os-tick alive_ms=60127 tasks_free=true
2026-08-25T10:54:56.617029Z  INFO smart_dl_daemon::bt_events: [bugb] batch START n=0 tick=117
2026-08-25T10:54:56.617956Z  INFO smart_dl_daemon::bt_events: [bugb] batch END n=0
2026-08-25T10:54:56.765869Z  INFO smart_dl_daemon::serve: [bugb] watchdog alive uptime_ms=60366
2026-08-25T10:54:56.829285Z  INFO smart_dl_daemon::serve: [bugb] os-tick alive_ms=60430 tasks_free=true
2026-08-25T10:54:57.121576Z  INFO smart_dl_daemon::bt_events: [bugb] batch START n=0 tick=118
2026-08-25T10:54:57.122760Z  INFO smart_dl_daemon::bt_events: [bugb] batch END n=0
2026-08-25T10:54:57.130758Z  INFO smart_dl_daemon::serve: [bugb] os-tick alive_ms=60731 tasks_free=true
2026-08-25T10:54:57.431886Z  INFO smart_dl_daemon::serve: [bugb] os-tick alive_ms=61032 tasks_free=true
2026-08-25T10:54:57.636145Z  INFO smart_dl_daemon::bt_events: [bugb] batch START n=2 tick=119
2026-08-25T10:54:57.637114Z  INFO smart_dl_daemon::bt_events: [bugb] batch END n=2
2026-08-25T10:54:57.733486Z  INFO smart_dl_daemon::serve: [bugb] os-tick alive_ms=61334 tasks_free=true
2026-08-25T10:54:58.034489Z  INFO smart_dl_daemon::serve: [bugb] os-tick alive_ms=61635 tasks_free=true
2026-08-25T10:54:58.146073Z  INFO smart_dl_daemon::bt_events: [bugb] batch START n=0 tick=120
2026-08-25T10:54:58.146969Z  INFO smart_dl_daemon::bt_events: [bugb] batch END n=0
2026-08-25T10:54:58.336081Z  INFO smart_dl_daemon::serve: [bugb] os-tick alive_ms=61937 tasks_free=true
2026-08-25T10:54:58.637140Z  INFO smart_dl_daemon::serve: [bugb] os-tick alive_ms=62238 tasks_free=true
2026-08-25T10:54:58.653380Z  INFO smart_dl_daemon::bt_events: [bugb] alert-loop alive ticks=121 batch=0
2026-08-25T10:54:58.654614Z  INFO smart_dl_daemon::bt_events: [bugb] batch START n=0 tick=121
2026-08-25T10:54:58.655125Z  INFO smart_dl_daemon::bt_events: [bugb] batch END n=0
2026-08-25T10:54:58.770506Z  INFO smart_dl_daemon::serve: [bugb] watchdog alive uptime_ms=62371
2026-08-25T10:54:58.938626Z  INFO smart_dl_daemon::serve: [bugb] os-tick alive_ms=62539 tasks_free=true
2026-08-25T10:54:59.170128Z  INFO smart_dl_daemon::bt_events: [bugb] batch START n=0 tick=122
2026-08-25T10:54:59.171110Z  INFO smart_dl_daemon::bt_events: [bugb] batch END n=0
2026-08-25T10:54:59.239912Z  INFO smart_dl_daemon::serve: [bugb] os-tick alive_ms=62840 tasks_free=true
2026-08-25T10:54:59.540973Z  INFO smart_dl_daemon::serve: [bugb] os-tick alive_ms=63142 tasks_free=true
2026-08-25T10:54:59.682330Z  INFO smart_dl_daemon::bt_events: [bugb] batch START n=0 tick=123
2026-08-25T10:54:59.683402Z  INFO smart_dl_daemon::bt_events: [bugb] batch END n=0
2026-08-25T10:54:59.842362Z  INFO smart_dl_daemon::serve: [bugb] os-tick alive_ms=63443 tasks_free=true
2026-08-25T10:55:00.143764Z  INFO smart_dl_daemon::serve: [bugb] os-tick alive_ms=63744 tasks_free=true
2026-08-25T10:55:00.196227Z  INFO smart_dl_daemon::bt_events: [bugb] batch START n=0 tick=124
2026-08-25T10:55:00.197168Z  INFO smart_dl_daemon::bt_events: [bugb] batch END n=0
2026-08-25T10:55:00.444799Z  INFO smart_dl_daemon::serve: [bugb] os-tick alive_ms=64045 tasks_free=true
2026-08-25T10:55:00.704061Z  INFO smart_dl_daemon::bt_events: [bugb] batch START n=0 tick=125
2026-08-25T10:55:00.705012Z  INFO smart_dl_daemon::bt_events: [bugb] batch END n=0
2026-08-25T10:55:00.745977Z  INFO smart_dl_daemon::serve: [bugb] os-tick alive_ms=64347 tasks_free=true
2026-08-25T10:55:00.784109Z  INFO smart_dl_daemon::serve: [bugb] watchdog alive uptime_ms=64385
2026-08-25T10:55:01.047229Z  INFO smart_dl_daemon::serve: [bugb] os-tick alive_ms=64648 tasks_free=true
2026-08-25T10:55:01.222101Z  INFO smart_dl_daemon::bt_events: [bugb] batch START n=0 tick=126
2026-08-25T10:55:01.223145Z  INFO smart_dl_daemon::bt_events: [bugb] batch END n=0
2026-08-25T10:55:01.348561Z  INFO smart_dl_daemon::serve: [bugb] os-tick alive_ms=64949 tasks_free=true
2026-08-25T10:55:01.649826Z  INFO smart_dl_daemon::serve: [bugb] os-tick alive_ms=65250 tasks_free=true
2026-08-25T10:55:01.729115Z  INFO smart_dl_daemon::bt_events: [bugb] batch START n=0 tick=127
2026-08-25T10:55:01.731096Z  INFO smart_dl_daemon::bt_events: [bugb] batch END n=0
2026-08-25T10:55:01.951506Z  INFO smart_dl_daemon::serve: [bugb] os-tick alive_ms=65552 tasks_free=true
2026-08-25T10:55:02.239905Z  INFO smart_dl_daemon::bt_events: [bugb] batch START n=0 tick=128
2026-08-25T10:55:02.241502Z  INFO smart_dl_daemon::bt_events: [bugb] batch END n=0
2026-08-25T10:55:02.252772Z  INFO smart_dl_daemon::serve: [bugb] os-tick alive_ms=65853 tasks_free=true
2026-08-25T10:55:02.554235Z  INFO smart_dl_daemon::serve: [bugb] os-tick alive_ms=66155 tasks_free=true
2026-08-25T10:55:02.751595Z  INFO smart_dl_daemon::bt_events: [bugb] batch START n=0 tick=129
2026-08-25T10:55:02.752536Z  INFO smart_dl_daemon::bt_events: [bugb] batch END n=0
2026-08-25T10:55:02.790667Z  INFO smart_dl_daemon::serve: [bugb] watchdog alive uptime_ms=66391
2026-08-25T10:55:02.855630Z  INFO smart_dl_daemon::serve: [bugb] os-tick alive_ms=66456 tasks_free=true
2026-08-25T10:55:03.157039Z  INFO smart_dl_daemon::serve: [bugb] os-tick alive_ms=66758 tasks_free=true
2026-08-25T10:55:03.261983Z  INFO smart_dl_daemon::bt_events: [bugb] batch START n=0 tick=130
2026-08-25T10:55:03.263004Z  INFO smart_dl_daemon::bt_events: [bugb] batch END n=0
2026-08-25T10:55:03.458442Z  INFO smart_dl_daemon::serve: [bugb] os-tick alive_ms=67059 tasks_free=true
2026-08-25T10:55:03.759053Z  INFO smart_dl_daemon::serve: [bugb] os-tick alive_ms=67360 tasks_free=true
2026-08-25T10:55:03.767470Z  INFO smart_dl_daemon::bt_events: [bugb] batch START n=0 tick=131
2026-08-25T10:55:03.768394Z  INFO smart_dl_daemon::bt_events: [bugb] batch END n=0
2026-08-25T10:55:04.060325Z  INFO smart_dl_daemon::serve: [bugb] os-tick alive_ms=67661 tasks_free=true
2026-08-25T10:55:04.283734Z  INFO smart_dl_daemon::bt_events: [bugb] batch START n=0 tick=132
2026-08-25T10:55:04.284671Z  INFO smart_dl_daemon::bt_events: [bugb] batch END n=0
2026-08-25T10:55:04.362184Z  INFO smart_dl_daemon::serve: [bugb] os-tick alive_ms=67963 tasks_free=true
2026-08-25T10:55:04.663443Z  INFO smart_dl_daemon::serve: [bugb] os-tick alive_ms=68264 tasks_free=true
2026-08-25T10:55:04.789634Z  INFO smart_dl_daemon::bt_events: [bugb] batch START n=0 tick=133
2026-08-25T10:55:04.790821Z  INFO smart_dl_daemon::bt_events: [bugb] batch END n=0
2026-08-25T10:55:04.803011Z  INFO smart_dl_daemon::serve: [bugb] watchdog alive uptime_ms=68404
2026-08-25T10:55:04.964655Z  INFO smart_dl_daemon::serve: [bugb] os-tick alive_ms=68565 tasks_free=true
2026-08-25T10:55:05.265884Z  INFO smart_dl_daemon::serve: [bugb] os-tick alive_ms=68866 tasks_free=true
2026-08-25T10:55:05.294068Z  INFO smart_dl_daemon::bt_events: [bugb] batch START n=0 tick=134
2026-08-25T10:55:05.294933Z  INFO smart_dl_daemon::bt_events: [bugb] batch END n=0
2026-08-25T10:55:05.567319Z  INFO smart_dl_daemon::serve: [bugb] os-tick alive_ms=69168 tasks_free=true
2026-08-25T10:55:05.804275Z  INFO smart_dl_daemon::bt_events: [bugb] batch START n=0 tick=135
2026-08-25T10:55:05.805282Z  INFO smart_dl_daemon::bt_events: [bugb] batch END n=0
2026-08-25T10:55:05.868555Z  INFO smart_dl_daemon::serve: [bugb] os-tick alive_ms=69469 tasks_free=true
2026-08-25T10:55:06.169633Z  INFO smart_dl_daemon::serve: [bugb] os-tick alive_ms=69770 tasks_free=true
2026-08-25T10:55:06.310879Z  INFO smart_dl_daemon::bt_events: [bugb] batch START n=0 tick=136
2026-08-25T10:55:06.311933Z  INFO smart_dl_daemon::bt_events: [bugb] batch END n=0
2026-08-25T10:55:06.470884Z  INFO smart_dl_daemon::serve: [bugb] os-tick alive_ms=70071 tasks_free=true
2026-08-25T10:55:06.772054Z  INFO smart_dl_daemon::serve: [bugb] os-tick alive_ms=70373 tasks_free=true
2026-08-25T10:55:06.809458Z  INFO smart_dl_daemon::serve: [bugb] watchdog alive uptime_ms=70410
2026-08-25T10:55:06.821627Z  INFO smart_dl_daemon::bt_events: [bugb] batch START n=0 tick=137
2026-08-25T10:55:06.822694Z  INFO smart_dl_daemon::bt_events: [bugb] batch END n=0
2026-08-25T10:55:07.073076Z  INFO smart_dl_daemon::serve: [bugb] os-tick alive_ms=70674 tasks_free=true
2026-08-25T10:55:07.328017Z  INFO smart_dl_daemon::bt_events: [bugb] batch START n=0 tick=138
2026-08-25T10:55:07.329016Z  INFO smart_dl_daemon::bt_events: [bugb] batch END n=0
2026-08-25T10:55:07.374307Z  INFO smart_dl_daemon::serve: [bugb] os-tick alive_ms=70975 tasks_free=true
2026-08-25T10:55:07.675399Z  INFO smart_dl_daemon::serve: [bugb] os-tick alive_ms=71276 tasks_free=true
2026-08-25T10:55:07.832013Z  INFO smart_dl_daemon::bt_events: [bugb] batch START n=0 tick=139
2026-08-25T10:55:07.833100Z  INFO smart_dl_daemon::bt_events: [bugb] batch END n=0
2026-08-25T10:55:07.976600Z  INFO smart_dl_daemon::serve: [bugb] os-tick alive_ms=71577 tasks_free=true
2026-08-25T10:55:08.278013Z  INFO smart_dl_daemon::serve: [bugb] os-tick alive_ms=71879 tasks_free=true
2026-08-25T10:55:08.342483Z  INFO smart_dl_daemon::bt_events: [bugb] batch START n=0 tick=140
2026-08-25T10:55:08.343359Z  INFO smart_dl_daemon::bt_events: [bugb] batch END n=0
2026-08-25T10:55:08.579831Z  INFO smart_dl_daemon::serve: [bugb] os-tick alive_ms=72180 tasks_free=true
2026-08-25T10:55:08.815955Z  INFO smart_dl_daemon::serve: [bugb] watchdog alive uptime_ms=72416
2026-08-25T10:55:08.853704Z  INFO smart_dl_daemon::bt_events: [bugb] alert-loop alive ticks=141 batch=0
2026-08-25T10:55:08.854954Z  INFO smart_dl_daemon::bt_events: [bugb] batch START n=0 tick=141
2026-08-25T10:55:08.855462Z  INFO smart_dl_daemon::bt_events: [bugb] batch END n=0
2026-08-25T10:55:08.881474Z  INFO smart_dl_daemon::serve: [bugb] os-tick alive_ms=72482 tasks_free=true
2026-08-25T10:55:09.183226Z  INFO smart_dl_daemon::serve: [bugb] os-tick alive_ms=72784 tasks_free=true
2026-08-25T10:55:09.369208Z  INFO smart_dl_daemon::bt_events: [bugb] batch START n=0 tick=142
2026-08-25T10:55:09.370127Z  INFO smart_dl_daemon::bt_events: [bugb] batch END n=0
2026-08-25T10:55:09.484578Z  INFO smart_dl_daemon::serve: [bugb] os-tick alive_ms=73085 tasks_free=true
2026-08-25T10:55:09.785946Z  INFO smart_dl_daemon::serve: [bugb] os-tick alive_ms=73386 tasks_free=true
2026-08-25T10:55:09.874575Z  INFO smart_dl_daemon::bt_events: [bugb] batch START n=0 tick=143
2026-08-25T10:55:09.875439Z  INFO smart_dl_daemon::bt_events: [bugb] batch END n=0
2026-08-25T10:55:10.087264Z  INFO smart_dl_daemon::serve: [bugb] os-tick alive_ms=73688 tasks_free=true
2026-08-25T10:55:10.386105Z  INFO smart_dl_daemon::bt_events: [bugb] batch START n=0 tick=144
2026-08-25T10:55:10.387232Z  INFO smart_dl_daemon::bt_events: [bugb] batch END n=0
2026-08-25T10:55:10.388500Z  INFO smart_dl_daemon::serve: [bugb] os-tick alive_ms=73989 tasks_free=true
2026-08-25T10:55:10.689041Z  INFO smart_dl_daemon::serve: [bugb] os-tick alive_ms=74290 tasks_free=true
2026-08-25T10:55:10.831261Z  INFO smart_dl_daemon::serve: [bugb] watchdog alive uptime_ms=74432
2026-08-25T10:55:10.897218Z  INFO smart_dl_daemon::bt_events: [bugb] batch START n=0 tick=145
2026-08-25T10:55:10.898347Z  INFO smart_dl_daemon::bt_events: [bugb] batch END n=0
2026-08-25T10:55:10.990376Z  INFO smart_dl_daemon::serve: [bugb] os-tick alive_ms=74591 tasks_free=true
2026-08-25T10:55:11.291996Z  INFO smart_dl_daemon::serve: [bugb] os-tick alive_ms=74893 tasks_free=true
2026-08-25T10:55:11.401655Z  INFO smart_dl_daemon::bt_events: [bugb] batch START n=0 tick=146
2026-08-25T10:55:11.402584Z  INFO smart_dl_daemon::bt_events: [bugb] batch END n=0
2026-08-25T10:55:11.593437Z  INFO smart_dl_daemon::serve: [bugb] os-tick alive_ms=75194 tasks_free=true
2026-08-25T10:55:11.894650Z  INFO smart_dl_daemon::serve: [bugb] os-tick alive_ms=75495 tasks_free=true
2026-08-25T10:55:11.908827Z  INFO smart_dl_daemon::bt_events: [bugb] batch START n=0 tick=147
2026-08-25T10:55:11.909442Z  INFO smart_dl_daemon::bt_events: [bugb] batch END n=0
2026-08-25T10:55:12.195333Z  INFO smart_dl_daemon::serve: [bugb] os-tick alive_ms=75796 tasks_free=true
2026-08-25T10:55:12.423516Z  INFO smart_dl_daemon::bt_events: [bugb] batch START n=0 tick=148
2026-08-25T10:55:12.424466Z  INFO smart_dl_daemon::bt_events: [bugb] batch END n=0
2026-08-25T10:55:12.496837Z  INFO smart_dl_daemon::serve: [bugb] os-tick alive_ms=76097 tasks_free=true
2026-08-25T10:55:12.798342Z  INFO smart_dl_daemon::serve: [bugb] os-tick alive_ms=76399 tasks_free=true
2026-08-25T10:55:12.845105Z  INFO smart_dl_daemon::serve: [bugb] watchdog alive uptime_ms=76446
2026-08-25T10:55:12.933941Z  INFO smart_dl_daemon::bt_events: [bugb] batch START n=0 tick=149
2026-08-25T10:55:12.934946Z  INFO smart_dl_daemon::bt_events: [bugb] batch END n=0
2026-08-25T10:55:13.099721Z  INFO smart_dl_daemon::serve: [bugb] os-tick alive_ms=76700 tasks_free=true
2026-08-25T10:55:13.400898Z  INFO smart_dl_daemon::serve: [bugb] os-tick alive_ms=77001 tasks_free=true
2026-08-25T10:55:13.439186Z  INFO smart_dl_daemon::bt_events: [bugb] batch START n=0 tick=150
2026-08-25T10:55:13.451632Z  INFO smart_dl_daemon::bt_events: [bugb] batch END n=0
2026-08-25T10:55:13.702468Z  INFO smart_dl_daemon::serve: [bugb] os-tick alive_ms=77303 tasks_free=true
2026-08-25T10:55:13.962454Z  INFO smart_dl_daemon::bt_events: [bugb] batch START n=0 tick=151
2026-08-25T10:55:13.963426Z  INFO smart_dl_daemon::bt_events: [bugb] batch END n=0
2026-08-25T10:55:14.003905Z  INFO smart_dl_daemon::serve: [bugb] os-tick alive_ms=77604 tasks_free=true
2026-08-25T10:55:14.305060Z  INFO smart_dl_daemon::serve: [bugb] os-tick alive_ms=77906 tasks_free=true
2026-08-25T10:55:14.479260Z  INFO smart_dl_daemon::bt_events: [bugb] batch START n=0 tick=152
2026-08-25T10:55:14.480441Z  INFO smart_dl_daemon::bt_events: [bugb] batch END n=0
2026-08-25T10:55:14.606704Z  INFO smart_dl_daemon::serve: [bugb] os-tick alive_ms=78207 tasks_free=true
2026-08-25T10:55:14.856444Z  INFO smart_dl_daemon::serve: [bugb] watchdog alive uptime_ms=78457
2026-08-25T10:55:14.908253Z  INFO smart_dl_daemon::serve: [bugb] os-tick alive_ms=78509 tasks_free=true
2026-08-25T10:55:14.982872Z  INFO smart_dl_daemon::bt_events: [bugb] batch START n=0 tick=153
2026-08-25T10:55:14.983772Z  INFO smart_dl_daemon::bt_events: [bugb] batch END n=0
2026-08-25T10:55:15.209693Z  INFO smart_dl_daemon::serve: [bugb] os-tick alive_ms=78810 tasks_free=true
2026-08-25T10:55:15.495880Z  INFO smart_dl_daemon::bt_events: [bugb] batch START n=0 tick=154
2026-08-25T10:55:15.496945Z  INFO smart_dl_daemon::bt_events: [bugb] batch END n=0
2026-08-25T10:55:15.511170Z  INFO smart_dl_daemon::serve: [bugb] os-tick alive_ms=79112 tasks_free=true
2026-08-25T10:55:15.812482Z  INFO smart_dl_daemon::serve: [bugb] os-tick alive_ms=79413 tasks_free=true
2026-08-25T10:55:16.009198Z  INFO smart_dl_daemon::bt_events: [bugb] batch START n=0 tick=155
2026-08-25T10:55:16.010402Z  INFO smart_dl_daemon::bt_events: [bugb] batch END n=0
2026-08-25T10:55:16.114064Z  INFO smart_dl_daemon::serve: [bugb] os-tick alive_ms=79715 tasks_free=true
2026-08-25T10:55:16.417784Z  INFO smart_dl_daemon::serve: [bugb] os-tick alive_ms=80018 tasks_free=true
2026-08-25T10:55:16.515671Z  INFO smart_dl_daemon::bt_events: [bugb] batch START n=0 tick=156
2026-08-25T10:55:16.516675Z  INFO smart_dl_daemon::bt_events: [bugb] batch END n=0
2026-08-25T10:55:16.719067Z  INFO smart_dl_daemon::serve: [bugb] os-tick alive_ms=80320 tasks_free=true
2026-08-25T10:55:16.866631Z  INFO smart_dl_daemon::serve: [bugb] watchdog alive uptime_ms=80467
2026-08-25T10:55:17.020260Z  INFO smart_dl_daemon::serve: [bugb] os-tick alive_ms=80621 tasks_free=true
2026-08-25T10:55:17.020357Z  INFO smart_dl_daemon::bt_events: [bugb] batch START n=0 tick=157
2026-08-25T10:55:17.021894Z  INFO smart_dl_daemon::bt_events: [bugb] batch END n=0
2026-08-25T10:55:17.321856Z  INFO smart_dl_daemon::serve: [bugb] os-tick alive_ms=80922 tasks_free=true
2026-08-25T10:55:17.533484Z  INFO smart_dl_daemon::bt_events: [bugb] batch START n=0 tick=158
2026-08-25T10:55:17.534467Z  INFO smart_dl_daemon::bt_events: [bugb] batch END n=0
2026-08-25T10:55:17.623473Z  INFO smart_dl_daemon::serve: [bugb] os-tick alive_ms=81224 tasks_free=true
2026-08-25T10:55:17.925041Z  INFO smart_dl_daemon::serve: [bugb] os-tick alive_ms=81526 tasks_free=true
2026-08-25T10:55:18.048452Z  INFO smart_dl_daemon::bt_events: [bugb] batch START n=0 tick=159
2026-08-25T10:55:18.049434Z  INFO smart_dl_daemon::bt_events: [bugb] batch END n=0
2026-08-25T10:55:18.226232Z  INFO smart_dl_daemon::serve: [bugb] os-tick alive_ms=81827 tasks_free=true
2026-08-25T10:55:18.528263Z  INFO smart_dl_daemon::serve: [bugb] os-tick alive_ms=82129 tasks_free=true
2026-08-25T10:55:18.560095Z  INFO smart_dl_daemon::bt_events: [bugb] batch START n=0 tick=160
2026-08-25T10:55:18.561087Z  INFO smart_dl_daemon::bt_events: [bugb] batch END n=0
2026-08-25T10:55:18.829367Z  INFO smart_dl_daemon::serve: [bugb] os-tick alive_ms=82430 tasks_free=true
2026-08-25T10:55:18.877043Z  INFO smart_dl_daemon::serve: [bugb] watchdog alive uptime_ms=82478
2026-08-25T10:55:19.064514Z  INFO smart_dl_daemon::bt_events: [bugb] alert-loop alive ticks=161 batch=0
2026-08-25T10:55:19.065587Z  INFO smart_dl_daemon::bt_events: [bugb] batch START n=0 tick=161
2026-08-25T10:55:19.065959Z  INFO smart_dl_daemon::bt_events: [bugb] batch END n=0
2026-08-25T10:55:19.130782Z  INFO smart_dl_daemon::serve: [bugb] os-tick alive_ms=82731 tasks_free=true
2026-08-25T10:55:19.431961Z  INFO smart_dl_daemon::serve: [bugb] os-tick alive_ms=83033 tasks_free=true
2026-08-25T10:55:19.568533Z  INFO smart_dl_daemon::bt_events: [bugb] batch START n=0 tick=162
2026-08-25T10:55:19.570119Z  INFO smart_dl_daemon::bt_events: [bugb] batch END n=0
2026-08-25T10:55:19.733542Z  INFO smart_dl_daemon::serve: [bugb] os-tick alive_ms=83334 tasks_free=true
2026-08-25T10:55:20.034770Z  INFO smart_dl_daemon::serve: [bugb] os-tick alive_ms=83635 tasks_free=true
2026-08-25T10:55:20.080484Z  INFO smart_dl_daemon::bt_events: [bugb] batch START n=0 tick=163
2026-08-25T10:55:20.124282Z  INFO smart_dl_daemon::bt_events: [bugb] batch END n=0
2026-08-25T10:55:20.424093Z  INFO smart_dl_daemon::serve: [bugb] os-tick alive_ms=84025 tasks_free=true
2026-08-25T10:55:20.626545Z  INFO smart_dl_daemon::bt_events: [bugb] batch START n=0 tick=164
2026-08-25T10:55:20.627505Z  INFO smart_dl_daemon::bt_events: [bugb] batch END n=0
2026-08-25T10:55:20.726819Z  INFO smart_dl_daemon::serve: [bugb] os-tick alive_ms=84327 tasks_free=true
2026-08-25T10:55:20.880695Z  INFO smart_dl_daemon::serve: [bugb] watchdog alive uptime_ms=84481
2026-08-25T10:55:21.028004Z  INFO smart_dl_daemon::serve: [bugb] os-tick alive_ms=84629 tasks_free=true
2026-08-25T10:55:21.140851Z  INFO smart_dl_daemon::bt_events: [bugb] batch START n=0 tick=165
2026-08-25T10:55:21.141902Z  INFO smart_dl_daemon::bt_events: [bugb] batch END n=0
2026-08-25T10:55:21.329336Z  INFO smart_dl_daemon::serve: [bugb] os-tick alive_ms=84930 tasks_free=true
2026-08-25T10:55:21.630556Z  INFO smart_dl_daemon::serve: [bugb] os-tick alive_ms=85231 tasks_free=true
2026-08-25T10:55:21.651996Z  INFO smart_dl_daemon::bt_events: [bugb] batch START n=0 tick=166
2026-08-25T10:55:21.653562Z  INFO smart_dl_daemon::bt_events: [bugb] batch END n=0
2026-08-25T10:55:21.931973Z  INFO smart_dl_daemon::serve: [bugb] os-tick alive_ms=85532 tasks_free=true
2026-08-25T10:55:22.163413Z  INFO smart_dl_daemon::bt_events: [bugb] batch START n=0 tick=167
2026-08-25T10:55:22.164480Z  INFO smart_dl_daemon::bt_events: [bugb] batch END n=0
2026-08-25T10:55:22.234732Z  INFO smart_dl_daemon::serve: [bugb] os-tick alive_ms=85835 tasks_free=true
2026-08-25T10:55:22.535922Z  INFO smart_dl_daemon::serve: [bugb] os-tick alive_ms=86136 tasks_free=true
2026-08-25T10:55:22.667225Z  INFO smart_dl_daemon::bt_events: [bugb] batch START n=0 tick=168
2026-08-25T10:55:22.668277Z  INFO smart_dl_daemon::bt_events: [bugb] batch END n=0
2026-08-25T10:55:22.837458Z  INFO smart_dl_daemon::serve: [bugb] os-tick alive_ms=86438 tasks_free=true
2026-08-25T10:55:22.884097Z  INFO smart_dl_daemon::serve: [bugb] watchdog alive uptime_ms=86485
2026-08-25T10:55:23.139187Z  INFO smart_dl_daemon::serve: [bugb] os-tick alive_ms=86740 tasks_free=true
2026-08-25T10:55:23.179446Z  INFO smart_dl_daemon::bt_events: [bugb] batch START n=0 tick=169
2026-08-25T10:55:23.180398Z  INFO smart_dl_daemon::bt_events: [bugb] batch END n=0
2026-08-25T10:55:23.440548Z  INFO smart_dl_daemon::serve: [bugb] os-tick alive_ms=87041 tasks_free=true
2026-08-25T10:55:23.684984Z  INFO smart_dl_daemon::bt_events: [bugb] batch START n=0 tick=170
2026-08-25T10:55:23.686094Z  INFO smart_dl_daemon::bt_events: [bugb] batch END n=0
2026-08-25T10:55:23.741570Z  INFO smart_dl_daemon::serve: [bugb] os-tick alive_ms=87342 tasks_free=true
2026-08-25T10:55:24.042484Z  INFO smart_dl_daemon::serve: [bugb] os-tick alive_ms=87643 tasks_free=true
2026-08-25T10:55:24.196000Z  INFO smart_dl_daemon::bt_events: [bugb] batch START n=0 tick=171
2026-08-25T10:55:24.197025Z  INFO smart_dl_daemon::bt_events: [bugb] batch END n=0
2026-08-25T10:55:24.343719Z  INFO smart_dl_daemon::serve: [bugb] os-tick alive_ms=87944 tasks_free=true
2026-08-25T10:55:24.644827Z  INFO smart_dl_daemon::serve: [bugb] os-tick alive_ms=88245 tasks_free=true
2026-08-25T10:55:24.700081Z  INFO smart_dl_daemon::bt_events: [bugb] batch START n=0 tick=172
2026-08-25T10:55:24.700986Z  INFO smart_dl_daemon::bt_events: [bugb] batch END n=0
2026-08-25T10:55:24.894442Z  INFO smart_dl_daemon::serve: [bugb] watchdog alive uptime_ms=88495
2026-08-25T10:55:24.946052Z  INFO smart_dl_daemon::serve: [bugb] os-tick alive_ms=88547 tasks_free=true
2026-08-25T10:55:25.217804Z  INFO smart_dl_daemon::bt_events: [bugb] batch START n=0 tick=173
2026-08-25T10:55:25.219014Z  INFO smart_dl_daemon::bt_events: [bugb] batch END n=0
2026-08-25T10:55:25.247632Z  INFO smart_dl_daemon::serve: [bugb] os-tick alive_ms=88848 tasks_free=true
2026-08-25T10:55:25.549156Z  INFO smart_dl_daemon::serve: [bugb] os-tick alive_ms=89150 tasks_free=true
2026-08-25T10:55:25.732412Z  INFO smart_dl_daemon::bt_events: [bugb] batch START n=0 tick=174
2026-08-25T10:55:25.735512Z  INFO smart_dl_daemon::bt_events: [bugb] batch END n=0
2026-08-25T10:55:25.851050Z  INFO smart_dl_daemon::serve: [bugb] os-tick alive_ms=89452 tasks_free=true
2026-08-25T10:55:26.152154Z  INFO smart_dl_daemon::serve: [bugb] os-tick alive_ms=89753 tasks_free=true
2026-08-25T10:55:26.238740Z  INFO smart_dl_daemon::bt_events: [bugb] batch START n=0 tick=175
2026-08-25T10:55:26.239635Z  INFO smart_dl_daemon::bt_events: [bugb] batch END n=0
2026-08-25T10:55:26.453562Z  INFO smart_dl_daemon::serve: [bugb] os-tick alive_ms=90054 tasks_free=true
2026-08-25T10:55:26.741616Z  INFO smart_dl_daemon::bt_events: [bugb] batch START n=0 tick=176
2026-08-25T10:55:26.743145Z  INFO smart_dl_daemon::bt_events: [bugb] batch END n=0
2026-08-25T10:55:26.754721Z  INFO smart_dl_daemon::serve: [bugb] os-tick alive_ms=90355 tasks_free=true
2026-08-25T10:55:26.898574Z  INFO smart_dl_daemon::serve: [bugb] watchdog alive uptime_ms=90499
2026-08-25T10:55:27.055696Z  INFO smart_dl_daemon::serve: [bugb] os-tick alive_ms=90656 tasks_free=true
2026-08-25T10:55:27.251102Z  INFO smart_dl_daemon::bt_events: [bugb] batch START n=0 tick=177
2026-08-25T10:55:27.252150Z  INFO smart_dl_daemon::bt_events: [bugb] batch END n=0
2026-08-25T10:55:27.356946Z  INFO smart_dl_daemon::serve: [bugb] os-tick alive_ms=90957 tasks_free=true
2026-08-25T10:55:27.658191Z  INFO smart_dl_daemon::serve: [bugb] os-tick alive_ms=91259 tasks_free=true
2026-08-25T10:55:27.756119Z  INFO smart_dl_daemon::bt_events: [bugb] batch START n=0 tick=178
2026-08-25T10:55:27.757377Z  INFO smart_dl_daemon::bt_events: [bugb] batch END n=0
2026-08-25T10:55:27.959599Z  INFO smart_dl_daemon::serve: [bugb] os-tick alive_ms=91560 tasks_free=true
2026-08-25T10:55:28.260200Z  INFO smart_dl_daemon::bt_events: [bugb] batch START n=0 tick=179
2026-08-25T10:55:28.261139Z  INFO smart_dl_daemon::bt_events: [bugb] batch END n=0
2026-08-25T10:55:28.261512Z  INFO smart_dl_daemon::serve: [bugb] os-tick alive_ms=91862 tasks_free=true
2026-08-25T10:55:28.561940Z  INFO smart_dl_daemon::serve: [bugb] os-tick alive_ms=92162 tasks_free=true
2026-08-25T10:55:28.771184Z  INFO smart_dl_daemon::bt_events: [bugb] batch START n=0 tick=180
2026-08-25T10:55:28.772197Z  INFO smart_dl_daemon::bt_events: [bugb] batch END n=0
2026-08-25T10:55:28.864149Z  INFO smart_dl_daemon::serve: [bugb] os-tick alive_ms=92465 tasks_free=true
2026-08-25T10:55:28.909513Z  INFO smart_dl_daemon::serve: [bugb] watchdog alive uptime_ms=92510
2026-08-25T10:55:29.165266Z  INFO smart_dl_daemon::serve: [bugb] os-tick alive_ms=92766 tasks_free=true
2026-08-25T10:55:29.275431Z  INFO smart_dl_daemon::bt_events: [bugb] alert-loop alive ticks=181 batch=0
2026-08-25T10:55:29.276689Z  INFO smart_dl_daemon::bt_events: [bugb] batch START n=0 tick=181
2026-08-25T10:55:29.277186Z  INFO smart_dl_daemon::bt_events: [bugb] batch END n=0
2026-08-25T10:55:29.466627Z  INFO smart_dl_daemon::serve: [bugb] os-tick alive_ms=93067 tasks_free=true
2026-08-25T10:55:29.768067Z  INFO smart_dl_daemon::serve: [bugb] os-tick alive_ms=93369 tasks_free=true
2026-08-25T10:55:29.783760Z  INFO smart_dl_daemon::bt_events: [bugb] batch START n=0 tick=182
2026-08-25T10:55:29.785530Z  INFO smart_dl_daemon::bt_events: [bugb] batch END n=0
2026-08-25T10:55:30.070239Z  INFO smart_dl_daemon::serve: [bugb] os-tick alive_ms=93671 tasks_free=true
2026-08-25T10:55:30.302080Z  INFO smart_dl_daemon::bt_events: [bugb] batch START n=0 tick=183
2026-08-25T10:55:30.303021Z  INFO smart_dl_daemon::bt_events: [bugb] batch END n=0
2026-08-25T10:55:30.371772Z  INFO smart_dl_daemon::serve: [bugb] os-tick alive_ms=93972 tasks_free=true
2026-08-25T10:55:30.673217Z  INFO smart_dl_daemon::serve: [bugb] os-tick alive_ms=94274 tasks_free=true
2026-08-25T10:55:30.812430Z  INFO smart_dl_daemon::bt_events: [bugb] batch START n=0 tick=184
2026-08-25T10:55:30.813386Z  INFO smart_dl_daemon::bt_events: [bugb] batch END n=0
2026-08-25T10:55:30.919669Z  INFO smart_dl_daemon::serve: [bugb] watchdog alive uptime_ms=94520
2026-08-25T10:55:30.974761Z  INFO smart_dl_daemon::serve: [bugb] os-tick alive_ms=94575 tasks_free=true
2026-08-25T10:55:31.275697Z  INFO smart_dl_daemon::serve: [bugb] os-tick alive_ms=94876 tasks_free=true
2026-08-25T10:55:31.319686Z  INFO smart_dl_daemon::bt_events: [bugb] batch START n=0 tick=185
2026-08-25T10:55:31.320773Z  INFO smart_dl_daemon::bt_events: [bugb] batch END n=0
2026-08-25T10:55:31.576409Z  INFO smart_dl_daemon::serve: [bugb] os-tick alive_ms=95177 tasks_free=true
2026-08-25T10:55:31.830744Z  INFO smart_dl_daemon::bt_events: [bugb] batch START n=0 tick=186
2026-08-25T10:55:31.831908Z  INFO smart_dl_daemon::bt_events: [bugb] batch END n=0
2026-08-25T10:55:31.878542Z  INFO smart_dl_daemon::serve: [bugb] os-tick alive_ms=95479 tasks_free=true
2026-08-25T10:55:32.179662Z  INFO smart_dl_daemon::serve: [bugb] os-tick alive_ms=95780 tasks_free=true
2026-08-25T10:55:32.337313Z  INFO smart_dl_daemon::bt_events: [bugb] batch START n=0 tick=187
2026-08-25T10:55:32.338411Z  INFO smart_dl_daemon::bt_events: [bugb] batch END n=0
2026-08-25T10:55:32.480728Z  INFO smart_dl_daemon::serve: [bugb] os-tick alive_ms=96081 tasks_free=true
2026-08-25T10:55:32.782048Z  INFO smart_dl_daemon::serve: [bugb] os-tick alive_ms=96383 tasks_free=true
2026-08-25T10:55:32.848018Z  INFO smart_dl_daemon::bt_events: [bugb] batch START n=0 tick=188
2026-08-25T10:55:32.849379Z  INFO smart_dl_daemon::bt_events: [bugb] batch END n=0
2026-08-25T10:55:32.930926Z  INFO smart_dl_daemon::serve: [bugb] watchdog alive uptime_ms=96531
2026-08-25T10:55:33.083507Z  INFO smart_dl_daemon::serve: [bugb] os-tick alive_ms=96684 tasks_free=true
2026-08-25T10:55:33.356524Z  INFO smart_dl_daemon::bt_events: [bugb] batch START n=0 tick=189
2026-08-25T10:55:33.357506Z  INFO smart_dl_daemon::bt_events: [bugb] batch END n=0
2026-08-25T10:55:33.385672Z  INFO smart_dl_daemon::serve: [bugb] os-tick alive_ms=96986 tasks_free=true
2026-08-25T10:55:33.687189Z  INFO smart_dl_daemon::serve: [bugb] os-tick alive_ms=97288 tasks_free=true
2026-08-25T10:55:33.861821Z  INFO smart_dl_daemon::bt_events: [bugb] batch START n=0 tick=190
2026-08-25T10:55:33.862848Z  INFO smart_dl_daemon::bt_events: [bugb] batch END n=0
2026-08-25T10:55:33.988628Z  INFO smart_dl_daemon::serve: [bugb] os-tick alive_ms=97589 tasks_free=true
2026-08-25T10:55:34.289840Z  INFO smart_dl_daemon::serve: [bugb] os-tick alive_ms=97890 tasks_free=true
2026-08-25T10:55:34.373048Z  INFO smart_dl_daemon::bt_events: [bugb] batch START n=0 tick=191
2026-08-25T10:55:34.374013Z  INFO smart_dl_daemon::bt_events: [bugb] batch END n=0
2026-08-25T10:55:34.591104Z  INFO smart_dl_daemon::serve: [bugb] os-tick alive_ms=98192 tasks_free=true
2026-08-25T10:55:34.877137Z  INFO smart_dl_daemon::bt_events: [bugb] batch START n=0 tick=192
2026-08-25T10:55:34.878129Z  INFO smart_dl_daemon::bt_events: [bugb] batch END n=0
2026-08-25T10:55:34.892484Z  INFO smart_dl_daemon::serve: [bugb] os-tick alive_ms=98493 tasks_free=true
2026-08-25T10:55:34.942972Z  INFO smart_dl_daemon::serve: [bugb] watchdog alive uptime_ms=98544
2026-08-25T10:55:35.193763Z  INFO smart_dl_daemon::serve: [bugb] os-tick alive_ms=98794 tasks_free=true
2026-08-25T10:55:35.388083Z  INFO smart_dl_daemon::bt_events: [bugb] batch START n=0 tick=193
2026-08-25T10:55:35.389059Z  INFO smart_dl_daemon::bt_events: [bugb] batch END n=0
2026-08-25T10:55:35.495254Z  INFO smart_dl_daemon::serve: [bugb] os-tick alive_ms=99096 tasks_free=true
2026-08-25T10:55:35.797052Z  INFO smart_dl_daemon::serve: [bugb] os-tick alive_ms=99398 tasks_free=true
2026-08-25T10:55:35.901499Z  INFO smart_dl_daemon::bt_events: [bugb] batch START n=0 tick=194
2026-08-25T10:55:35.903180Z  INFO smart_dl_daemon::bt_events: [bugb] batch END n=0
2026-08-25T10:55:36.098814Z  INFO smart_dl_daemon::serve: [bugb] os-tick alive_ms=99699 tasks_free=true
2026-08-25T10:55:36.400929Z  INFO smart_dl_daemon::serve: [bugb] os-tick alive_ms=100001 tasks_free=true
2026-08-25T10:55:36.416202Z  INFO smart_dl_daemon::bt_events: [bugb] batch START n=0 tick=195
2026-08-25T10:55:36.417072Z  INFO smart_dl_daemon::bt_events: [bugb] batch END n=0
2026-08-25T10:55:36.702531Z  INFO smart_dl_daemon::serve: [bugb] os-tick alive_ms=100303 tasks_free=true
2026-08-25T10:55:36.921344Z  INFO smart_dl_daemon::bt_events: [bugb] batch START n=0 tick=196
2026-08-25T10:55:36.922326Z  INFO smart_dl_daemon::bt_events: [bugb] batch END n=0
2026-08-25T10:55:36.945619Z  INFO smart_dl_daemon::serve: [bugb] watchdog alive uptime_ms=100546
2026-08-25T10:55:37.003417Z  INFO smart_dl_daemon::serve: [bugb] os-tick alive_ms=100604 tasks_free=true
2026-08-25T10:55:37.313244Z  INFO smart_dl_daemon::serve: [bugb] os-tick alive_ms=100914 tasks_free=true
2026-08-25T10:55:37.426256Z  INFO smart_dl_daemon::bt_events: [bugb] batch START n=0 tick=197
2026-08-25T10:55:37.427243Z  INFO smart_dl_daemon::bt_events: [bugb] batch END n=0
2026-08-25T10:55:37.614511Z  INFO smart_dl_daemon::serve: [bugb] os-tick alive_ms=101215 tasks_free=true
2026-08-25T10:55:37.916127Z  INFO smart_dl_daemon::serve: [bugb] os-tick alive_ms=101517 tasks_free=true
2026-08-25T10:55:37.938149Z  INFO smart_dl_daemon::bt_events: [bugb] batch START n=0 tick=198
2026-08-25T10:55:37.939099Z  INFO smart_dl_daemon::bt_events: [bugb] batch END n=0
2026-08-25T10:55:38.217906Z  INFO smart_dl_daemon::serve: [bugb] os-tick alive_ms=101818 tasks_free=true
2026-08-25T10:55:38.450791Z  INFO smart_dl_daemon::bt_events: [bugb] batch START n=0 tick=199
2026-08-25T10:55:38.452714Z  INFO smart_dl_daemon::bt_events: [bugb] batch END n=0
2026-08-25T10:55:38.519487Z  INFO smart_dl_daemon::serve: [bugb] os-tick alive_ms=102120 tasks_free=true
2026-08-25T10:55:38.820552Z  INFO smart_dl_daemon::serve: [bugb] os-tick alive_ms=102421 tasks_free=true
2026-08-25T10:55:38.948346Z  INFO smart_dl_daemon::serve: [bugb] watchdog alive uptime_ms=102549
2026-08-25T10:55:38.961207Z  INFO smart_dl_daemon::bt_events: [bugb] batch START n=0 tick=200
2026-08-25T10:55:38.962254Z  INFO smart_dl_daemon::bt_events: [bugb] batch END n=0
2026-08-25T10:55:39.121734Z  INFO smart_dl_daemon::serve: [bugb] os-tick alive_ms=102722 tasks_free=true
2026-08-25T10:55:39.422829Z  INFO smart_dl_daemon::serve: [bugb] os-tick alive_ms=103023 tasks_free=true
2026-08-25T10:55:39.471013Z  INFO smart_dl_daemon::bt_events: [bugb] alert-loop alive ticks=201 batch=0
2026-08-25T10:55:39.471881Z  INFO smart_dl_daemon::bt_events: [bugb] batch START n=0 tick=201
2026-08-25T10:55:39.472219Z  INFO smart_dl_daemon::bt_events: [bugb] batch END n=0
2026-08-25T10:55:39.725426Z  INFO smart_dl_daemon::serve: [bugb] os-tick alive_ms=103326 tasks_free=true
2026-08-25T10:55:39.987149Z  INFO smart_dl_daemon::bt_events: [bugb] batch START n=0 tick=202
2026-08-25T10:55:39.988120Z  INFO smart_dl_daemon::bt_events: [bugb] batch END n=0
2026-08-25T10:55:40.027171Z  INFO smart_dl_daemon::serve: [bugb] os-tick alive_ms=103628 tasks_free=true
2026-08-25T10:55:40.328572Z  INFO smart_dl_daemon::serve: [bugb] os-tick alive_ms=103929 tasks_free=true
2026-08-25T10:55:40.498075Z  INFO smart_dl_daemon::bt_events: [bugb] batch START n=0 tick=203
2026-08-25T10:55:40.499069Z  INFO smart_dl_daemon::bt_events: [bugb] batch END n=0
2026-08-25T10:55:40.630026Z  INFO smart_dl_daemon::serve: [bugb] os-tick alive_ms=104231 tasks_free=true
2026-08-25T10:55:40.931426Z  INFO smart_dl_daemon::serve: [bugb] os-tick alive_ms=104532 tasks_free=true
2026-08-25T10:55:40.963626Z  INFO smart_dl_daemon::serve: [bugb] watchdog alive uptime_ms=104564
2026-08-25T10:55:41.000930Z  INFO smart_dl_daemon::bt_events: [bugb] batch START n=0 tick=204
2026-08-25T10:55:41.002828Z  INFO smart_dl_daemon::bt_events: [bugb] batch END n=0
2026-08-25T10:55:41.234059Z  INFO smart_dl_daemon::serve: [bugb] os-tick alive_ms=104835 tasks_free=true
2026-08-25T10:55:41.506834Z  INFO smart_dl_daemon::bt_events: [bugb] batch START n=0 tick=205
2026-08-25T10:55:41.507815Z  INFO smart_dl_daemon::bt_events: [bugb] batch END n=0
2026-08-25T10:55:41.536039Z  INFO smart_dl_daemon::serve: [bugb] os-tick alive_ms=105137 tasks_free=true
2026-08-25T10:55:41.837603Z  INFO smart_dl_daemon::serve: [bugb] os-tick alive_ms=105438 tasks_free=true
2026-08-25T10:55:42.018599Z  INFO smart_dl_daemon::bt_events: [bugb] batch START n=0 tick=206
2026-08-25T10:55:42.019622Z  INFO smart_dl_daemon::bt_events: [bugb] batch END n=0
2026-08-25T10:55:42.138945Z  INFO smart_dl_daemon::serve: [bugb] os-tick alive_ms=105739 tasks_free=true
2026-08-25T10:55:42.440051Z  INFO smart_dl_daemon::serve: [bugb] os-tick alive_ms=106041 tasks_free=true
2026-08-25T10:55:42.528907Z  INFO smart_dl_daemon::bt_events: [bugb] batch START n=0 tick=207
2026-08-25T10:55:42.529973Z  INFO smart_dl_daemon::bt_events: [bugb] batch END n=0
2026-08-25T10:55:42.741892Z  INFO smart_dl_daemon::serve: [bugb] os-tick alive_ms=106342 tasks_free=true
2026-08-25T10:55:42.971964Z  INFO smart_dl_daemon::serve: [bugb] watchdog alive uptime_ms=106573
2026-08-25T10:55:43.037118Z  INFO smart_dl_daemon::bt_events: [bugb] batch START n=0 tick=208
2026-08-25T10:55:43.038136Z  INFO smart_dl_daemon::bt_events: [bugb] batch END n=0
2026-08-25T10:55:43.043145Z  INFO smart_dl_daemon::serve: [bugb] os-tick alive_ms=106644 tasks_free=true
2026-08-25T10:55:43.344120Z  INFO smart_dl_daemon::serve: [bugb] os-tick alive_ms=106945 tasks_free=true
2026-08-25T10:55:43.551628Z  INFO smart_dl_daemon::bt_events: [bugb] batch START n=0 tick=209
2026-08-25T10:55:43.552802Z  INFO smart_dl_daemon::bt_events: [bugb] batch END n=0
2026-08-25T10:55:43.645657Z  INFO smart_dl_daemon::serve: [bugb] os-tick alive_ms=107246 tasks_free=true
2026-08-25T10:55:43.946921Z  INFO smart_dl_daemon::serve: [bugb] os-tick alive_ms=107547 tasks_free=true
2026-08-25T10:55:44.063131Z  INFO smart_dl_daemon::bt_events: [bugb] batch START n=0 tick=210
2026-08-25T10:55:44.064081Z  INFO smart_dl_daemon::bt_events: [bugb] batch END n=0
2026-08-25T10:55:44.248632Z  INFO smart_dl_daemon::serve: [bugb] os-tick alive_ms=107849 tasks_free=true
2026-08-25T10:55:44.550190Z  INFO smart_dl_daemon::serve: [bugb] os-tick alive_ms=108151 tasks_free=true
2026-08-25T10:55:44.574623Z  INFO smart_dl_daemon::bt_events: [bugb] batch START n=0 tick=211
2026-08-25T10:55:44.575556Z  INFO smart_dl_daemon::bt_events: [bugb] batch END n=0
2026-08-25T10:55:44.851814Z  INFO smart_dl_daemon::serve: [bugb] os-tick alive_ms=108452 tasks_free=true
2026-08-25T10:55:44.974919Z  INFO smart_dl_daemon::serve: [bugb] watchdog alive uptime_ms=108575
2026-08-25T10:55:45.084762Z  INFO smart_dl_daemon::bt_events: [bugb] batch START n=0 tick=212
2026-08-25T10:55:45.085855Z  INFO smart_dl_daemon::bt_events: [bugb] batch END n=0
2026-08-25T10:55:45.153241Z  INFO smart_dl_daemon::serve: [bugb] os-tick alive_ms=108754 tasks_free=true
2026-08-25T10:55:45.455500Z  INFO smart_dl_daemon::serve: [bugb] os-tick alive_ms=109056 tasks_free=true
2026-08-25T10:55:45.595728Z  INFO smart_dl_daemon::bt_events: [bugb] batch START n=0 tick=213
2026-08-25T10:55:45.596859Z  INFO smart_dl_daemon::bt_events: [bugb] batch END n=0
2026-08-25T10:55:45.757438Z  INFO smart_dl_daemon::serve: [bugb] os-tick alive_ms=109358 tasks_free=true
2026-08-25T10:55:46.058786Z  INFO smart_dl_daemon::serve: [bugb] os-tick alive_ms=109659 tasks_free=true
2026-08-25T10:55:46.104405Z  INFO smart_dl_daemon::bt_events: [bugb] batch START n=0 tick=214
2026-08-25T10:55:46.105374Z  INFO smart_dl_daemon::bt_events: [bugb] batch END n=0
2026-08-25T10:55:46.360507Z  INFO smart_dl_daemon::serve: [bugb] os-tick alive_ms=109961 tasks_free=true
2026-08-25T10:55:46.616090Z  INFO smart_dl_daemon::bt_events: [bugb] batch START n=0 tick=215
2026-08-25T10:55:46.617083Z  INFO smart_dl_daemon::bt_events: [bugb] batch END n=0
2026-08-25T10:55:46.661904Z  INFO smart_dl_daemon::serve: [bugb] os-tick alive_ms=110262 tasks_free=true
2026-08-25T10:55:46.963091Z  INFO smart_dl_daemon::serve: [bugb] os-tick alive_ms=110564 tasks_free=true
2026-08-25T10:55:46.978955Z  INFO smart_dl_daemon::serve: [bugb] watchdog alive uptime_ms=110580
2026-08-25T10:55:47.132831Z  INFO smart_dl_daemon::bt_events: [bugb] batch START n=0 tick=216
2026-08-25T10:55:47.133962Z  INFO smart_dl_daemon::bt_events: [bugb] batch END n=0
2026-08-25T10:55:47.264958Z  INFO smart_dl_daemon::serve: [bugb] os-tick alive_ms=110865 tasks_free=true
2026-08-25T10:55:47.567362Z  INFO smart_dl_daemon::serve: [bugb] os-tick alive_ms=111168 tasks_free=true
2026-08-25T10:55:47.644667Z  INFO smart_dl_daemon::bt_events: [bugb] batch START n=0 tick=217
2026-08-25T10:55:47.868989Z  INFO smart_dl_daemon::serve: [bugb] os-tick alive_ms=111470 tasks_free=true
2026-08-25T10:55:47.996517Z  INFO smart_dl_daemon::bt_events: [bugb] batch END n=0
2026-08-25T10:55:48.298036Z  INFO smart_dl_daemon::serve: [bugb] os-tick alive_ms=111899 tasks_free=true
2026-08-25T10:55:48.500846Z  INFO smart_dl_daemon::bt_events: [bugb] batch START n=0 tick=218
2026-08-25T10:55:48.501938Z  INFO smart_dl_daemon::bt_events: [bugb] batch END n=0
2026-08-25T10:55:48.599479Z  INFO smart_dl_daemon::serve: [bugb] os-tick alive_ms=112200 tasks_free=true
2026-08-25T10:55:48.900957Z  INFO smart_dl_daemon::serve: [bugb] os-tick alive_ms=112501 tasks_free=true
2026-08-25T10:55:48.987104Z  INFO smart_dl_daemon::serve: [bugb] watchdog alive uptime_ms=112588
2026-08-25T10:55:49.015549Z  INFO smart_dl_daemon::bt_events: [bugb] batch START n=0 tick=219
2026-08-25T10:55:49.016411Z  INFO smart_dl_daemon::bt_events: [bugb] batch END n=0
2026-08-25T10:55:49.203271Z  INFO smart_dl_daemon::serve: [bugb] os-tick alive_ms=112804 tasks_free=true
2026-08-25T10:55:49.504488Z  INFO smart_dl_daemon::serve: [bugb] os-tick alive_ms=113105 tasks_free=true
2026-08-25T10:55:49.522100Z  INFO smart_dl_daemon::bt_events: [bugb] batch START n=0 tick=220
2026-08-25T10:55:49.523004Z  INFO smart_dl_daemon::bt_events: [bugb] batch END n=0
2026-08-25T10:55:49.806167Z  INFO smart_dl_daemon::serve: [bugb] os-tick alive_ms=113407 tasks_free=true
2026-08-25T10:55:50.026059Z  INFO smart_dl_daemon::bt_events: [bugb] alert-loop alive ticks=221 batch=0
2026-08-25T10:55:50.027098Z  INFO smart_dl_daemon::bt_events: [bugb] batch START n=0 tick=221
2026-08-25T10:55:50.027509Z  INFO smart_dl_daemon::bt_events: [bugb] batch END n=0
2026-08-25T10:55:50.107586Z  INFO smart_dl_daemon::serve: [bugb] os-tick alive_ms=113708 tasks_free=true
2026-08-25T10:55:50.408858Z  INFO smart_dl_daemon::serve: [bugb] os-tick alive_ms=114009 tasks_free=true
2026-08-25T10:55:50.538331Z  INFO smart_dl_daemon::bt_events: [bugb] batch START n=0 tick=222
2026-08-25T10:55:50.539358Z  INFO smart_dl_daemon::bt_events: [bugb] batch END n=0
2026-08-25T10:55:50.710472Z  INFO smart_dl_daemon::serve: [bugb] os-tick alive_ms=114311 tasks_free=true
2026-08-25T10:55:50.993798Z  INFO smart_dl_daemon::serve: [bugb] watchdog alive uptime_ms=114594
2026-08-25T10:55:51.012394Z  INFO smart_dl_daemon::serve: [bugb] os-tick alive_ms=114613 tasks_free=true
2026-08-25T10:55:51.048146Z  INFO smart_dl_daemon::bt_events: [bugb] batch START n=0 tick=223
2026-08-25T10:55:51.049075Z  INFO smart_dl_daemon::bt_events: [bugb] batch END n=0
2026-08-25T10:55:51.314432Z  INFO smart_dl_daemon::serve: [bugb] os-tick alive_ms=114915 tasks_free=true
2026-08-25T10:55:51.552941Z  INFO smart_dl_daemon::bt_events: [bugb] batch START n=0 tick=224
2026-08-25T10:55:51.553982Z  INFO smart_dl_daemon::bt_events: [bugb] batch END n=0
2026-08-25T10:55:51.615636Z  INFO smart_dl_daemon::serve: [bugb] os-tick alive_ms=115216 tasks_free=true
2026-08-25T10:55:51.916840Z  INFO smart_dl_daemon::serve: [bugb] os-tick alive_ms=115517 tasks_free=true
2026-08-25T10:55:52.059179Z  INFO smart_dl_daemon::bt_events: [bugb] batch START n=0 tick=225
2026-08-25T10:55:52.060461Z  INFO smart_dl_daemon::bt_events: [bugb] batch END n=0
2026-08-25T10:55:52.218560Z  INFO smart_dl_daemon::serve: [bugb] os-tick alive_ms=115819 tasks_free=true
2026-08-25T10:55:52.520089Z  INFO smart_dl_daemon::serve: [bugb] os-tick alive_ms=116121 tasks_free=true
2026-08-25T10:55:52.570547Z  INFO smart_dl_daemon::bt_events: [bugb] batch START n=0 tick=226
2026-08-25T10:55:52.571569Z  INFO smart_dl_daemon::bt_events: [bugb] batch END n=0
2026-08-25T10:55:52.821310Z  INFO smart_dl_daemon::serve: [bugb] os-tick alive_ms=116422 tasks_free=true
2026-08-25T10:55:53.001426Z  INFO smart_dl_daemon::serve: [bugb] watchdog alive uptime_ms=116602
2026-08-25T10:55:53.079955Z  INFO smart_dl_daemon::bt_events: [bugb] batch START n=0 tick=227
2026-08-25T10:55:53.080909Z  INFO smart_dl_daemon::bt_events: [bugb] batch END n=0
2026-08-25T10:55:53.122930Z  INFO smart_dl_daemon::serve: [bugb] os-tick alive_ms=116723 tasks_free=true
2026-08-25T10:55:53.423924Z  INFO smart_dl_daemon::serve: [bugb] os-tick alive_ms=117024 tasks_free=true
2026-08-25T10:55:53.588550Z  INFO smart_dl_daemon::bt_events: [bugb] batch START n=0 tick=228
2026-08-25T10:55:53.589607Z  INFO smart_dl_daemon::bt_events: [bugb] batch END n=0
2026-08-25T10:55:53.725094Z  INFO smart_dl_daemon::serve: [bugb] os-tick alive_ms=117326 tasks_free=true
2026-08-25T10:55:54.041563Z  INFO smart_dl_daemon::serve: [bugb] os-tick alive_ms=117642 tasks_free=true
2026-08-25T10:55:54.099242Z  INFO smart_dl_daemon::bt_events: [bugb] batch START n=0 tick=229
2026-08-25T10:55:54.101075Z  INFO smart_dl_daemon::bt_events: [bugb] batch END n=0
2026-08-25T10:55:54.343232Z  INFO smart_dl_daemon::serve: [bugb] os-tick alive_ms=117944 tasks_free=true
2026-08-25T10:55:54.607338Z  INFO smart_dl_daemon::bt_events: [bugb] batch START n=0 tick=230
2026-08-25T10:55:54.608320Z  INFO smart_dl_daemon::bt_events: [bugb] batch END n=0
2026-08-25T10:55:54.645273Z  INFO smart_dl_daemon::serve: [bugb] os-tick alive_ms=118246 tasks_free=true
2026-08-25T10:55:54.946364Z  INFO smart_dl_daemon::serve: [bugb] os-tick alive_ms=118547 tasks_free=true
2026-08-25T10:55:55.006759Z  INFO smart_dl_daemon::serve: [bugb] watchdog alive uptime_ms=118607
2026-08-25T10:55:55.123596Z  INFO smart_dl_daemon::bt_events: [bugb] batch START n=0 tick=231
2026-08-25T10:55:55.125148Z  INFO smart_dl_daemon::bt_events: [bugb] batch END n=0
2026-08-25T10:55:55.247933Z  INFO smart_dl_daemon::serve: [bugb] os-tick alive_ms=118848 tasks_free=true
2026-08-25T10:55:55.550431Z  INFO smart_dl_daemon::serve: [bugb] os-tick alive_ms=119151 tasks_free=true
2026-08-25T10:55:55.629028Z  INFO smart_dl_daemon::bt_events: [bugb] batch START n=0 tick=232
2026-08-25T10:55:55.630250Z  INFO smart_dl_daemon::bt_events: [bugb] batch END n=0
2026-08-25T10:55:55.852354Z  INFO smart_dl_daemon::serve: [bugb] os-tick alive_ms=119453 tasks_free=true
2026-08-25T10:55:56.132868Z  INFO smart_dl_daemon::bt_events: [bugb] batch START n=0 tick=233
2026-08-25T10:55:56.134687Z  INFO smart_dl_daemon::bt_events: [bugb] batch END n=0
2026-08-25T10:55:56.154657Z  INFO smart_dl_daemon::serve: [bugb] os-tick alive_ms=119755 tasks_free=true
2026-08-25T10:55:56.456052Z  INFO smart_dl_daemon::serve: [bugb] os-tick alive_ms=120057 tasks_free=true
2026-08-25T10:55:56.648998Z  INFO smart_dl_daemon::bt_events: [bugb] batch START n=0 tick=234
2026-08-25T10:55:56.650075Z  INFO smart_dl_daemon::bt_events: [bugb] batch END n=0
2026-08-25T10:55:56.757352Z  INFO smart_dl_daemon::serve: [bugb] os-tick alive_ms=120358 tasks_free=true
2026-08-25T10:55:57.016184Z  INFO smart_dl_daemon::serve: [bugb] watchdog alive uptime_ms=120617
2026-08-25T10:55:57.058976Z  INFO smart_dl_daemon::serve: [bugb] os-tick alive_ms=120660 tasks_free=true
2026-08-25T10:55:57.151487Z  INFO smart_dl_daemon::bt_events: [bugb] batch START n=0 tick=235
2026-08-25T10:55:57.152194Z  INFO smart_dl_daemon::bt_events: [bugb] batch END n=0
2026-08-25T10:55:57.360641Z  INFO smart_dl_daemon::serve: [bugb] os-tick alive_ms=120961 tasks_free=true
2026-08-25T10:55:57.660150Z  INFO smart_dl_daemon::bt_events: [bugb] batch START n=0 tick=236
2026-08-25T10:55:57.661604Z  INFO smart_dl_daemon::serve: [bugb] os-tick alive_ms=121262 tasks_free=true
2026-08-25T10:55:57.678696Z  INFO smart_dl_daemon::bt_events: [bugb] batch END n=0
2026-08-25T10:55:57.979604Z  INFO smart_dl_daemon::serve: [bugb] os-tick alive_ms=121580 tasks_free=true
2026-08-25T10:55:58.188420Z  INFO smart_dl_daemon::bt_events: [bugb] batch START n=0 tick=237
2026-08-25T10:55:58.189141Z  INFO smart_dl_daemon::bt_events: [bugb] batch END n=0
2026-08-25T10:55:58.281645Z  INFO smart_dl_daemon::serve: [bugb] os-tick alive_ms=121882 tasks_free=true
2026-08-25T10:55:58.583351Z  INFO smart_dl_daemon::serve: [bugb] os-tick alive_ms=122184 tasks_free=true
2026-08-25T10:55:58.697169Z  INFO smart_dl_daemon::bt_events: [bugb] batch START n=0 tick=238
2026-08-25T10:55:58.698173Z  INFO smart_dl_daemon::bt_events: [bugb] batch END n=0
2026-08-25T10:55:58.884930Z  INFO smart_dl_daemon::serve: [bugb] os-tick alive_ms=122485 tasks_free=true
2026-08-25T10:55:59.026537Z  INFO smart_dl_daemon::serve: [bugb] watchdog alive uptime_ms=122627
2026-08-25T10:55:59.186912Z  INFO smart_dl_daemon::serve: [bugb] os-tick alive_ms=122787 tasks_free=true
2026-08-25T10:55:59.205107Z  INFO smart_dl_daemon::bt_events: [bugb] batch START n=0 tick=239
2026-08-25T10:55:59.205961Z  INFO smart_dl_daemon::bt_events: [bugb] batch END n=0
2026-08-25T10:55:59.488272Z  INFO smart_dl_daemon::serve: [bugb] os-tick alive_ms=123089 tasks_free=true
2026-08-25T10:55:59.715317Z  INFO smart_dl_daemon::bt_events: [bugb] batch START n=0 tick=240
2026-08-25T10:55:59.716482Z  INFO smart_dl_daemon::bt_events: [bugb] batch END n=0
2026-08-25T10:55:59.789211Z  INFO smart_dl_daemon::serve: [bugb] os-tick alive_ms=123390 tasks_free=true
2026-08-25T10:56:00.090298Z  INFO smart_dl_daemon::serve: [bugb] os-tick alive_ms=123691 tasks_free=true
2026-08-25T10:56:00.225797Z  INFO smart_dl_daemon::bt_events: [bugb] alert-loop alive ticks=241 batch=0
2026-08-25T10:56:00.226821Z  INFO smart_dl_daemon::bt_events: [bugb] batch START n=0 tick=241
2026-08-25T10:56:00.227261Z  INFO smart_dl_daemon::bt_events: [bugb] batch END n=0
2026-08-25T10:56:00.391849Z  INFO smart_dl_daemon::serve: [bugb] os-tick alive_ms=123992 tasks_free=true
2026-08-25T10:56:00.694045Z  INFO smart_dl_daemon::serve: [bugb] os-tick alive_ms=124295 tasks_free=true
2026-08-25T10:56:00.737292Z  INFO smart_dl_daemon::bt_events: [bugb] batch START n=0 tick=242
2026-08-25T10:56:00.738202Z  INFO smart_dl_daemon::bt_events: [bugb] batch END n=0
2026-08-25T10:56:00.996094Z  INFO smart_dl_daemon::serve: [bugb] os-tick alive_ms=124597 tasks_free=true
2026-08-25T10:56:01.038708Z  INFO smart_dl_daemon::serve: [bugb] watchdog alive uptime_ms=124639
2026-08-25T10:56:01.242467Z  INFO smart_dl_daemon::bt_events: [bugb] batch START n=0 tick=243
2026-08-25T10:56:01.243600Z  INFO smart_dl_daemon::bt_events: [bugb] batch END n=0
2026-08-25T10:56:01.298029Z  INFO smart_dl_daemon::serve: [bugb] os-tick alive_ms=124899 tasks_free=true
2026-08-25T10:56:01.599641Z  INFO smart_dl_daemon::serve: [bugb] os-tick alive_ms=125200 tasks_free=true
2026-08-25T10:56:01.758249Z  INFO smart_dl_daemon::bt_events: [bugb] batch START n=0 tick=244
2026-08-25T10:56:01.759263Z  INFO smart_dl_daemon::bt_events: [bugb] batch END n=0
2026-08-25T10:56:01.900854Z  INFO smart_dl_daemon::serve: [bugb] os-tick alive_ms=125501 tasks_free=true
2026-08-25T10:56:02.202919Z  INFO smart_dl_daemon::serve: [bugb] os-tick alive_ms=125803 tasks_free=true
2026-08-25T10:56:02.261939Z  INFO smart_dl_daemon::bt_events: [bugb] batch START n=0 tick=245
2026-08-25T10:56:02.263029Z  INFO smart_dl_daemon::bt_events: [bugb] batch END n=0
2026-08-25T10:56:02.504639Z  INFO smart_dl_daemon::serve: [bugb] os-tick alive_ms=126105 tasks_free=true
2026-08-25T10:56:02.774246Z  INFO smart_dl_daemon::bt_events: [bugb] batch START n=0 tick=246
2026-08-25T10:56:02.775247Z  INFO smart_dl_daemon::bt_events: [bugb] batch END n=0
2026-08-25T10:56:02.806244Z  INFO smart_dl_daemon::serve: [bugb] os-tick alive_ms=126407 tasks_free=true
2026-08-25T10:56:03.042314Z  INFO smart_dl_daemon::serve: [bugb] watchdog alive uptime_ms=126643
2026-08-25T10:56:03.107269Z  INFO smart_dl_daemon::serve: [bugb] os-tick alive_ms=126708 tasks_free=true
2026-08-25T10:56:03.281829Z  INFO smart_dl_daemon::bt_events: [bugb] batch START n=0 tick=247
2026-08-25T10:56:03.282941Z  INFO smart_dl_daemon::bt_events: [bugb] batch END n=0
2026-08-25T10:56:03.408703Z  INFO smart_dl_daemon::serve: [bugb] os-tick alive_ms=127009 tasks_free=true
2026-08-25T10:56:03.710168Z  INFO smart_dl_daemon::serve: [bugb] os-tick alive_ms=127311 tasks_free=true
2026-08-25T10:56:03.790840Z  INFO smart_dl_daemon::bt_events: [bugb] batch START n=0 tick=248
2026-08-25T10:56:03.791842Z  INFO smart_dl_daemon::bt_events: [bugb] batch END n=0
2026-08-25T10:56:04.012640Z  INFO smart_dl_daemon::serve: [bugb] os-tick alive_ms=127613 tasks_free=true
2026-08-25T10:56:04.302708Z  INFO smart_dl_daemon::bt_events: [bugb] batch START n=0 tick=249
2026-08-25T10:56:04.303669Z  INFO smart_dl_daemon::bt_events: [bugb] batch END n=0
2026-08-25T10:56:04.314496Z  INFO smart_dl_daemon::serve: [bugb] os-tick alive_ms=127915 tasks_free=true
2026-08-25T10:56:04.615920Z  INFO smart_dl_daemon::serve: [bugb] os-tick alive_ms=128216 tasks_free=true
2026-08-25T10:56:04.808128Z  INFO smart_dl_daemon::bt_events: [bugb] batch START n=0 tick=250
2026-08-25T10:56:04.809299Z  INFO smart_dl_daemon::bt_events: [bugb] batch END n=0
2026-08-25T10:56:04.917637Z  INFO smart_dl_daemon::serve: [bugb] os-tick alive_ms=128518 tasks_free=true
2026-08-25T10:56:05.056119Z  INFO smart_dl_daemon::serve: [bugb] watchdog alive uptime_ms=128657
2026-08-25T10:56:05.218874Z  INFO smart_dl_daemon::serve: [bugb] os-tick alive_ms=128819 tasks_free=true
2026-08-25T10:56:05.322592Z  INFO smart_dl_daemon::bt_events: [bugb] batch START n=0 tick=251
2026-08-25T10:56:05.323460Z  INFO smart_dl_daemon::bt_events: [bugb] batch END n=0
2026-08-25T10:56:05.520262Z  INFO smart_dl_daemon::serve: [bugb] os-tick alive_ms=129121 tasks_free=true
2026-08-25T10:56:05.821662Z  INFO smart_dl_daemon::serve: [bugb] os-tick alive_ms=129422 tasks_free=true
2026-08-25T10:56:05.827455Z  INFO smart_dl_daemon::bt_events: [bugb] batch START n=0 tick=252
2026-08-25T10:56:05.828593Z  INFO smart_dl_daemon::bt_events: [bugb] batch END n=0
2026-08-25T10:56:06.126007Z  INFO smart_dl_daemon::serve: [bugb] os-tick alive_ms=129727 tasks_free=true
2026-08-25T10:56:06.335197Z  INFO smart_dl_daemon::bt_events: [bugb] batch START n=0 tick=253
2026-08-25T10:56:06.336135Z  INFO smart_dl_daemon::bt_events: [bugb] batch END n=0
2026-08-25T10:56:06.428326Z  INFO smart_dl_daemon::serve: [bugb] os-tick alive_ms=130029 tasks_free=true
2026-08-25T10:56:06.729921Z  INFO smart_dl_daemon::serve: [bugb] os-tick alive_ms=130330 tasks_free=true
2026-08-25T10:56:06.846213Z  INFO smart_dl_daemon::bt_events: [bugb] batch START n=0 tick=254
2026-08-25T10:56:06.847244Z  INFO smart_dl_daemon::bt_events: [bugb] batch END n=0
2026-08-25T10:56:07.031641Z  INFO smart_dl_daemon::serve: [bugb] os-tick alive_ms=130632 tasks_free=true
2026-08-25T10:56:07.069954Z  INFO smart_dl_daemon::serve: [bugb] watchdog alive uptime_ms=130671
2026-08-25T10:56:07.333263Z  INFO smart_dl_daemon::serve: [bugb] os-tick alive_ms=130934 tasks_free=true
2026-08-25T10:56:07.360400Z  INFO smart_dl_daemon::bt_events: [bugb] batch START n=0 tick=255
2026-08-25T10:56:07.362208Z  INFO smart_dl_daemon::bt_events: [bugb] batch END n=0
2026-08-25T10:56:07.634312Z  INFO smart_dl_daemon::serve: [bugb] os-tick alive_ms=131235 tasks_free=true
2026-08-25T10:56:07.866913Z  INFO smart_dl_daemon::bt_events: [bugb] batch START n=0 tick=256
2026-08-25T10:56:07.867964Z  INFO smart_dl_daemon::bt_events: [bugb] batch END n=0
2026-08-25T10:56:07.935521Z  INFO smart_dl_daemon::serve: [bugb] os-tick alive_ms=131536 tasks_free=true
2026-08-25T10:56:08.237085Z  INFO smart_dl_daemon::serve: [bugb] os-tick alive_ms=131838 tasks_free=true
2026-08-25T10:56:08.374387Z  INFO smart_dl_daemon::bt_events: [bugb] batch START n=0 tick=257
2026-08-25T10:56:08.375462Z  INFO smart_dl_daemon::bt_events: [bugb] batch END n=0
2026-08-25T10:56:08.538685Z  INFO smart_dl_daemon::serve: [bugb] os-tick alive_ms=132139 tasks_free=true
2026-08-25T10:56:08.840230Z  INFO smart_dl_daemon::serve: [bugb] os-tick alive_ms=132441 tasks_free=true
2026-08-25T10:56:08.883854Z  INFO smart_dl_daemon::bt_events: [bugb] batch START n=0 tick=258
2026-08-25T10:56:08.884889Z  INFO smart_dl_daemon::bt_events: [bugb] batch END n=0
2026-08-25T10:56:09.072558Z  INFO smart_dl_daemon::serve: [bugb] watchdog alive uptime_ms=132673
2026-08-25T10:56:09.141912Z  INFO smart_dl_daemon::serve: [bugb] os-tick alive_ms=132742 tasks_free=true
2026-08-25T10:56:09.398663Z  INFO smart_dl_daemon::bt_events: [bugb] batch START n=0 tick=259
2026-08-25T10:56:09.400118Z  INFO smart_dl_daemon::bt_events: [bugb] batch END n=0
2026-08-25T10:56:09.443305Z  INFO smart_dl_daemon::serve: [bugb] os-tick alive_ms=133044 tasks_free=true
2026-08-25T10:56:09.745066Z  INFO smart_dl_daemon::serve: [bugb] os-tick alive_ms=133346 tasks_free=true
2026-08-25T10:56:09.915660Z  INFO smart_dl_daemon::bt_events: [bugb] batch START n=0 tick=260
2026-08-25T10:56:09.916690Z  INFO smart_dl_daemon::bt_events: [bugb] batch END n=0
2026-08-25T10:56:10.051549Z  INFO smart_dl_daemon::serve: [bugb] os-tick alive_ms=133652 tasks_free=true
2026-08-25T10:56:10.353327Z  INFO smart_dl_daemon::serve: [bugb] os-tick alive_ms=133954 tasks_free=true
2026-08-25T10:56:10.427661Z  INFO smart_dl_daemon::bt_events: [bugb] alert-loop alive ticks=261 batch=0
2026-08-25T10:56:10.428717Z  INFO smart_dl_daemon::bt_events: [bugb] batch START n=0 tick=261
2026-08-25T10:56:10.429202Z  INFO smart_dl_daemon::bt_events: [bugb] batch END n=0
2026-08-25T10:56:10.655803Z  INFO smart_dl_daemon::serve: [bugb] os-tick alive_ms=134256 tasks_free=true
2026-08-25T10:56:10.936809Z  INFO smart_dl_daemon::bt_events: [bugb] batch START n=0 tick=262
2026-08-25T10:56:10.937744Z  INFO smart_dl_daemon::bt_events: [bugb] batch END n=0
2026-08-25T10:56:10.957391Z  INFO smart_dl_daemon::serve: [bugb] os-tick alive_ms=134558 tasks_free=true
2026-08-25T10:56:11.076383Z  INFO smart_dl_daemon::serve: [bugb] watchdog alive uptime_ms=134677
2026-08-25T10:56:11.258579Z  INFO smart_dl_daemon::serve: [bugb] os-tick alive_ms=134859 tasks_free=true
2026-08-25T10:56:11.451935Z  INFO smart_dl_daemon::bt_events: [bugb] batch START n=0 tick=263
2026-08-25T10:56:11.453398Z  INFO smart_dl_daemon::bt_events: [bugb] batch END n=0
2026-08-25T10:56:11.559729Z  INFO smart_dl_daemon::serve: [bugb] os-tick alive_ms=135160 tasks_free=true
2026-08-25T10:56:11.861151Z  INFO smart_dl_daemon::serve: [bugb] os-tick alive_ms=135462 tasks_free=true
2026-08-25T10:56:11.959235Z  INFO smart_dl_daemon::bt_events: [bugb] batch START n=0 tick=264
2026-08-25T10:56:11.960323Z  INFO smart_dl_daemon::bt_events: [bugb] batch END n=0
2026-08-25T10:56:12.162517Z  INFO smart_dl_daemon::serve: [bugb] os-tick alive_ms=135763 tasks_free=true
2026-08-25T10:56:12.463974Z  INFO smart_dl_daemon::serve: [bugb] os-tick alive_ms=136065 tasks_free=true
2026-08-25T10:56:12.465984Z  INFO smart_dl_daemon::bt_events: [bugb] batch START n=0 tick=265
2026-08-25T10:56:12.467142Z  INFO smart_dl_daemon::bt_events: [bugb] batch END n=0
2026-08-25T10:56:12.765748Z  INFO smart_dl_daemon::serve: [bugb] os-tick alive_ms=136366 tasks_free=true
2026-08-25T10:56:12.970197Z  INFO smart_dl_daemon::bt_events: [bugb] batch START n=0 tick=266
2026-08-25T10:56:12.971391Z  INFO smart_dl_daemon::bt_events: [bugb] batch END n=0
2026-08-25T10:56:13.066984Z  INFO smart_dl_daemon::serve: [bugb] os-tick alive_ms=136668 tasks_free=true
2026-08-25T10:56:13.086378Z  INFO smart_dl_daemon::serve: [bugb] watchdog alive uptime_ms=136687
2026-08-25T10:56:13.368220Z  INFO smart_dl_daemon::serve: [bugb] os-tick alive_ms=136969 tasks_free=true
2026-08-25T10:56:13.480139Z  INFO smart_dl_daemon::bt_events: [bugb] batch START n=0 tick=267
2026-08-25T10:56:13.481163Z  INFO smart_dl_daemon::bt_events: [bugb] batch END n=0
2026-08-25T10:56:13.669470Z  INFO smart_dl_daemon::serve: [bugb] os-tick alive_ms=137270 tasks_free=true
2026-08-25T10:56:13.970654Z  INFO smart_dl_daemon::serve: [bugb] os-tick alive_ms=137571 tasks_free=true
2026-08-25T10:56:13.992216Z  INFO smart_dl_daemon::bt_events: [bugb] batch START n=0 tick=268
2026-08-25T10:56:13.992787Z  INFO smart_dl_daemon::bt_events: [bugb] batch END n=0
2026-08-25T10:56:14.272216Z  INFO smart_dl_daemon::serve: [bugb] os-tick alive_ms=137873 tasks_free=true
2026-08-25T10:56:14.506034Z  INFO smart_dl_daemon::bt_events: [bugb] batch START n=0 tick=269
2026-08-25T10:56:14.506991Z  INFO smart_dl_daemon::bt_events: [bugb] batch END n=0
2026-08-25T10:56:14.573861Z  INFO smart_dl_daemon::serve: [bugb] os-tick alive_ms=138174 tasks_free=true
2026-08-25T10:56:14.875678Z  INFO smart_dl_daemon::serve: [bugb] os-tick alive_ms=138476 tasks_free=true
2026-08-25T10:56:15.013094Z  INFO smart_dl_daemon::bt_events: [bugb] batch START n=0 tick=270
2026-08-25T10:56:15.013428Z  INFO smart_dl_daemon::bt_events: [bugb] batch END n=0
2026-08-25T10:56:15.095267Z  INFO smart_dl_daemon::serve: [bugb] watchdog alive uptime_ms=138696
2026-08-25T10:56:15.176897Z  INFO smart_dl_daemon::serve: [bugb] os-tick alive_ms=138777 tasks_free=true
2026-08-25T10:56:15.478314Z  INFO smart_dl_daemon::serve: [bugb] os-tick alive_ms=139079 tasks_free=true
2026-08-25T10:56:15.525289Z  INFO smart_dl_daemon::bt_events: [bugb] batch START n=0 tick=271
2026-08-25T10:56:15.526295Z  INFO smart_dl_daemon::bt_events: [bugb] batch END n=0
2026-08-25T10:56:15.780172Z  INFO smart_dl_daemon::serve: [bugb] os-tick alive_ms=139381 tasks_free=true
2026-08-25T10:56:16.041456Z  INFO smart_dl_daemon::bt_events: [bugb] batch START n=0 tick=272
2026-08-25T10:56:16.043307Z  INFO smart_dl_daemon::bt_events: [bugb] batch END n=0
2026-08-25T10:56:16.082155Z  INFO smart_dl_daemon::serve: [bugb] os-tick alive_ms=139683 tasks_free=true
2026-08-25T10:56:16.383644Z  INFO smart_dl_daemon::serve: [bugb] os-tick alive_ms=139984 tasks_free=true
2026-08-25T10:56:16.552513Z  INFO smart_dl_daemon::bt_events: [bugb] batch START n=0 tick=273
2026-08-25T10:56:16.554232Z  INFO smart_dl_daemon::bt_events: [bugb] batch END n=0
2026-08-25T10:56:16.685072Z  INFO smart_dl_daemon::serve: [bugb] os-tick alive_ms=140286 tasks_free=true
2026-08-25T10:56:16.986421Z  INFO smart_dl_daemon::serve: [bugb] os-tick alive_ms=140587 tasks_free=true
2026-08-25T10:56:17.066204Z  INFO smart_dl_daemon::bt_events: [bugb] batch START n=0 tick=274
2026-08-25T10:56:17.068026Z  INFO smart_dl_daemon::bt_events: [bugb] batch END n=0
2026-08-25T10:56:17.111723Z  INFO smart_dl_daemon::serve: [bugb] watchdog alive uptime_ms=140712
2026-08-25T10:56:17.287789Z  INFO smart_dl_daemon::serve: [bugb] os-tick alive_ms=140888 tasks_free=true
2026-08-25T10:56:17.578495Z  INFO smart_dl_daemon::bt_events: [bugb] batch START n=0 tick=275
2026-08-25T10:56:17.579719Z  INFO smart_dl_daemon::bt_events: [bugb] batch END n=0
2026-08-25T10:56:17.589445Z  INFO smart_dl_daemon::serve: [bugb] os-tick alive_ms=141190 tasks_free=true
2026-08-25T10:56:17.890715Z  INFO smart_dl_daemon::serve: [bugb] os-tick alive_ms=141491 tasks_free=true
2026-08-25T10:56:18.090365Z  INFO smart_dl_daemon::bt_events: [bugb] batch START n=0 tick=276
2026-08-25T10:56:18.091547Z  INFO smart_dl_daemon::bt_events: [bugb] batch END n=0
2026-08-25T10:56:18.193208Z  INFO smart_dl_daemon::serve: [bugb] os-tick alive_ms=141794 tasks_free=true
2026-08-25T10:56:18.495343Z  INFO smart_dl_daemon::serve: [bugb] os-tick alive_ms=142096 tasks_free=true
2026-08-25T10:56:18.600418Z  INFO smart_dl_daemon::bt_events: [bugb] batch START n=0 tick=277
2026-08-25T10:56:18.601377Z  INFO smart_dl_daemon::bt_events: [bugb] batch END n=0
2026-08-25T10:56:18.796762Z  INFO smart_dl_daemon::serve: [bugb] os-tick alive_ms=142397 tasks_free=true
2026-08-25T10:56:19.098466Z  INFO smart_dl_daemon::serve: [bugb] os-tick alive_ms=142699 tasks_free=true
2026-08-25T10:56:19.110698Z  INFO smart_dl_daemon::bt_events: [bugb] batch START n=0 tick=278
2026-08-25T10:56:19.120245Z  INFO smart_dl_daemon::bt_events: [bugb] batch END n=0
2026-08-25T10:56:19.120699Z  INFO smart_dl_daemon::serve: [bugb] watchdog alive uptime_ms=142721
2026-08-25T10:56:19.399880Z  INFO smart_dl_daemon::serve: [bugb] os-tick alive_ms=143000 tasks_free=true
2026-08-25T10:56:19.622740Z  INFO smart_dl_daemon::bt_events: [bugb] batch START n=0 tick=279
2026-08-25T10:56:19.623939Z  INFO smart_dl_daemon::bt_events: [bugb] batch END n=0
2026-08-25T10:56:19.701227Z  INFO smart_dl_daemon::serve: [bugb] os-tick alive_ms=143302 tasks_free=true
2026-08-25T10:56:20.002390Z  INFO smart_dl_daemon::serve: [bugb] os-tick alive_ms=143603 tasks_free=true
2026-08-25T10:56:20.127279Z  INFO smart_dl_daemon::bt_events: [bugb] batch START n=0 tick=280
2026-08-25T10:56:20.128324Z  INFO smart_dl_daemon::bt_events: [bugb] batch END n=0
2026-08-25T10:56:20.304672Z  INFO smart_dl_daemon::serve: [bugb] os-tick alive_ms=143905 tasks_free=true
2026-08-25T10:56:20.606904Z  INFO smart_dl_daemon::serve: [bugb] os-tick alive_ms=144207 tasks_free=true
2026-08-25T10:56:20.633157Z  INFO smart_dl_daemon::bt_events: [bugb] alert-loop alive ticks=281 batch=0
2026-08-25T10:56:20.634123Z  INFO smart_dl_daemon::bt_events: [bugb] batch START n=0 tick=281
2026-08-25T10:56:20.634529Z  INFO smart_dl_daemon::bt_events: [bugb] batch END n=0
2026-08-25T10:56:20.908404Z  INFO smart_dl_daemon::serve: [bugb] os-tick alive_ms=144509 tasks_free=true
2026-08-25T10:56:21.127916Z  INFO smart_dl_daemon::serve: [bugb] watchdog alive uptime_ms=144728
2026-08-25T10:56:21.143455Z  INFO smart_dl_daemon::bt_events: [bugb] batch START n=0 tick=282
2026-08-25T10:56:21.144845Z  INFO smart_dl_daemon::bt_events: [bugb] batch END n=0
2026-08-25T10:56:21.210467Z  INFO smart_dl_daemon::serve: [bugb] os-tick alive_ms=144811 tasks_free=true
2026-08-25T10:56:21.511621Z  INFO smart_dl_daemon::serve: [bugb] os-tick alive_ms=145112 tasks_free=true
2026-08-25T10:56:21.655015Z  INFO smart_dl_daemon::bt_events: [bugb] batch START n=0 tick=283
2026-08-25T10:56:21.655974Z  INFO smart_dl_daemon::bt_events: [bugb] batch END n=0
2026-08-25T10:56:21.813282Z  INFO smart_dl_daemon::serve: [bugb] os-tick alive_ms=145414 tasks_free=true
2026-08-25T10:56:22.113898Z  INFO smart_dl_daemon::serve: [bugb] os-tick alive_ms=145714 tasks_free=true
2026-08-25T10:56:22.164450Z  INFO smart_dl_daemon::bt_events: [bugb] batch START n=0 tick=284
2026-08-25T10:56:22.165646Z  INFO smart_dl_daemon::bt_events: [bugb] batch END n=0
2026-08-25T10:56:22.414972Z  INFO smart_dl_daemon::serve: [bugb] os-tick alive_ms=146016 tasks_free=true
2026-08-25T10:56:22.668965Z  INFO smart_dl_daemon::bt_events: [bugb] batch START n=0 tick=285
2026-08-25T10:56:22.669898Z  INFO smart_dl_daemon::bt_events: [bugb] batch END n=0
2026-08-25T10:56:22.716379Z  INFO smart_dl_daemon::serve: [bugb] os-tick alive_ms=146317 tasks_free=true
2026-08-25T10:56:23.017538Z  INFO smart_dl_daemon::serve: [bugb] os-tick alive_ms=146618 tasks_free=true
2026-08-25T10:56:23.136004Z  INFO smart_dl_daemon::serve: [bugb] watchdog alive uptime_ms=146737
2026-08-25T10:56:23.175411Z  INFO smart_dl_daemon::bt_events: [bugb] batch START n=0 tick=286
2026-08-25T10:56:23.176384Z  INFO smart_dl_daemon::bt_events: [bugb] batch END n=0
2026-08-25T10:56:23.318841Z  INFO smart_dl_daemon::serve: [bugb] os-tick alive_ms=146919 tasks_free=true
2026-08-25T10:56:23.635066Z  INFO smart_dl_daemon::serve: [bugb] os-tick alive_ms=147236 tasks_free=true
2026-08-25T10:56:23.690974Z  INFO smart_dl_daemon::bt_events: [bugb] batch START n=0 tick=287
2026-08-25T10:56:23.692040Z  INFO smart_dl_daemon::bt_events: [bugb] batch END n=0
2026-08-25T10:56:23.936401Z  INFO smart_dl_daemon::serve: [bugb] os-tick alive_ms=147537 tasks_free=true
2026-08-25T10:56:24.203677Z  INFO smart_dl_daemon::bt_events: [bugb] batch START n=0 tick=288
2026-08-25T10:56:24.204629Z  INFO smart_dl_daemon::bt_events: [bugb] batch END n=0
2026-08-25T10:56:24.238041Z  INFO smart_dl_daemon::serve: [bugb] os-tick alive_ms=147839 tasks_free=true
2026-08-25T10:56:24.539346Z  INFO smart_dl_daemon::serve: [bugb] os-tick alive_ms=148140 tasks_free=true
2026-08-25T10:56:24.708494Z  INFO smart_dl_daemon::bt_events: [bugb] batch START n=0 tick=289
2026-08-25T10:56:24.709875Z  INFO smart_dl_daemon::bt_events: [bugb] batch END n=0
2026-08-25T10:56:24.840240Z  INFO smart_dl_daemon::serve: [bugb] os-tick alive_ms=148441 tasks_free=true
2026-08-25T10:56:25.141162Z  INFO smart_dl_daemon::serve: [bugb] watchdog alive uptime_ms=148742
2026-08-25T10:56:25.141533Z  INFO smart_dl_daemon::serve: [bugb] os-tick alive_ms=148742 tasks_free=true
2026-08-25T10:56:25.217392Z  INFO smart_dl_daemon::bt_events: [bugb] batch START n=0 tick=290
2026-08-25T10:56:25.218418Z  INFO smart_dl_daemon::bt_events: [bugb] batch END n=0
2026-08-25T10:56:25.442704Z  INFO smart_dl_daemon::serve: [bugb] os-tick alive_ms=149043 tasks_free=true
2026-08-25T10:56:25.723779Z  INFO smart_dl_daemon::bt_events: [bugb] batch START n=0 tick=291
2026-08-25T10:56:25.724671Z  INFO smart_dl_daemon::bt_events: [bugb] batch END n=0
2026-08-25T10:56:25.743824Z  INFO smart_dl_daemon::serve: [bugb] os-tick alive_ms=149344 tasks_free=true
2026-08-25T10:56:26.044869Z  INFO smart_dl_daemon::serve: [bugb] os-tick alive_ms=149645 tasks_free=true
2026-08-25T10:56:26.235513Z  INFO smart_dl_daemon::bt_events: [bugb] batch START n=0 tick=292
2026-08-25T10:56:26.236447Z  INFO smart_dl_daemon::bt_events: [bugb] batch END n=0
2026-08-25T10:56:26.346218Z  INFO smart_dl_daemon::serve: [bugb] os-tick alive_ms=149947 tasks_free=true
2026-08-25T10:56:26.647598Z  INFO smart_dl_daemon::serve: [bugb] os-tick alive_ms=150248 tasks_free=true
2026-08-25T10:56:26.750536Z  INFO smart_dl_daemon::bt_events: [bugb] batch START n=0 tick=293
2026-08-25T10:56:26.751604Z  INFO smart_dl_daemon::bt_events: [bugb] batch END n=0
2026-08-25T10:56:26.949363Z  INFO smart_dl_daemon::serve: [bugb] os-tick alive_ms=150550 tasks_free=true
2026-08-25T10:56:27.145286Z  INFO smart_dl_daemon::serve: [bugb] watchdog alive uptime_ms=150746
2026-08-25T10:56:27.250556Z  INFO smart_dl_daemon::serve: [bugb] os-tick alive_ms=150851 tasks_free=true
2026-08-25T10:56:27.256238Z  INFO smart_dl_daemon::bt_events: [bugb] batch START n=0 tick=294
2026-08-25T10:56:27.257434Z  INFO smart_dl_daemon::bt_events: [bugb] batch END n=0
2026-08-25T10:56:27.552572Z  INFO smart_dl_daemon::serve: [bugb] os-tick alive_ms=151153 tasks_free=true
2026-08-25T10:56:27.772633Z  INFO smart_dl_daemon::bt_events: [bugb] batch START n=0 tick=295
2026-08-25T10:56:27.773750Z  INFO smart_dl_daemon::bt_events: [bugb] batch END n=0
2026-08-25T10:56:27.853239Z  INFO smart_dl_daemon::serve: [bugb] os-tick alive_ms=151454 tasks_free=true
2026-08-25T10:56:28.154519Z  INFO smart_dl_daemon::serve: [bugb] os-tick alive_ms=151755 tasks_free=true
2026-08-25T10:56:28.276995Z  INFO smart_dl_daemon::bt_events: [bugb] batch START n=0 tick=296
2026-08-25T10:56:28.277936Z  INFO smart_dl_daemon::bt_events: [bugb] batch END n=0
2026-08-25T10:56:28.455720Z  INFO smart_dl_daemon::serve: [bugb] os-tick alive_ms=152056 tasks_free=true
2026-08-25T10:56:28.756978Z  INFO smart_dl_daemon::serve: [bugb] os-tick alive_ms=152358 tasks_free=true
2026-08-25T10:56:28.788695Z  INFO smart_dl_daemon::bt_events: [bugb] batch START n=0 tick=297
2026-08-25T10:56:28.789596Z  INFO smart_dl_daemon::bt_events: [bugb] batch END n=0
2026-08-25T10:56:29.058331Z  INFO smart_dl_daemon::serve: [bugb] os-tick alive_ms=152659 tasks_free=true
2026-08-25T10:56:29.155183Z  INFO smart_dl_daemon::serve: [bugb] watchdog alive uptime_ms=152756
2026-08-25T10:56:29.293182Z  INFO smart_dl_daemon::bt_events: [bugb] batch START n=0 tick=298
2026-08-25T10:56:29.294251Z  INFO smart_dl_daemon::bt_events: [bugb] batch END n=0
2026-08-25T10:56:29.359329Z  INFO smart_dl_daemon::serve: [bugb] os-tick alive_ms=152960 tasks_free=true
2026-08-25T10:56:29.660447Z  INFO smart_dl_daemon::serve: [bugb] os-tick alive_ms=153261 tasks_free=true
2026-08-25T10:56:29.804835Z  INFO smart_dl_daemon::bt_events: [bugb] batch START n=0 tick=299
2026-08-25T10:56:29.805696Z  INFO smart_dl_daemon::bt_events: [bugb] batch END n=0
2026-08-25T10:56:29.961539Z  INFO smart_dl_daemon::serve: [bugb] os-tick alive_ms=153562 tasks_free=true
2026-08-25T10:56:30.262814Z  INFO smart_dl_daemon::serve: [bugb] os-tick alive_ms=153863 tasks_free=true
2026-08-25T10:56:30.315397Z  INFO smart_dl_daemon::bt_events: [bugb] batch START n=0 tick=300
2026-08-25T10:56:30.316385Z  INFO smart_dl_daemon::bt_events: [bugb] batch END n=0
2026-08-25T10:56:30.564134Z  INFO smart_dl_daemon::serve: [bugb] os-tick alive_ms=154165 tasks_free=true
2026-08-25T10:56:30.821743Z  INFO smart_dl_daemon::bt_events: [bugb] alert-loop alive ticks=301 batch=0
2026-08-25T10:56:30.822680Z  INFO smart_dl_daemon::bt_events: [bugb] batch START n=0 tick=301
2026-08-25T10:56:30.823082Z  INFO smart_dl_daemon::bt_events: [bugb] batch END n=0
2026-08-25T10:56:30.865717Z  INFO smart_dl_daemon::serve: [bugb] os-tick alive_ms=154466 tasks_free=true
2026-08-25T10:56:31.166691Z  INFO smart_dl_daemon::serve: [bugb] watchdog alive uptime_ms=154767
2026-08-25T10:56:31.167143Z  INFO smart_dl_daemon::serve: [bugb] os-tick alive_ms=154768 tasks_free=true
2026-08-25T10:56:31.331853Z  INFO smart_dl_daemon::bt_events: [bugb] batch START n=0 tick=302
2026-08-25T10:56:31.332739Z  INFO smart_dl_daemon::bt_events: [bugb] batch END n=0
2026-08-25T10:56:31.468508Z  INFO smart_dl_daemon::serve: [bugb] os-tick alive_ms=155069 tasks_free=true
2026-08-25T10:56:31.770048Z  INFO smart_dl_daemon::serve: [bugb] os-tick alive_ms=155371 tasks_free=true
2026-08-25T10:56:31.835855Z  INFO smart_dl_daemon::bt_events: [bugb] batch START n=0 tick=303
2026-08-25T10:56:31.836857Z  INFO smart_dl_daemon::bt_events: [bugb] batch END n=0
2026-08-25T10:56:32.071453Z  INFO smart_dl_daemon::serve: [bugb] os-tick alive_ms=155672 tasks_free=true
2026-08-25T10:56:32.341470Z  INFO smart_dl_daemon::bt_events: [bugb] batch START n=0 tick=304
2026-08-25T10:56:32.342673Z  INFO smart_dl_daemon::bt_events: [bugb] batch END n=0
2026-08-25T10:56:32.372755Z  INFO smart_dl_daemon::serve: [bugb] os-tick alive_ms=155973 tasks_free=true
2026-08-25T10:56:32.674067Z  INFO smart_dl_daemon::serve: [bugb] os-tick alive_ms=156275 tasks_free=true
2026-08-25T10:56:32.853637Z  INFO smart_dl_daemon::bt_events: [bugb] batch START n=0 tick=305
2026-08-25T10:56:32.854772Z  INFO smart_dl_daemon::bt_events: [bugb] batch END n=0
2026-08-25T10:56:32.975584Z  INFO smart_dl_daemon::serve: [bugb] os-tick alive_ms=156576 tasks_free=true
2026-08-25T10:56:33.170660Z  INFO smart_dl_daemon::serve: [bugb] watchdog alive uptime_ms=156771
2026-08-25T10:56:33.276793Z  INFO smart_dl_daemon::serve: [bugb] os-tick alive_ms=156877 tasks_free=true
2026-08-25T10:56:33.367446Z  INFO smart_dl_daemon::bt_events: [bugb] batch START n=0 tick=306
2026-08-25T10:56:33.368459Z  INFO smart_dl_daemon::bt_events: [bugb] batch END n=0
2026-08-25T10:56:33.578085Z  INFO smart_dl_daemon::serve: [bugb] os-tick alive_ms=157179 tasks_free=true
2026-08-25T10:56:33.873910Z  INFO smart_dl_daemon::bt_events: [bugb] batch START n=0 tick=307
2026-08-25T10:56:33.874936Z  INFO smart_dl_daemon::bt_events: [bugb] batch END n=0
2026-08-25T10:56:33.879646Z  INFO smart_dl_daemon::serve: [bugb] os-tick alive_ms=157480 tasks_free=true
2026-08-25T10:56:34.181122Z  INFO smart_dl_daemon::serve: [bugb] os-tick alive_ms=157782 tasks_free=true
2026-08-25T10:56:34.381489Z  INFO smart_dl_daemon::bt_events: [bugb] batch START n=0 tick=308
2026-08-25T10:56:34.382579Z  INFO smart_dl_daemon::bt_events: [bugb] batch END n=0
2026-08-25T10:56:34.482281Z  INFO smart_dl_daemon::serve: [bugb] os-tick alive_ms=158083 tasks_free=true
2026-08-25T10:56:34.783598Z  INFO smart_dl_daemon::serve: [bugb] os-tick alive_ms=158384 tasks_free=true
2026-08-25T10:56:34.883423Z  INFO smart_dl_daemon::bt_events: [bugb] batch START n=0 tick=309
2026-08-25T10:56:34.884415Z  INFO smart_dl_daemon::bt_events: [bugb] batch END n=0
2026-08-25T10:56:35.084970Z  INFO smart_dl_daemon::serve: [bugb] os-tick alive_ms=158686 tasks_free=true
2026-08-25T10:56:35.178278Z  INFO smart_dl_daemon::serve: [bugb] watchdog alive uptime_ms=158779
2026-08-25T10:56:35.386353Z  INFO smart_dl_daemon::serve: [bugb] os-tick alive_ms=158987 tasks_free=true
2026-08-25T10:56:35.395760Z  INFO smart_dl_daemon::bt_events: [bugb] batch START n=0 tick=310
2026-08-25T10:56:35.396838Z  INFO smart_dl_daemon::bt_events: [bugb] batch END n=0
2026-08-25T10:56:35.688470Z  INFO smart_dl_daemon::serve: [bugb] os-tick alive_ms=159289 tasks_free=true
2026-08-25T10:56:35.912130Z  INFO smart_dl_daemon::bt_events: [bugb] batch START n=0 tick=311
2026-08-25T10:56:35.913225Z  INFO smart_dl_daemon::bt_events: [bugb] batch END n=0
2026-08-25T10:56:35.989576Z  INFO smart_dl_daemon::serve: [bugb] os-tick alive_ms=159590 tasks_free=true
2026-08-25T10:56:36.291158Z  INFO smart_dl_daemon::serve: [bugb] os-tick alive_ms=159892 tasks_free=true
2026-08-25T10:56:36.417959Z  INFO smart_dl_daemon::bt_events: [bugb] batch START n=0 tick=312
2026-08-25T10:56:36.419030Z  INFO smart_dl_daemon::bt_events: [bugb] batch END n=0
2026-08-25T10:56:36.592657Z  INFO smart_dl_daemon::serve: [bugb] os-tick alive_ms=160193 tasks_free=true
2026-08-25T10:56:36.894149Z  INFO smart_dl_daemon::serve: [bugb] os-tick alive_ms=160495 tasks_free=true
2026-08-25T10:56:36.923121Z  INFO smart_dl_daemon::bt_events: [bugb] batch START n=0 tick=313
2026-08-25T10:56:36.924119Z  INFO smart_dl_daemon::bt_events: [bugb] batch END n=0
2026-08-25T10:56:37.189297Z  INFO smart_dl_daemon::serve: [bugb] watchdog alive uptime_ms=160790
2026-08-25T10:56:37.195430Z  INFO smart_dl_daemon::serve: [bugb] os-tick alive_ms=160796 tasks_free=true
2026-08-25T10:56:37.434476Z  INFO smart_dl_daemon::bt_events: [bugb] batch START n=0 tick=314
2026-08-25T10:56:37.435526Z  INFO smart_dl_daemon::bt_events: [bugb] batch END n=0
2026-08-25T10:56:37.496185Z  INFO smart_dl_daemon::serve: [bugb] os-tick alive_ms=161097 tasks_free=true
2026-08-25T10:56:37.797706Z  INFO smart_dl_daemon::serve: [bugb] os-tick alive_ms=161398 tasks_free=true
2026-08-25T10:56:37.941906Z  INFO smart_dl_daemon::bt_events: [bugb] batch START n=0 tick=315
2026-08-25T10:56:37.942933Z  INFO smart_dl_daemon::bt_events: [bugb] batch END n=0
2026-08-25T10:56:38.099001Z  INFO smart_dl_daemon::serve: [bugb] os-tick alive_ms=161700 tasks_free=true
2026-08-25T10:56:38.400285Z  INFO smart_dl_daemon::serve: [bugb] os-tick alive_ms=162001 tasks_free=true
2026-08-25T10:56:38.446013Z  INFO smart_dl_daemon::bt_events: [bugb] batch START n=0 tick=316
2026-08-25T10:56:38.447122Z  INFO smart_dl_daemon::bt_events: [bugb] batch END n=0
2026-08-25T10:56:38.701871Z  INFO smart_dl_daemon::serve: [bugb] os-tick alive_ms=162302 tasks_free=true
2026-08-25T10:56:38.959260Z  INFO smart_dl_daemon::bt_events: [bugb] batch START n=0 tick=317
2026-08-25T10:56:38.960456Z  INFO smart_dl_daemon::bt_events: [bugb] batch END n=0
2026-08-25T10:56:39.003118Z  INFO smart_dl_daemon::serve: [bugb] os-tick alive_ms=162604 tasks_free=true
2026-08-25T10:56:39.193116Z  INFO smart_dl_daemon::serve: [bugb] watchdog alive uptime_ms=162794
2026-08-25T10:56:39.304609Z  INFO smart_dl_daemon::serve: [bugb] os-tick alive_ms=162905 tasks_free=true
2026-08-25T10:56:39.467131Z  INFO smart_dl_daemon::bt_events: [bugb] batch START n=0 tick=318
2026-08-25T10:56:39.468257Z  INFO smart_dl_daemon::bt_events: [bugb] batch END n=0
2026-08-25T10:56:39.606225Z  INFO smart_dl_daemon::serve: [bugb] os-tick alive_ms=163207 tasks_free=true
2026-08-25T10:56:39.907447Z  INFO smart_dl_daemon::serve: [bugb] os-tick alive_ms=163508 tasks_free=true
2026-08-25T10:56:39.971136Z  INFO smart_dl_daemon::bt_events: [bugb] batch START n=0 tick=319
2026-08-25T10:56:39.972118Z  INFO smart_dl_daemon::bt_events: [bugb] batch END n=0
2026-08-25T10:56:40.208833Z  INFO smart_dl_daemon::serve: [bugb] os-tick alive_ms=163809 tasks_free=true
2026-08-25T10:56:40.475071Z  INFO smart_dl_daemon::bt_events: [bugb] batch START n=0 tick=320
2026-08-25T10:56:40.476765Z  INFO smart_dl_daemon::bt_events: [bugb] batch END n=0
2026-08-25T10:56:40.510478Z  INFO smart_dl_daemon::serve: [bugb] os-tick alive_ms=164111 tasks_free=true
2026-08-25T10:56:40.811798Z  INFO smart_dl_daemon::serve: [bugb] os-tick alive_ms=164412 tasks_free=true
2026-08-25T10:56:40.987810Z  INFO smart_dl_daemon::bt_events: [bugb] alert-loop alive ticks=321 batch=0
2026-08-25T10:56:40.988805Z  INFO smart_dl_daemon::bt_events: [bugb] batch START n=0 tick=321
2026-08-25T10:56:40.989272Z  INFO smart_dl_daemon::bt_events: [bugb] batch END n=0
2026-08-25T10:56:41.113324Z  INFO smart_dl_daemon::serve: [bugb] os-tick alive_ms=164714 tasks_free=true
2026-08-25T10:56:41.202162Z  INFO smart_dl_daemon::serve: [bugb] watchdog alive uptime_ms=164803
2026-08-25T10:56:41.414816Z  INFO smart_dl_daemon::serve: [bugb] os-tick alive_ms=165015 tasks_free=true
2026-08-25T10:56:41.494302Z  INFO smart_dl_daemon::bt_events: [bugb] batch START n=0 tick=322
2026-08-25T10:56:41.495506Z  INFO smart_dl_daemon::bt_events: [bugb] batch END n=0
2026-08-25T10:56:41.716545Z  INFO smart_dl_daemon::serve: [bugb] os-tick alive_ms=165317 tasks_free=true
2026-08-25T10:56:42.009319Z  INFO smart_dl_daemon::bt_events: [bugb] batch START n=0 tick=323
2026-08-25T10:56:42.010397Z  INFO smart_dl_daemon::bt_events: [bugb] batch END n=0
2026-08-25T10:56:42.017857Z  INFO smart_dl_daemon::serve: [bugb] os-tick alive_ms=165618 tasks_free=true
2026-08-25T10:56:42.319514Z  INFO smart_dl_daemon::serve: [bugb] os-tick alive_ms=165920 tasks_free=true
2026-08-25T10:56:42.525050Z  INFO smart_dl_daemon::bt_events: [bugb] batch START n=0 tick=324
2026-08-25T10:56:42.526186Z  INFO smart_dl_daemon::bt_events: [bugb] batch END n=0
2026-08-25T10:56:42.620886Z  INFO smart_dl_daemon::serve: [bugb] os-tick alive_ms=166221 tasks_free=true
2026-08-25T10:56:42.922392Z  INFO smart_dl_daemon::serve: [bugb] os-tick alive_ms=166523 tasks_free=true
2026-08-25T10:56:43.036801Z  INFO smart_dl_daemon::bt_events: [bugb] batch START n=0 tick=325
2026-08-25T10:56:43.037889Z  INFO smart_dl_daemon::bt_events: [bugb] batch END n=0
2026-08-25T10:56:43.214739Z  INFO smart_dl_daemon::serve: [bugb] watchdog alive uptime_ms=166815
2026-08-25T10:56:43.223665Z  INFO smart_dl_daemon::serve: [bugb] os-tick alive_ms=166824 tasks_free=true
2026-08-25T10:56:43.525083Z  INFO smart_dl_daemon::serve: [bugb] os-tick alive_ms=167126 tasks_free=true
2026-08-25T10:56:43.547629Z  INFO smart_dl_daemon::bt_events: [bugb] batch START n=0 tick=326
2026-08-25T10:56:43.548632Z  INFO smart_dl_daemon::bt_events: [bugb] batch END n=0
2026-08-25T10:56:43.826474Z  INFO smart_dl_daemon::serve: [bugb] os-tick alive_ms=167427 tasks_free=true
2026-08-25T10:56:44.053048Z  INFO smart_dl_daemon::bt_events: [bugb] batch START n=0 tick=327
2026-08-25T10:56:44.054161Z  INFO smart_dl_daemon::bt_events: [bugb] batch END n=0
2026-08-25T10:56:44.127768Z  INFO smart_dl_daemon::serve: [bugb] os-tick alive_ms=167728 tasks_free=true
2026-08-25T10:56:44.429184Z  INFO smart_dl_daemon::serve: [bugb] os-tick alive_ms=168030 tasks_free=true
2026-08-25T10:56:44.557165Z  INFO smart_dl_daemon::bt_events: [bugb] batch START n=0 tick=328
2026-08-25T10:56:44.558182Z  INFO smart_dl_daemon::bt_events: [bugb] batch END n=0
2026-08-25T10:56:44.730937Z  INFO smart_dl_daemon::serve: [bugb] os-tick alive_ms=168331 tasks_free=true
2026-08-25T10:56:45.032210Z  INFO smart_dl_daemon::serve: [bugb] os-tick alive_ms=168633 tasks_free=true
2026-08-25T10:56:45.063453Z  INFO smart_dl_daemon::bt_events: [bugb] batch START n=0 tick=329
2026-08-25T10:56:45.064394Z  INFO smart_dl_daemon::bt_events: [bugb] batch END n=0
2026-08-25T10:56:45.224731Z  INFO smart_dl_daemon::serve: [bugb] watchdog alive uptime_ms=168825
2026-08-25T10:56:45.333799Z  INFO smart_dl_daemon::serve: [bugb] os-tick alive_ms=168934 tasks_free=true
2026-08-25T10:56:45.576807Z  INFO smart_dl_daemon::bt_events: [bugb] batch START n=0 tick=330
2026-08-25T10:56:45.580008Z  INFO smart_dl_daemon::bt_events: [bugb] batch END n=0
2026-08-25T10:56:45.635034Z  INFO smart_dl_daemon::serve: [bugb] os-tick alive_ms=169236 tasks_free=true
2026-08-25T10:56:45.936481Z  INFO smart_dl_daemon::serve: [bugb] os-tick alive_ms=169537 tasks_free=true
2026-08-25T10:56:46.084341Z  INFO smart_dl_daemon::bt_events: [bugb] batch START n=0 tick=331
2026-08-25T10:56:46.085397Z  INFO smart_dl_daemon::bt_events: [bugb] batch END n=0
2026-08-25T10:56:46.237791Z  INFO smart_dl_daemon::serve: [bugb] os-tick alive_ms=169838 tasks_free=true
2026-08-25T10:56:46.539346Z  INFO smart_dl_daemon::serve: [bugb] os-tick alive_ms=170140 tasks_free=true
2026-08-25T10:56:46.596084Z  INFO smart_dl_daemon::bt_events: [bugb] batch START n=0 tick=332
2026-08-25T10:56:46.597164Z  INFO smart_dl_daemon::bt_events: [bugb] batch END n=0
2026-08-25T10:56:46.841805Z  INFO smart_dl_daemon::serve: [bugb] os-tick alive_ms=170442 tasks_free=true
2026-08-25T10:56:47.106625Z  INFO smart_dl_daemon::bt_events: [bugb] batch START n=0 tick=333
2026-08-25T10:56:47.110213Z  INFO smart_dl_daemon::bt_events: [bugb] batch END n=0
2026-08-25T10:56:47.235686Z  INFO smart_dl_daemon::serve: [bugb] watchdog alive uptime_ms=170836
2026-08-25T10:56:47.262878Z  INFO smart_dl_daemon::serve: [bugb] os-tick alive_ms=170863 tasks_free=true
2026-08-25T10:56:47.564619Z  INFO smart_dl_daemon::serve: [bugb] os-tick alive_ms=171165 tasks_free=true
2026-08-25T10:56:47.612466Z  INFO smart_dl_daemon::bt_events: [bugb] batch START n=0 tick=334
2026-08-25T10:56:47.614291Z  INFO smart_dl_daemon::bt_events: [bugb] batch END n=0
2026-08-25T10:56:47.866261Z  INFO smart_dl_daemon::serve: [bugb] os-tick alive_ms=171467 tasks_free=true
2026-08-25T10:56:48.117272Z  INFO smart_dl_daemon::bt_events: [bugb] batch START n=0 tick=335
2026-08-25T10:56:48.118256Z  INFO smart_dl_daemon::bt_events: [bugb] batch END n=0
2026-08-25T10:56:48.167921Z  INFO smart_dl_daemon::serve: [bugb] os-tick alive_ms=171768 tasks_free=true
2026-08-25T10:56:48.469380Z  INFO smart_dl_daemon::serve: [bugb] os-tick alive_ms=172070 tasks_free=true
2026-08-25T10:56:48.623885Z  INFO smart_dl_daemon::bt_events: [bugb] batch START n=0 tick=336
2026-08-25T10:56:48.625142Z  INFO smart_dl_daemon::bt_events: [bugb] batch END n=0
2026-08-25T10:56:48.771074Z  INFO smart_dl_daemon::serve: [bugb] os-tick alive_ms=172372 tasks_free=true
2026-08-25T10:56:49.072270Z  INFO smart_dl_daemon::serve: [bugb] os-tick alive_ms=172673 tasks_free=true
2026-08-25T10:56:49.135433Z  INFO smart_dl_daemon::bt_events: [bugb] batch START n=0 tick=337
2026-08-25T10:56:49.136912Z  INFO smart_dl_daemon::bt_events: [bugb] batch END n=0
2026-08-25T10:56:49.241366Z  INFO smart_dl_daemon::serve: [bugb] watchdog alive uptime_ms=172842
2026-08-25T10:56:49.373026Z  INFO smart_dl_daemon::serve: [bugb] os-tick alive_ms=172974 tasks_free=true
2026-08-25T10:56:49.645231Z  INFO smart_dl_daemon::bt_events: [bugb] batch START n=0 tick=338
2026-08-25T10:56:49.646332Z  INFO smart_dl_daemon::bt_events: [bugb] batch END n=0
2026-08-25T10:56:49.674469Z  INFO smart_dl_daemon::serve: [bugb] os-tick alive_ms=173275 tasks_free=true
2026-08-25T10:56:49.976155Z  INFO smart_dl_daemon::serve: [bugb] os-tick alive_ms=173577 tasks_free=true
2026-08-25T10:56:50.155539Z  INFO smart_dl_daemon::bt_events: [bugb] batch START n=0 tick=339
2026-08-25T10:56:50.156695Z  INFO smart_dl_daemon::bt_events: [bugb] batch END n=0
2026-08-25T10:56:50.279701Z  INFO smart_dl_daemon::serve: [bugb] os-tick alive_ms=173880 tasks_free=true
2026-08-25T10:56:50.581823Z  INFO smart_dl_daemon::serve: [bugb] os-tick alive_ms=174182 tasks_free=true
2026-08-25T10:56:50.663128Z  INFO smart_dl_daemon::bt_events: [bugb] batch START n=0 tick=340
2026-08-25T10:56:50.664099Z  INFO smart_dl_daemon::bt_events: [bugb] batch END n=0
2026-08-25T10:56:50.883280Z  INFO smart_dl_daemon::serve: [bugb] os-tick alive_ms=174484 tasks_free=true
2026-08-25T10:56:51.166007Z  INFO smart_dl_daemon::bt_events: [bugb] alert-loop alive ticks=341 batch=0
2026-08-25T10:56:51.167222Z  INFO smart_dl_daemon::bt_events: [bugb] batch START n=0 tick=341
2026-08-25T10:56:51.167752Z  INFO smart_dl_daemon::bt_events: [bugb] batch END n=0
2026-08-25T10:56:51.184902Z  INFO smart_dl_daemon::serve: [bugb] os-tick alive_ms=174785 tasks_free=true
2026-08-25T10:56:51.260758Z  INFO smart_dl_daemon::serve: [bugb] watchdog alive uptime_ms=174861
2026-08-25T10:56:51.486392Z  INFO smart_dl_daemon::serve: [bugb] os-tick alive_ms=175087 tasks_free=true
2026-08-25T10:56:51.673576Z  INFO smart_dl_daemon::bt_events: [bugb] batch START n=0 tick=342
2026-08-25T10:56:51.675445Z  INFO smart_dl_daemon::bt_events: [bugb] batch END n=0
2026-08-25T10:56:51.787888Z  INFO smart_dl_daemon::serve: [bugb] os-tick alive_ms=175388 tasks_free=true
2026-08-25T10:56:52.089925Z  INFO smart_dl_daemon::serve: [bugb] os-tick alive_ms=175690 tasks_free=true
2026-08-25T10:56:52.182875Z  INFO smart_dl_daemon::bt_events: [bugb] batch START n=0 tick=343
2026-08-25T10:56:52.184310Z  INFO smart_dl_daemon::bt_events: [bugb] batch END n=0
2026-08-25T10:56:52.391324Z  INFO smart_dl_daemon::serve: [bugb] os-tick alive_ms=175992 tasks_free=true
2026-08-25T10:56:52.691176Z  INFO smart_dl_daemon::bt_events: [bugb] batch START n=0 tick=344
2026-08-25T10:56:52.692632Z  INFO smart_dl_daemon::serve: [bugb] os-tick alive_ms=176293 tasks_free=true
2026-08-25T10:56:52.693124Z  INFO smart_dl_daemon::bt_events: [bugb] batch END n=0
2026-08-25T10:56:52.994492Z  INFO smart_dl_daemon::serve: [bugb] os-tick alive_ms=176595 tasks_free=true
2026-08-25T10:56:53.201758Z  INFO smart_dl_daemon::bt_events: [bugb] batch START n=0 tick=345
2026-08-25T10:56:53.202750Z  INFO smart_dl_daemon::bt_events: [bugb] batch END n=0
2026-08-25T10:56:53.270325Z  INFO smart_dl_daemon::serve: [bugb] watchdog alive uptime_ms=176871
2026-08-25T10:56:53.296003Z  INFO smart_dl_daemon::serve: [bugb] os-tick alive_ms=176897 tasks_free=true
2026-08-25T10:56:53.597323Z  INFO smart_dl_daemon::serve: [bugb] os-tick alive_ms=177198 tasks_free=true
2026-08-25T10:56:53.706063Z  INFO smart_dl_daemon::bt_events: [bugb] batch START n=0 tick=346
2026-08-25T10:56:53.707934Z  INFO smart_dl_daemon::bt_events: [bugb] batch END n=0
2026-08-25T10:56:53.898819Z  INFO smart_dl_daemon::serve: [bugb] os-tick alive_ms=177499 tasks_free=true
2026-08-25T10:56:54.200054Z  INFO smart_dl_daemon::serve: [bugb] os-tick alive_ms=177801 tasks_free=true
2026-08-25T10:56:54.213027Z  INFO smart_dl_daemon::bt_events: [bugb] batch START n=0 tick=347
2026-08-25T10:56:54.213978Z  INFO smart_dl_daemon::bt_events: [bugb] batch END n=0
2026-08-25T10:56:54.501562Z  INFO smart_dl_daemon::serve: [bugb] os-tick alive_ms=178102 tasks_free=true
2026-08-25T10:56:54.718269Z  INFO smart_dl_daemon::bt_events: [bugb] batch START n=0 tick=348
2026-08-25T10:56:54.719536Z  INFO smart_dl_daemon::bt_events: [bugb] batch END n=0
2026-08-25T10:56:54.806678Z  INFO smart_dl_daemon::serve: [bugb] os-tick alive_ms=178407 tasks_free=true
2026-08-25T10:56:55.108157Z  INFO smart_dl_daemon::serve: [bugb] os-tick alive_ms=178709 tasks_free=true
2026-08-25T10:56:55.230304Z  INFO smart_dl_daemon::bt_events: [bugb] batch START n=0 tick=349
2026-08-25T10:56:55.231829Z  INFO smart_dl_daemon::bt_events: [bugb] batch END n=0
2026-08-25T10:56:55.279498Z  INFO smart_dl_daemon::serve: [bugb] watchdog alive uptime_ms=178880
2026-08-25T10:56:55.409326Z  INFO smart_dl_daemon::serve: [bugb] os-tick alive_ms=179010 tasks_free=true
2026-08-25T10:56:55.710958Z  INFO smart_dl_daemon::serve: [bugb] os-tick alive_ms=179312 tasks_free=true
2026-08-25T10:56:55.736602Z  INFO smart_dl_daemon::bt_events: [bugb] batch START n=0 tick=350
2026-08-25T10:56:55.737600Z  INFO smart_dl_daemon::bt_events: [bugb] batch END n=0
2026-08-25T10:56:56.012512Z  INFO smart_dl_daemon::serve: [bugb] os-tick alive_ms=179613 tasks_free=true
2026-08-25T10:56:56.239392Z  INFO smart_dl_daemon::bt_events: [bugb] batch START n=0 tick=351
2026-08-25T10:56:56.240371Z  INFO smart_dl_daemon::bt_events: [bugb] batch END n=0
2026-08-25T10:56:56.314023Z  INFO smart_dl_daemon::serve: [bugb] os-tick alive_ms=179915 tasks_free=true
2026-08-25T10:56:56.615106Z  INFO smart_dl_daemon::serve: [bugb] os-tick alive_ms=180216 tasks_free=true
2026-08-25T10:56:56.746707Z  INFO smart_dl_daemon::bt_events: [bugb] batch START n=0 tick=352
2026-08-25T10:56:56.747757Z  INFO smart_dl_daemon::bt_events: [bugb] batch END n=0
2026-08-25T10:56:56.916877Z  INFO smart_dl_daemon::serve: [bugb] os-tick alive_ms=180517 tasks_free=true
2026-08-25T10:56:57.218050Z  INFO smart_dl_daemon::serve: [bugb] os-tick alive_ms=180819 tasks_free=true
2026-08-25T10:56:57.257704Z  INFO smart_dl_daemon::bt_events: [bugb] batch START n=0 tick=353
2026-08-25T10:56:57.258667Z  INFO smart_dl_daemon::bt_events: [bugb] batch END n=0
2026-08-25T10:56:57.282715Z  INFO smart_dl_daemon::serve: [bugb] watchdog alive uptime_ms=180883
2026-08-25T10:56:57.519245Z  INFO smart_dl_daemon::serve: [bugb] os-tick alive_ms=181120 tasks_free=true
2026-08-25T10:56:57.769337Z  INFO smart_dl_daemon::bt_events: [bugb] batch START n=0 tick=354
2026-08-25T10:56:57.770574Z  INFO smart_dl_daemon::bt_events: [bugb] batch END n=0
2026-08-25T10:56:57.820813Z  INFO smart_dl_daemon::serve: [bugb] os-tick alive_ms=181421 tasks_free=true
2026-08-25T10:56:58.122127Z  INFO smart_dl_daemon::serve: [bugb] os-tick alive_ms=181723 tasks_free=true
2026-08-25T10:56:58.280007Z  INFO smart_dl_daemon::bt_events: [bugb] batch START n=0 tick=355
2026-08-25T10:56:58.281136Z  INFO smart_dl_daemon::bt_events: [bugb] batch END n=0
2026-08-25T10:56:58.423730Z  INFO smart_dl_daemon::serve: [bugb] os-tick alive_ms=182024 tasks_free=true
2026-08-25T10:56:58.725082Z  INFO smart_dl_daemon::serve: [bugb] os-tick alive_ms=182326 tasks_free=true
2026-08-25T10:56:58.795942Z  INFO smart_dl_daemon::bt_events: [bugb] batch START n=0 tick=356
2026-08-25T10:56:58.797027Z  INFO smart_dl_daemon::bt_events: [bugb] batch END n=0
2026-08-25T10:56:59.026549Z  INFO smart_dl_daemon::serve: [bugb] os-tick alive_ms=182627 tasks_free=true
2026-08-25T10:56:59.299182Z  INFO smart_dl_daemon::bt_events: [bugb] batch START n=0 tick=357
2026-08-25T10:56:59.299182Z  INFO smart_dl_daemon::serve: [bugb] watchdog alive uptime_ms=182900
2026-08-25T10:56:59.300384Z  INFO smart_dl_daemon::bt_events: [bugb] batch END n=0
2026-08-25T10:56:59.327782Z  INFO smart_dl_daemon::serve: [bugb] os-tick alive_ms=182928 tasks_free=true
2026-08-25T10:56:59.629370Z  INFO smart_dl_daemon::serve: [bugb] os-tick alive_ms=183230 tasks_free=true
2026-08-25T10:56:59.815628Z  INFO smart_dl_daemon::bt_events: [bugb] batch START n=0 tick=358
2026-08-25T10:56:59.816758Z  INFO smart_dl_daemon::bt_events: [bugb] batch END n=0
2026-08-25T10:56:59.931652Z  INFO smart_dl_daemon::serve: [bugb] os-tick alive_ms=183532 tasks_free=true
2026-08-25T10:57:00.232968Z  INFO smart_dl_daemon::serve: [bugb] os-tick alive_ms=183834 tasks_free=true
2026-08-25T10:57:00.322816Z  INFO smart_dl_daemon::bt_events: [bugb] batch START n=0 tick=359
2026-08-25T10:57:00.323851Z  INFO smart_dl_daemon::bt_events: [bugb] batch END n=0
2026-08-25T10:57:00.534196Z  INFO smart_dl_daemon::serve: [bugb] os-tick alive_ms=184135 tasks_free=true
2026-08-25T10:57:00.831335Z  INFO smart_dl_daemon::bt_events: [bugb] batch START n=0 tick=360
2026-08-25T10:57:00.832437Z  INFO smart_dl_daemon::bt_events: [bugb] batch END n=0
2026-08-25T10:57:00.834990Z  INFO smart_dl_daemon::serve: [bugb] os-tick alive_ms=184436 tasks_free=true
2026-08-25T10:57:01.135863Z  INFO smart_dl_daemon::serve: [bugb] os-tick alive_ms=184736 tasks_free=true
2026-08-25T10:57:01.310047Z  INFO smart_dl_daemon::serve: [bugb] watchdog alive uptime_ms=184911
2026-08-25T10:57:01.347770Z  INFO smart_dl_daemon::bt_events: [bugb] alert-loop alive ticks=361 batch=0
2026-08-25T10:57:01.348807Z  INFO smart_dl_daemon::bt_events: [bugb] batch START n=0 tick=361
2026-08-25T10:57:01.349304Z  INFO smart_dl_daemon::bt_events: [bugb] batch END n=0
2026-08-25T10:57:01.437080Z  INFO smart_dl_daemon::serve: [bugb] os-tick alive_ms=185038 tasks_free=true
2026-08-25T10:57:01.738387Z  INFO smart_dl_daemon::serve: [bugb] os-tick alive_ms=185339 tasks_free=true
2026-08-25T10:57:01.863685Z  INFO smart_dl_daemon::bt_events: [bugb] batch START n=0 tick=362
2026-08-25T10:57:01.864472Z  INFO smart_dl_daemon::bt_events: [bugb] batch END n=0
2026-08-25T10:57:02.039565Z  INFO smart_dl_daemon::serve: [bugb] os-tick alive_ms=185640 tasks_free=true
2026-08-25T10:57:02.340912Z  INFO smart_dl_daemon::serve: [bugb] os-tick alive_ms=185941 tasks_free=true
2026-08-25T10:57:02.371140Z  INFO smart_dl_daemon::bt_events: [bugb] batch START n=0 tick=363
2026-08-25T10:57:02.372248Z  INFO smart_dl_daemon::bt_events: [bugb] batch END n=0
2026-08-25T10:57:02.642399Z  INFO smart_dl_daemon::serve: [bugb] os-tick alive_ms=186243 tasks_free=true
2026-08-25T10:57:02.887545Z  INFO smart_dl_daemon::bt_events: [bugb] batch START n=0 tick=364
2026-08-25T10:57:02.888591Z  INFO smart_dl_daemon::bt_events: [bugb] batch END n=0
2026-08-25T10:57:02.944057Z  INFO smart_dl_daemon::serve: [bugb] os-tick alive_ms=186545 tasks_free=true
2026-08-25T10:57:03.245450Z  INFO smart_dl_daemon::serve: [bugb] os-tick alive_ms=186846 tasks_free=true
2026-08-25T10:57:03.313264Z  INFO smart_dl_daemon::serve: [bugb] watchdog alive uptime_ms=186914
2026-08-25T10:57:03.399307Z  INFO smart_dl_daemon::bt_events: [bugb] batch START n=0 tick=365
2026-08-25T10:57:03.400351Z  INFO smart_dl_daemon::bt_events: [bugb] batch END n=0
2026-08-25T10:57:03.548185Z  INFO smart_dl_daemon::serve: [bugb] os-tick alive_ms=187149 tasks_free=true
2026-08-25T10:57:03.849603Z  INFO smart_dl_daemon::serve: [bugb] os-tick alive_ms=187450 tasks_free=true
2026-08-25T10:57:03.913207Z  INFO smart_dl_daemon::bt_events: [bugb] batch START n=0 tick=366
2026-08-25T10:57:03.914235Z  INFO smart_dl_daemon::bt_events: [bugb] batch END n=0
2026-08-25T10:57:04.151489Z  INFO smart_dl_daemon::serve: [bugb] os-tick alive_ms=187752 tasks_free=true
2026-08-25T10:57:04.424752Z  INFO smart_dl_daemon::bt_events: [bugb] batch START n=0 tick=367
2026-08-25T10:57:04.425918Z  INFO smart_dl_daemon::bt_events: [bugb] batch END n=0
2026-08-25T10:57:04.452685Z  INFO smart_dl_daemon::serve: [bugb] os-tick alive_ms=188053 tasks_free=true
2026-08-25T10:57:04.753952Z  INFO smart_dl_daemon::serve: [bugb] os-tick alive_ms=188354 tasks_free=true
2026-08-25T10:57:04.938257Z  INFO smart_dl_daemon::bt_events: [bugb] batch START n=0 tick=368
2026-08-25T10:57:04.939782Z  INFO smart_dl_daemon::bt_events: [bugb] batch END n=0
2026-08-25T10:57:05.055332Z  INFO smart_dl_daemon::serve: [bugb] os-tick alive_ms=188656 tasks_free=true
2026-08-25T10:57:05.324329Z  INFO smart_dl_daemon::serve: [bugb] watchdog alive uptime_ms=188925
2026-08-25T10:57:05.356859Z  INFO smart_dl_daemon::serve: [bugb] os-tick alive_ms=188957 tasks_free=true
2026-08-25T10:57:05.445288Z  INFO smart_dl_daemon::bt_events: [bugb] batch START n=0 tick=369
2026-08-25T10:57:05.446291Z  INFO smart_dl_daemon::bt_events: [bugb] batch END n=0
2026-08-25T10:57:05.658330Z  INFO smart_dl_daemon::serve: [bugb] os-tick alive_ms=189259 tasks_free=true
2026-08-25T10:57:05.952448Z  INFO smart_dl_daemon::bt_events: [bugb] batch START n=0 tick=370
2026-08-25T10:57:05.953716Z  INFO smart_dl_daemon::bt_events: [bugb] batch END n=0
2026-08-25T10:57:05.959776Z  INFO smart_dl_daemon::serve: [bugb] os-tick alive_ms=189560 tasks_free=true
2026-08-25T10:57:06.260714Z  INFO smart_dl_daemon::serve: [bugb] os-tick alive_ms=189861 tasks_free=true
2026-08-25T10:57:06.464471Z  INFO smart_dl_daemon::bt_events: [bugb] batch START n=0 tick=371
2026-08-25T10:57:06.465740Z  INFO smart_dl_daemon::bt_events: [bugb] batch END n=0
2026-08-25T10:57:06.561872Z  INFO smart_dl_daemon::serve: [bugb] os-tick alive_ms=190162 tasks_free=true
2026-08-25T10:57:06.863455Z  INFO smart_dl_daemon::serve: [bugb] os-tick alive_ms=190464 tasks_free=true
2026-08-25T10:57:06.974969Z  INFO smart_dl_daemon::bt_events: [bugb] batch START n=0 tick=372
2026-08-25T10:57:06.975986Z  INFO smart_dl_daemon::bt_events: [bugb] batch END n=0
2026-08-25T10:57:07.164927Z  INFO smart_dl_daemon::serve: [bugb] os-tick alive_ms=190765 tasks_free=true
2026-08-25T10:57:07.327739Z  INFO smart_dl_daemon::serve: [bugb] watchdog alive uptime_ms=190928
2026-08-25T10:57:07.465981Z  INFO smart_dl_daemon::serve: [bugb] os-tick alive_ms=191067 tasks_free=true
2026-08-25T10:57:07.489668Z  INFO smart_dl_daemon::bt_events: [bugb] batch START n=0 tick=373
2026-08-25T10:57:07.490668Z  INFO smart_dl_daemon::bt_events: [bugb] batch END n=0
2026-08-25T10:57:07.767258Z  INFO smart_dl_daemon::serve: [bugb] os-tick alive_ms=191368 tasks_free=true
2026-08-25T10:57:08.005844Z  INFO smart_dl_daemon::bt_events: [bugb] batch START n=0 tick=374
2026-08-25T10:57:08.021787Z  INFO smart_dl_daemon::bt_events: [bugb] batch END n=0
2026-08-25T10:57:08.069047Z  INFO smart_dl_daemon::serve: [bugb] os-tick alive_ms=191670 tasks_free=true
2026-08-25T10:57:08.370286Z  INFO smart_dl_daemon::serve: [bugb] os-tick alive_ms=191971 tasks_free=true
2026-08-25T10:57:08.533638Z  INFO smart_dl_daemon::bt_events: [bugb] batch START n=0 tick=375
2026-08-25T10:57:08.536044Z  INFO smart_dl_daemon::bt_events: [bugb] batch END n=0
2026-08-25T10:57:08.671961Z  INFO smart_dl_daemon::serve: [bugb] os-tick alive_ms=192273 tasks_free=true
2026-08-25T10:57:08.973250Z  INFO smart_dl_daemon::serve: [bugb] os-tick alive_ms=192574 tasks_free=true
2026-08-25T10:57:09.044052Z  INFO smart_dl_daemon::bt_events: [bugb] batch START n=0 tick=376
2026-08-25T10:57:09.045048Z  INFO smart_dl_daemon::bt_events: [bugb] batch END n=0
2026-08-25T10:57:09.274934Z  INFO smart_dl_daemon::serve: [bugb] os-tick alive_ms=192875 tasks_free=true
2026-08-25T10:57:09.338757Z  INFO smart_dl_daemon::serve: [bugb] watchdog alive uptime_ms=192939
2026-08-25T10:57:09.550513Z  INFO smart_dl_daemon::bt_events: [bugb] batch START n=0 tick=377
2026-08-25T10:57:09.551496Z  INFO smart_dl_daemon::bt_events: [bugb] batch END n=0
2026-08-25T10:57:09.576131Z  INFO smart_dl_daemon::serve: [bugb] os-tick alive_ms=193177 tasks_free=true
2026-08-25T10:57:09.877609Z  INFO smart_dl_daemon::serve: [bugb] os-tick alive_ms=193478 tasks_free=true
2026-08-25T10:57:10.055504Z  INFO smart_dl_daemon::bt_events: [bugb] batch START n=0 tick=378
2026-08-25T10:57:10.057129Z  INFO smart_dl_daemon::bt_events: [bugb] batch END n=0
2026-08-25T10:57:10.179289Z  INFO smart_dl_daemon::serve: [bugb] os-tick alive_ms=193780 tasks_free=true
2026-08-25T10:57:10.480814Z  INFO smart_dl_daemon::serve: [bugb] os-tick alive_ms=194081 tasks_free=true
2026-08-25T10:57:10.562142Z  INFO smart_dl_daemon::bt_events: [bugb] batch START n=0 tick=379
2026-08-25T10:57:10.563340Z  INFO smart_dl_daemon::bt_events: [bugb] batch END n=0
2026-08-25T10:57:10.782242Z  INFO smart_dl_daemon::serve: [bugb] os-tick alive_ms=194383 tasks_free=true
2026-08-25T10:57:11.076995Z  INFO smart_dl_daemon::bt_events: [bugb] batch START n=0 tick=380
2026-08-25T10:57:11.078083Z  INFO smart_dl_daemon::bt_events: [bugb] batch END n=0
2026-08-25T10:57:11.084098Z  INFO smart_dl_daemon::serve: [bugb] os-tick alive_ms=194685 tasks_free=true
2026-08-25T10:57:11.348876Z  INFO smart_dl_daemon::serve: [bugb] watchdog alive uptime_ms=194949
2026-08-25T10:57:11.385165Z  INFO smart_dl_daemon::serve: [bugb] os-tick alive_ms=194986 tasks_free=true
2026-08-25T10:57:11.588144Z  INFO smart_dl_daemon::bt_events: [bugb] alert-loop alive ticks=381 batch=0
2026-08-25T10:57:11.589225Z  INFO smart_dl_daemon::bt_events: [bugb] batch START n=0 tick=381
2026-08-25T10:57:11.589741Z  INFO smart_dl_daemon::bt_events: [bugb] batch END n=0
2026-08-25T10:57:11.686843Z  INFO smart_dl_daemon::serve: [bugb] os-tick alive_ms=195287 tasks_free=true
2026-08-25T10:57:11.988035Z  INFO smart_dl_daemon::serve: [bugb] os-tick alive_ms=195589 tasks_free=true
2026-08-25T10:57:12.099066Z  INFO smart_dl_daemon::bt_events: [bugb] batch START n=0 tick=382
2026-08-25T10:57:12.100165Z  INFO smart_dl_daemon::bt_events: [bugb] batch END n=0
2026-08-25T10:57:12.289620Z  INFO smart_dl_daemon::serve: [bugb] os-tick alive_ms=195890 tasks_free=true
2026-08-25T10:57:12.590354Z  INFO smart_dl_daemon::serve: [bugb] os-tick alive_ms=196191 tasks_free=true
2026-08-25T10:57:12.603888Z  INFO smart_dl_daemon::bt_events: [bugb] batch START n=0 tick=383
2026-08-25T10:57:12.604898Z  INFO smart_dl_daemon::bt_events: [bugb] batch END n=0
2026-08-25T10:57:12.891597Z  INFO smart_dl_daemon::serve: [bugb] os-tick alive_ms=196492 tasks_free=true
2026-08-25T10:57:13.107106Z  INFO smart_dl_daemon::bt_events: [bugb] batch START n=0 tick=384
2026-08-25T10:57:13.108242Z  INFO smart_dl_daemon::bt_events: [bugb] batch END n=0
2026-08-25T10:57:13.192958Z  INFO smart_dl_daemon::serve: [bugb] os-tick alive_ms=196793 tasks_free=true
2026-08-25T10:57:13.360202Z  INFO smart_dl_daemon::serve: [bugb] watchdog alive uptime_ms=196961
2026-08-25T10:57:13.494790Z  INFO smart_dl_daemon::serve: [bugb] os-tick alive_ms=197095 tasks_free=true
2026-08-25T10:57:13.615202Z  INFO smart_dl_daemon::bt_events: [bugb] batch START n=0 tick=385
2026-08-25T10:57:13.616228Z  INFO smart_dl_daemon::bt_events: [bugb] batch END n=0
2026-08-25T10:57:13.796184Z  INFO smart_dl_daemon::serve: [bugb] os-tick alive_ms=197397 tasks_free=true
2026-08-25T10:57:14.097736Z  INFO smart_dl_daemon::serve: [bugb] os-tick alive_ms=197698 tasks_free=true
2026-08-25T10:57:14.126708Z  INFO smart_dl_daemon::bt_events: [bugb] batch START n=0 tick=386
2026-08-25T10:57:14.127851Z  INFO smart_dl_daemon::bt_events: [bugb] batch END n=0
2026-08-25T10:57:14.399005Z  INFO smart_dl_daemon::serve: [bugb] os-tick alive_ms=198000 tasks_free=true
2026-08-25T10:57:14.631623Z  INFO smart_dl_daemon::bt_events: [bugb] batch START n=0 tick=387
2026-08-25T10:57:14.632763Z  INFO smart_dl_daemon::bt_events: [bugb] batch END n=0
2026-08-25T10:57:14.700368Z  INFO smart_dl_daemon::serve: [bugb] os-tick alive_ms=198301 tasks_free=true
2026-08-25T10:57:15.001820Z  INFO smart_dl_daemon::serve: [bugb] os-tick alive_ms=198602 tasks_free=true
2026-08-25T10:57:15.133388Z  INFO smart_dl_daemon::bt_events: [bugb] batch START n=0 tick=388
2026-08-25T10:57:15.134415Z  INFO smart_dl_daemon::bt_events: [bugb] batch END n=0
2026-08-25T10:57:15.302904Z  INFO smart_dl_daemon::serve: [bugb] os-tick alive_ms=198903 tasks_free=true
2026-08-25T10:57:15.373557Z  INFO smart_dl_daemon::serve: [bugb] watchdog alive uptime_ms=198974
2026-08-25T10:57:15.604483Z  INFO smart_dl_daemon::serve: [bugb] os-tick alive_ms=199205 tasks_free=true
2026-08-25T10:57:15.648190Z  INFO smart_dl_daemon::bt_events: [bugb] batch START n=0 tick=389
2026-08-25T10:57:15.649712Z  INFO smart_dl_daemon::bt_events: [bugb] batch END n=0
2026-08-25T10:57:15.905711Z  INFO smart_dl_daemon::serve: [bugb] os-tick alive_ms=199506 tasks_free=true
2026-08-25T10:57:16.162169Z  INFO smart_dl_daemon::bt_events: [bugb] batch START n=0 tick=390
2026-08-25T10:57:16.163294Z  INFO smart_dl_daemon::bt_events: [bugb] batch END n=0
2026-08-25T10:57:16.207304Z  INFO smart_dl_daemon::serve: [bugb] os-tick alive_ms=199808 tasks_free=true
2026-08-25T10:57:16.508101Z  INFO smart_dl_daemon::serve: [bugb] os-tick alive_ms=200109 tasks_free=true
2026-08-25T10:57:16.668923Z  INFO smart_dl_daemon::bt_events: [bugb] batch START n=0 tick=391
2026-08-25T10:57:16.670058Z  INFO smart_dl_daemon::bt_events: [bugb] batch END n=0
2026-08-25T10:57:16.810148Z  INFO smart_dl_daemon::serve: [bugb] os-tick alive_ms=200411 tasks_free=true
2026-08-25T10:57:17.111617Z  INFO smart_dl_daemon::serve: [bugb] os-tick alive_ms=200712 tasks_free=true
2026-08-25T10:57:17.179642Z  INFO smart_dl_daemon::bt_events: [bugb] batch START n=0 tick=392
2026-08-25T10:57:17.180802Z  INFO smart_dl_daemon::bt_events: [bugb] batch END n=0
2026-08-25T10:57:17.389138Z  INFO smart_dl_daemon::serve: [bugb] watchdog alive uptime_ms=200990
2026-08-25T10:57:17.413361Z  INFO smart_dl_daemon::serve: [bugb] os-tick alive_ms=201014 tasks_free=true
2026-08-25T10:57:17.690281Z  INFO smart_dl_daemon::bt_events: [bugb] batch START n=0 tick=393
2026-08-25T10:57:17.691820Z  INFO smart_dl_daemon::bt_events: [bugb] batch END n=0
2026-08-25T10:57:17.728900Z  INFO smart_dl_daemon::serve: [bugb] os-tick alive_ms=201329 tasks_free=true
2026-08-25T10:57:18.030322Z  INFO smart_dl_daemon::serve: [bugb] os-tick alive_ms=201631 tasks_free=true
2026-08-25T10:57:18.195682Z  INFO smart_dl_daemon::bt_events: [bugb] batch START n=0 tick=394
2026-08-25T10:57:18.196828Z  INFO smart_dl_daemon::bt_events: [bugb] batch END n=0
2026-08-25T10:57:18.332258Z  INFO smart_dl_daemon::serve: [bugb] os-tick alive_ms=201933 tasks_free=true
2026-08-25T10:57:18.633901Z  INFO smart_dl_daemon::serve: [bugb] os-tick alive_ms=202234 tasks_free=true
2026-08-25T10:57:18.698757Z  INFO smart_dl_daemon::bt_events: [bugb] batch START n=0 tick=395
2026-08-25T10:57:18.700169Z  INFO smart_dl_daemon::bt_events: [bugb] batch END n=0
2026-08-25T10:57:18.935261Z  INFO smart_dl_daemon::serve: [bugb] os-tick alive_ms=202536 tasks_free=true
2026-08-25T10:57:19.212081Z  INFO smart_dl_daemon::bt_events: [bugb] batch START n=0 tick=396
2026-08-25T10:57:19.213189Z  INFO smart_dl_daemon::bt_events: [bugb] batch END n=0
2026-08-25T10:57:19.236834Z  INFO smart_dl_daemon::serve: [bugb] os-tick alive_ms=202837 tasks_free=true
2026-08-25T10:57:19.404870Z  INFO smart_dl_daemon::serve: [bugb] watchdog alive uptime_ms=203005
2026-08-25T10:57:19.538056Z  INFO smart_dl_daemon::serve: [bugb] os-tick alive_ms=203139 tasks_free=true
2026-08-25T10:57:19.722134Z  INFO smart_dl_daemon::bt_events: [bugb] batch START n=0 tick=397
2026-08-25T10:57:19.723305Z  INFO smart_dl_daemon::bt_events: [bugb] batch END n=0
2026-08-25T10:57:19.839480Z  INFO smart_dl_daemon::serve: [bugb] os-tick alive_ms=203440 tasks_free=true
2026-08-25T10:57:20.140715Z  INFO smart_dl_daemon::serve: [bugb] os-tick alive_ms=203741 tasks_free=true
2026-08-25T10:57:20.235240Z  INFO smart_dl_daemon::bt_events: [bugb] batch START n=0 tick=398
2026-08-25T10:57:20.236685Z  INFO smart_dl_daemon::bt_events: [bugb] batch END n=0
2026-08-25T10:57:20.442079Z  INFO smart_dl_daemon::serve: [bugb] os-tick alive_ms=204043 tasks_free=true
2026-08-25T10:57:20.743077Z  INFO smart_dl_daemon::serve: [bugb] os-tick alive_ms=204344 tasks_free=true
2026-08-25T10:57:20.745834Z  INFO smart_dl_daemon::bt_events: [bugb] batch START n=0 tick=399
2026-08-25T10:57:20.746387Z  INFO smart_dl_daemon::bt_events: [bugb] batch END n=0
2026-08-25T10:57:21.044854Z  INFO smart_dl_daemon::serve: [bugb] os-tick alive_ms=204645 tasks_free=true
2026-08-25T10:57:21.260748Z  INFO smart_dl_daemon::bt_events: [bugb] batch START n=0 tick=400
2026-08-25T10:57:21.262343Z  INFO smart_dl_daemon::bt_events: [bugb] batch END n=0
2026-08-25T10:57:21.346324Z  INFO smart_dl_daemon::serve: [bugb] os-tick alive_ms=204947 tasks_free=true
2026-08-25T10:57:21.420883Z  INFO smart_dl_daemon::serve: [bugb] watchdog alive uptime_ms=205021
2026-08-25T10:57:21.648042Z  INFO smart_dl_daemon::serve: [bugb] os-tick alive_ms=205249 tasks_free=true
2026-08-25T10:57:21.765615Z  INFO smart_dl_daemon::bt_events: [bugb] alert-loop alive ticks=401 batch=0
2026-08-25T10:57:21.767488Z  INFO smart_dl_daemon::bt_events: [bugb] batch START n=0 tick=401
2026-08-25T10:57:21.768457Z  INFO smart_dl_daemon::bt_events: [bugb] batch END n=0
2026-08-25T10:57:21.949407Z  INFO smart_dl_daemon::serve: [bugb] os-tick alive_ms=205550 tasks_free=true
2026-08-25T10:57:22.251191Z  INFO smart_dl_daemon::serve: [bugb] os-tick alive_ms=205852 tasks_free=true
2026-08-25T10:57:22.276915Z  INFO smart_dl_daemon::bt_events: [bugb] batch START n=0 tick=402
2026-08-25T10:57:22.277954Z  INFO smart_dl_daemon::bt_events: [bugb] batch END n=0
2026-08-25T10:57:22.552554Z  INFO smart_dl_daemon::serve: [bugb] os-tick alive_ms=206153 tasks_free=true
2026-08-25T10:57:22.783885Z  INFO smart_dl_daemon::bt_events: [bugb] batch START n=0 tick=403
2026-08-25T10:57:22.785452Z  INFO smart_dl_daemon::bt_events: [bugb] batch END n=0
2026-08-25T10:57:22.854255Z  INFO smart_dl_daemon::serve: [bugb] os-tick alive_ms=206455 tasks_free=true
2026-08-25T10:57:23.155759Z  INFO smart_dl_daemon::serve: [bugb] os-tick alive_ms=206756 tasks_free=true
2026-08-25T10:57:23.292620Z  INFO smart_dl_daemon::bt_events: [bugb] batch START n=0 tick=404
2026-08-25T10:57:23.294331Z  INFO smart_dl_daemon::bt_events: [bugb] batch END n=0
2026-08-25T10:57:23.433671Z  INFO smart_dl_daemon::serve: [bugb] watchdog alive uptime_ms=207034
2026-08-25T10:57:23.457319Z  INFO smart_dl_daemon::serve: [bugb] os-tick alive_ms=207058 tasks_free=true
2026-08-25T10:57:23.758609Z  INFO smart_dl_daemon::serve: [bugb] os-tick alive_ms=207359 tasks_free=true
2026-08-25T10:57:23.798824Z  INFO smart_dl_daemon::bt_events: [bugb] batch START n=0 tick=405
2026-08-25T10:57:23.800062Z  INFO smart_dl_daemon::bt_events: [bugb] batch END n=0
2026-08-25T10:57:24.060111Z  INFO smart_dl_daemon::serve: [bugb] os-tick alive_ms=207661 tasks_free=true
2026-08-25T10:57:24.309742Z  INFO smart_dl_daemon::bt_events: [bugb] batch START n=0 tick=406
2026-08-25T10:57:24.310760Z  INFO smart_dl_daemon::bt_events: [bugb] batch END n=0
2026-08-25T10:57:24.361680Z  INFO smart_dl_daemon::serve: [bugb] os-tick alive_ms=207962 tasks_free=true
2026-08-25T10:57:24.663085Z  INFO smart_dl_daemon::serve: [bugb] os-tick alive_ms=208264 tasks_free=true
2026-08-25T10:57:24.819922Z  INFO smart_dl_daemon::bt_events: [bugb] batch START n=0 tick=407
2026-08-25T10:57:24.821704Z  INFO smart_dl_daemon::bt_events: [bugb] batch END n=0
2026-08-25T10:57:24.964528Z  INFO smart_dl_daemon::serve: [bugb] os-tick alive_ms=208565 tasks_free=true
2026-08-25T10:57:25.265796Z  INFO smart_dl_daemon::serve: [bugb] os-tick alive_ms=208866 tasks_free=true
2026-08-25T10:57:25.334105Z  INFO smart_dl_daemon::bt_events: [bugb] batch START n=0 tick=408
2026-08-25T10:57:25.335194Z  INFO smart_dl_daemon::bt_events: [bugb] batch END n=0
2026-08-25T10:57:25.442362Z  INFO smart_dl_daemon::serve: [bugb] watchdog alive uptime_ms=209043
2026-08-25T10:57:25.567209Z  INFO smart_dl_daemon::serve: [bugb] os-tick alive_ms=209168 tasks_free=true
2026-08-25T10:57:25.846496Z  INFO smart_dl_daemon::bt_events: [bugb] batch START n=0 tick=409
2026-08-25T10:57:25.847574Z  INFO smart_dl_daemon::bt_events: [bugb] batch END n=0
2026-08-25T10:57:25.868635Z  INFO smart_dl_daemon::serve: [bugb] os-tick alive_ms=209469 tasks_free=true
2026-08-25T10:57:26.169818Z  INFO smart_dl_daemon::serve: [bugb] os-tick alive_ms=209770 tasks_free=true
2026-08-25T10:57:26.349435Z  INFO smart_dl_daemon::bt_events: [bugb] batch START n=0 tick=410
2026-08-25T10:57:26.350665Z  INFO smart_dl_daemon::bt_events: [bugb] batch END n=0
2026-08-25T10:57:26.471202Z  INFO smart_dl_daemon::serve: [bugb] os-tick alive_ms=210072 tasks_free=true
2026-08-25T10:57:26.773812Z  INFO smart_dl_daemon::serve: [bugb] os-tick alive_ms=210374 tasks_free=true
2026-08-25T10:57:26.852018Z  INFO smart_dl_daemon::bt_events: [bugb] batch START n=0 tick=411
2026-08-25T10:57:26.853112Z  INFO smart_dl_daemon::bt_events: [bugb] batch END n=0
2026-08-25T10:57:27.075067Z  INFO smart_dl_daemon::serve: [bugb] os-tick alive_ms=210676 tasks_free=true
2026-08-25T10:57:27.362503Z  INFO smart_dl_daemon::bt_events: [bugb] batch START n=0 tick=412
2026-08-25T10:57:27.363731Z  INFO smart_dl_daemon::bt_events: [bugb] batch END n=0
2026-08-25T10:57:27.376524Z  INFO smart_dl_daemon::serve: [bugb] os-tick alive_ms=210977 tasks_free=true
2026-08-25T10:57:27.456496Z  INFO smart_dl_daemon::serve: [bugb] watchdog alive uptime_ms=211057
2026-08-25T10:57:27.677650Z  INFO smart_dl_daemon::serve: [bugb] os-tick alive_ms=211278 tasks_free=true
2026-08-25T10:57:27.874042Z  INFO smart_dl_daemon::bt_events: [bugb] batch START n=0 tick=413
2026-08-25T10:57:27.875199Z  INFO smart_dl_daemon::bt_events: [bugb] batch END n=0
2026-08-25T10:57:27.979553Z  INFO smart_dl_daemon::serve: [bugb] os-tick alive_ms=211580 tasks_free=true
2026-08-25T10:57:28.281011Z  INFO smart_dl_daemon::serve: [bugb] os-tick alive_ms=211882 tasks_free=true
2026-08-25T10:57:28.385871Z  INFO smart_dl_daemon::bt_events: [bugb] batch START n=0 tick=414
2026-08-25T10:57:28.386931Z  INFO smart_dl_daemon::bt_events: [bugb] batch END n=0
2026-08-25T10:57:28.582911Z  INFO smart_dl_daemon::serve: [bugb] os-tick alive_ms=212183 tasks_free=true
2026-08-25T10:57:28.884805Z  INFO smart_dl_daemon::serve: [bugb] os-tick alive_ms=212485 tasks_free=true
2026-08-25T10:57:28.890123Z  INFO smart_dl_daemon::bt_events: [bugb] batch START n=0 tick=415
2026-08-25T10:57:28.890698Z  INFO smart_dl_daemon::bt_events: [bugb] batch END n=0
2026-08-25T10:57:29.186472Z  INFO smart_dl_daemon::serve: [bugb] os-tick alive_ms=212787 tasks_free=true
2026-08-25T10:57:29.394626Z  INFO smart_dl_daemon::bt_events: [bugb] batch START n=0 tick=416
2026-08-25T10:57:29.395626Z  INFO smart_dl_daemon::bt_events: [bugb] batch END n=0
2026-08-25T10:57:29.473859Z  INFO smart_dl_daemon::serve: [bugb] watchdog alive uptime_ms=213074
2026-08-25T10:57:29.487903Z  INFO smart_dl_daemon::serve: [bugb] os-tick alive_ms=213088 tasks_free=true
2026-08-25T10:57:29.789177Z  INFO smart_dl_daemon::serve: [bugb] os-tick alive_ms=213390 tasks_free=true
2026-08-25T10:57:29.900952Z  INFO smart_dl_daemon::bt_events: [bugb] batch START n=0 tick=417
2026-08-25T10:57:29.902067Z  INFO smart_dl_daemon::bt_events: [bugb] batch END n=0
2026-08-25T10:57:30.090748Z  INFO smart_dl_daemon::serve: [bugb] os-tick alive_ms=213691 tasks_free=true
2026-08-25T10:57:30.392286Z  INFO smart_dl_daemon::serve: [bugb] os-tick alive_ms=213993 tasks_free=true
2026-08-25T10:57:30.405969Z  INFO smart_dl_daemon::bt_events: [bugb] batch START n=0 tick=418
2026-08-25T10:57:30.407014Z  INFO smart_dl_daemon::bt_events: [bugb] batch END n=0
2026-08-25T10:57:30.693369Z  INFO smart_dl_daemon::serve: [bugb] os-tick alive_ms=214294 tasks_free=true
2026-08-25T10:57:30.910690Z  INFO smart_dl_daemon::bt_events: [bugb] batch START n=0 tick=419
2026-08-25T10:57:30.911782Z  INFO smart_dl_daemon::bt_events: [bugb] batch END n=0
2026-08-25T10:57:30.994939Z  INFO smart_dl_daemon::serve: [bugb] os-tick alive_ms=214595 tasks_free=true
2026-08-25T10:57:31.296290Z  INFO smart_dl_daemon::serve: [bugb] os-tick alive_ms=214897 tasks_free=true
2026-08-25T10:57:31.422289Z  INFO smart_dl_daemon::bt_events: [bugb] batch START n=0 tick=420
2026-08-25T10:57:31.423393Z  INFO smart_dl_daemon::bt_events: [bugb] batch END n=0
2026-08-25T10:57:31.481363Z  INFO smart_dl_daemon::serve: [bugb] watchdog alive uptime_ms=215082
2026-08-25T10:57:31.597817Z  INFO smart_dl_daemon::serve: [bugb] os-tick alive_ms=215198 tasks_free=true
2026-08-25T10:57:31.899008Z  INFO smart_dl_daemon::serve: [bugb] os-tick alive_ms=215500 tasks_free=true
2026-08-25T10:57:31.930399Z  INFO smart_dl_daemon::bt_events: [bugb] alert-loop alive ticks=421 batch=0
2026-08-25T10:57:31.931488Z  INFO smart_dl_daemon::bt_events: [bugb] batch START n=0 tick=421
2026-08-25T10:57:31.932044Z  INFO smart_dl_daemon::bt_events: [bugb] batch END n=0
2026-08-25T10:57:32.200185Z  INFO smart_dl_daemon::serve: [bugb] os-tick alive_ms=215801 tasks_free=true
2026-08-25T10:57:32.436046Z  INFO smart_dl_daemon::bt_events: [bugb] batch START n=0 tick=422
2026-08-25T10:57:32.437121Z  INFO smart_dl_daemon::bt_events: [bugb] batch END n=0
2026-08-25T10:57:32.501457Z  INFO smart_dl_daemon::serve: [bugb] os-tick alive_ms=216102 tasks_free=true
2026-08-25T10:57:32.802695Z  INFO smart_dl_daemon::serve: [bugb] os-tick alive_ms=216403 tasks_free=true
2026-08-25T10:57:32.943048Z  INFO smart_dl_daemon::bt_events: [bugb] batch START n=0 tick=423
2026-08-25T10:57:32.944198Z  INFO smart_dl_daemon::bt_events: [bugb] batch END n=0
2026-08-25T10:57:33.104112Z  INFO smart_dl_daemon::serve: [bugb] os-tick alive_ms=216705 tasks_free=true
2026-08-25T10:57:33.405680Z  INFO smart_dl_daemon::serve: [bugb] os-tick alive_ms=217006 tasks_free=true
2026-08-25T10:57:33.455413Z  INFO smart_dl_daemon::bt_events: [bugb] batch START n=0 tick=424
2026-08-25T10:57:33.456491Z  INFO smart_dl_daemon::bt_events: [bugb] batch END n=0
2026-08-25T10:57:33.492125Z  INFO smart_dl_daemon::serve: [bugb] watchdog alive uptime_ms=217093
2026-08-25T10:57:33.706945Z  INFO smart_dl_daemon::serve: [bugb] os-tick alive_ms=217307 tasks_free=true
2026-08-25T10:57:33.959554Z  INFO smart_dl_daemon::bt_events: [bugb] batch START n=0 tick=425
2026-08-25T10:57:33.960513Z  INFO smart_dl_daemon::bt_events: [bugb] batch END n=0
2026-08-25T10:57:34.008244Z  INFO smart_dl_daemon::serve: [bugb] os-tick alive_ms=217609 tasks_free=true
2026-08-25T10:57:34.309467Z  INFO smart_dl_daemon::serve: [bugb] os-tick alive_ms=217910 tasks_free=true
2026-08-25T10:57:34.473231Z  INFO smart_dl_daemon::bt_events: [bugb] batch START n=0 tick=426
2026-08-25T10:57:34.474279Z  INFO smart_dl_daemon::bt_events: [bugb] batch END n=0
2026-08-25T10:57:34.610689Z  INFO smart_dl_daemon::serve: [bugb] os-tick alive_ms=218211 tasks_free=true
2026-08-25T10:57:34.912236Z  INFO smart_dl_daemon::serve: [bugb] os-tick alive_ms=218513 tasks_free=true
2026-08-25T10:57:34.982346Z  INFO smart_dl_daemon::bt_events: [bugb] batch START n=0 tick=427
2026-08-25T10:57:34.983511Z  INFO smart_dl_daemon::bt_events: [bugb] batch END n=0
2026-08-25T10:57:35.213522Z  INFO smart_dl_daemon::serve: [bugb] os-tick alive_ms=218814 tasks_free=true
2026-08-25T10:57:35.491184Z  INFO smart_dl_daemon::bt_events: [bugb] batch START n=0 tick=428
2026-08-25T10:57:35.492169Z  INFO smart_dl_daemon::bt_events: [bugb] batch END n=0
2026-08-25T10:57:35.503695Z  INFO smart_dl_daemon::serve: [bugb] watchdog alive uptime_ms=219104
2026-08-25T10:57:35.514554Z  INFO smart_dl_daemon::serve: [bugb] os-tick alive_ms=219115 tasks_free=true
2026-08-25T10:57:35.815780Z  INFO smart_dl_daemon::serve: [bugb] os-tick alive_ms=219416 tasks_free=true
2026-08-25T10:57:36.007492Z  INFO smart_dl_daemon::bt_events: [bugb] batch START n=0 tick=429
2026-08-25T10:57:36.008581Z  INFO smart_dl_daemon::bt_events: [bugb] batch END n=0
2026-08-25T10:57:36.117786Z  INFO smart_dl_daemon::serve: [bugb] os-tick alive_ms=219718 tasks_free=true
2026-08-25T10:57:36.419058Z  INFO smart_dl_daemon::serve: [bugb] os-tick alive_ms=220020 tasks_free=true
2026-08-25T10:57:36.519097Z  INFO smart_dl_daemon::bt_events: [bugb] batch START n=0 tick=430
2026-08-25T10:57:36.520260Z  INFO smart_dl_daemon::bt_events: [bugb] batch END n=0
2026-08-25T10:57:36.720297Z  INFO smart_dl_daemon::serve: [bugb] os-tick alive_ms=220321 tasks_free=true
2026-08-25T10:57:37.021825Z  INFO smart_dl_daemon::serve: [bugb] os-tick alive_ms=220622 tasks_free=true
2026-08-25T10:57:37.028682Z  INFO smart_dl_daemon::bt_events: [bugb] batch START n=0 tick=431
2026-08-25T10:57:37.100625Z  INFO smart_dl_daemon::bt_events: [bugb] batch END n=0
2026-08-25T10:57:37.399472Z  INFO smart_dl_daemon::serve: [bugb] os-tick alive_ms=221000 tasks_free=true
2026-08-25T10:57:37.511667Z  INFO smart_dl_daemon::serve: [bugb] watchdog alive uptime_ms=221112
2026-08-25T10:57:37.611692Z  INFO smart_dl_daemon::bt_events: [bugb] batch START n=0 tick=432
2026-08-25T10:57:37.612793Z  INFO smart_dl_daemon::bt_events: [bugb] batch END n=0
2026-08-25T10:57:37.700309Z  INFO smart_dl_daemon::serve: [bugb] os-tick alive_ms=221301 tasks_free=true
2026-08-25T10:57:38.001463Z  INFO smart_dl_daemon::serve: [bugb] os-tick alive_ms=221602 tasks_free=true
2026-08-25T10:57:38.118821Z  INFO smart_dl_daemon::bt_events: [bugb] batch START n=0 tick=433
2026-08-25T10:57:38.119870Z  INFO smart_dl_daemon::bt_events: [bugb] batch END n=0
2026-08-25T10:57:38.302976Z  INFO smart_dl_daemon::serve: [bugb] os-tick alive_ms=221904 tasks_free=true
2026-08-25T10:57:38.604055Z  INFO smart_dl_daemon::serve: [bugb] os-tick alive_ms=222205 tasks_free=true
2026-08-25T10:57:38.628652Z  INFO smart_dl_daemon::bt_events: [bugb] batch START n=0 tick=434
2026-08-25T10:57:38.629633Z  INFO smart_dl_daemon::bt_events: [bugb] batch END n=0
2026-08-25T10:57:38.905694Z  INFO smart_dl_daemon::serve: [bugb] os-tick alive_ms=222506 tasks_free=true
2026-08-25T10:57:39.135299Z  INFO smart_dl_daemon::bt_events: [bugb] batch START n=0 tick=435
2026-08-25T10:57:39.136407Z  INFO smart_dl_daemon::bt_events: [bugb] batch END n=0
2026-08-25T10:57:39.207160Z  INFO smart_dl_daemon::serve: [bugb] os-tick alive_ms=222808 tasks_free=true
2026-08-25T10:57:39.508241Z  INFO smart_dl_daemon::serve: [bugb] os-tick alive_ms=223109 tasks_free=true
2026-08-25T10:57:39.522629Z  INFO smart_dl_daemon::serve: [bugb] watchdog alive uptime_ms=223123
2026-08-25T10:57:39.638672Z  INFO smart_dl_daemon::bt_events: [bugb] batch START n=0 tick=436
2026-08-25T10:57:39.639696Z  INFO smart_dl_daemon::bt_events: [bugb] batch END n=0
2026-08-25T10:57:39.809537Z  INFO smart_dl_daemon::serve: [bugb] os-tick alive_ms=223410 tasks_free=true
2026-08-25T10:57:40.110788Z  INFO smart_dl_daemon::serve: [bugb] os-tick alive_ms=223711 tasks_free=true
2026-08-25T10:57:40.146600Z  INFO smart_dl_daemon::bt_events: [bugb] batch START n=0 tick=437
2026-08-25T10:57:40.148107Z  INFO smart_dl_daemon::bt_events: [bugb] batch END n=0
2026-08-25T10:57:40.411858Z  INFO smart_dl_daemon::serve: [bugb] os-tick alive_ms=224012 tasks_free=true
2026-08-25T10:57:40.650793Z  INFO smart_dl_daemon::bt_events: [bugb] batch START n=0 tick=438
2026-08-25T10:57:40.651968Z  INFO smart_dl_daemon::bt_events: [bugb] batch END n=0
2026-08-25T10:57:40.713379Z  INFO smart_dl_daemon::serve: [bugb] os-tick alive_ms=224314 tasks_free=true
2026-08-25T10:57:41.014860Z  INFO smart_dl_daemon::serve: [bugb] os-tick alive_ms=224615 tasks_free=true
2026-08-25T10:57:41.159974Z  INFO smart_dl_daemon::bt_events: [bugb] batch START n=0 tick=439
2026-08-25T10:57:41.161037Z  INFO smart_dl_daemon::bt_events: [bugb] batch END n=0
2026-08-25T10:57:41.316304Z  INFO smart_dl_daemon::serve: [bugb] os-tick alive_ms=224917 tasks_free=true
2026-08-25T10:57:41.526869Z  INFO smart_dl_daemon::serve: [bugb] watchdog alive uptime_ms=225127
2026-08-25T10:57:41.617861Z  INFO smart_dl_daemon::serve: [bugb] os-tick alive_ms=225218 tasks_free=true
2026-08-25T10:57:41.666214Z  INFO smart_dl_daemon::bt_events: [bugb] batch START n=0 tick=440
2026-08-25T10:57:41.667238Z  INFO smart_dl_daemon::bt_events: [bugb] batch END n=0
2026-08-25T10:57:41.919820Z  INFO smart_dl_daemon::serve: [bugb] os-tick alive_ms=225520 tasks_free=true
2026-08-25T10:57:42.171081Z  INFO smart_dl_daemon::bt_events: [bugb] alert-loop alive ticks=441 batch=0
2026-08-25T10:57:42.172141Z  INFO smart_dl_daemon::bt_events: [bugb] batch START n=0 tick=441
2026-08-25T10:57:42.172653Z  INFO smart_dl_daemon::bt_events: [bugb] batch END n=0
2026-08-25T10:57:42.221363Z  INFO smart_dl_daemon::serve: [bugb] os-tick alive_ms=225822 tasks_free=true
2026-08-25T10:57:42.523028Z  INFO smart_dl_daemon::serve: [bugb] os-tick alive_ms=226124 tasks_free=true
2026-08-25T10:57:42.676070Z  INFO smart_dl_daemon::bt_events: [bugb] batch START n=0 tick=442
2026-08-25T10:57:42.677202Z  INFO smart_dl_daemon::bt_events: [bugb] batch END n=0
2026-08-25T10:57:42.824439Z  INFO smart_dl_daemon::serve: [bugb] os-tick alive_ms=226425 tasks_free=true
2026-08-25T10:57:43.126103Z  INFO smart_dl_daemon::serve: [bugb] os-tick alive_ms=226727 tasks_free=true
2026-08-25T10:57:43.183156Z  INFO smart_dl_daemon::bt_events: [bugb] batch START n=0 tick=443
2026-08-25T10:57:43.184998Z  INFO smart_dl_daemon::bt_events: [bugb] batch END n=0
2026-08-25T10:57:43.428432Z  INFO smart_dl_daemon::serve: [bugb] os-tick alive_ms=227029 tasks_free=true
2026-08-25T10:57:43.532827Z  INFO smart_dl_daemon::serve: [bugb] watchdog alive uptime_ms=227133
2026-08-25T10:57:43.694324Z  INFO smart_dl_daemon::bt_events: [bugb] batch START n=0 tick=444
2026-08-25T10:57:43.695397Z  INFO smart_dl_daemon::bt_events: [bugb] batch END n=0
2026-08-25T10:57:43.730018Z  INFO smart_dl_daemon::serve: [bugb] os-tick alive_ms=227331 tasks_free=true
2026-08-25T10:57:44.031357Z  INFO smart_dl_daemon::serve: [bugb] os-tick alive_ms=227632 tasks_free=true
2026-08-25T10:57:44.204415Z  INFO smart_dl_daemon::bt_events: [bugb] batch START n=0 tick=445
2026-08-25T10:57:44.205517Z  INFO smart_dl_daemon::bt_events: [bugb] batch END n=0
2026-08-25T10:57:44.333031Z  INFO smart_dl_daemon::serve: [bugb] os-tick alive_ms=227934 tasks_free=true
2026-08-25T10:57:44.634240Z  INFO smart_dl_daemon::serve: [bugb] os-tick alive_ms=228235 tasks_free=true
2026-08-25T10:57:44.714239Z  INFO smart_dl_daemon::bt_events: [bugb] batch START n=0 tick=446
2026-08-25T10:57:44.715942Z  INFO smart_dl_daemon::bt_events: [bugb] batch END n=0
2026-08-25T10:57:44.935735Z  INFO smart_dl_daemon::serve: [bugb] os-tick alive_ms=228536 tasks_free=true
2026-08-25T10:57:45.225521Z  INFO smart_dl_daemon::bt_events: [bugb] batch START n=0 tick=447
2026-08-25T10:57:45.226670Z  INFO smart_dl_daemon::bt_events: [bugb] batch END n=0
2026-08-25T10:57:45.237029Z  INFO smart_dl_daemon::serve: [bugb] os-tick alive_ms=228838 tasks_free=true
2026-08-25T10:57:45.538433Z  INFO smart_dl_daemon::serve: [bugb] os-tick alive_ms=229139 tasks_free=true
2026-08-25T10:57:45.540192Z  INFO smart_dl_daemon::serve: [bugb] watchdog alive uptime_ms=229141
2026-08-25T10:57:45.730775Z  INFO smart_dl_daemon::bt_events: [bugb] batch START n=0 tick=448
2026-08-25T10:57:45.731863Z  INFO smart_dl_daemon::bt_events: [bugb] batch END n=0
2026-08-25T10:57:45.839625Z  INFO smart_dl_daemon::serve: [bugb] os-tick alive_ms=229440 tasks_free=true
2026-08-25T10:57:46.140958Z  INFO smart_dl_daemon::serve: [bugb] os-tick alive_ms=229742 tasks_free=true
2026-08-25T10:57:46.240358Z  INFO smart_dl_daemon::bt_events: [bugb] batch START n=0 tick=449
2026-08-25T10:57:46.241463Z  INFO smart_dl_daemon::bt_events: [bugb] batch END n=0
2026-08-25T10:57:46.442402Z  INFO smart_dl_daemon::serve: [bugb] os-tick alive_ms=230043 tasks_free=true
2026-08-25T10:57:46.743683Z  INFO smart_dl_daemon::serve: [bugb] os-tick alive_ms=230344 tasks_free=true
2026-08-25T10:57:46.758793Z  INFO smart_dl_daemon::bt_events: [bugb] batch START n=0 tick=450
2026-08-25T10:57:46.760065Z  INFO smart_dl_daemon::bt_events: [bugb] batch END n=0
2026-08-25T10:57:47.044994Z  INFO smart_dl_daemon::serve: [bugb] os-tick alive_ms=230646 tasks_free=true
2026-08-25T10:57:47.272647Z  INFO smart_dl_daemon::bt_events: [bugb] batch START n=0 tick=451
2026-08-25T10:57:47.273889Z  INFO smart_dl_daemon::bt_events: [bugb] batch END n=0
2026-08-25T10:57:47.346350Z  INFO smart_dl_daemon::serve: [bugb] os-tick alive_ms=230947 tasks_free=true
2026-08-25T10:57:47.551104Z  INFO smart_dl_daemon::serve: [bugb] watchdog alive uptime_ms=231152
2026-08-25T10:57:47.647824Z  INFO smart_dl_daemon::serve: [bugb] os-tick alive_ms=231248 tasks_free=true
2026-08-25T10:57:47.784669Z  INFO smart_dl_daemon::bt_events: [bugb] batch START n=0 tick=452
2026-08-25T10:57:47.789006Z  INFO smart_dl_daemon::bt_events: [bugb] batch END n=0
2026-08-25T10:57:47.949196Z  INFO smart_dl_daemon::serve: [bugb] os-tick alive_ms=231550 tasks_free=true
2026-08-25T10:57:48.250460Z  INFO smart_dl_daemon::serve: [bugb] os-tick alive_ms=231851 tasks_free=true
2026-08-25T10:57:48.301359Z  INFO smart_dl_daemon::bt_events: [bugb] batch START n=0 tick=453
2026-08-25T10:57:48.302913Z  INFO smart_dl_daemon::bt_events: [bugb] batch END n=0
2026-08-25T10:57:48.551785Z  INFO smart_dl_daemon::serve: [bugb] os-tick alive_ms=232152 tasks_free=true
2026-08-25T10:57:48.811703Z  INFO smart_dl_daemon::bt_events: [bugb] batch START n=0 tick=454
2026-08-25T10:57:48.812864Z  INFO smart_dl_daemon::bt_events: [bugb] batch END n=0
2026-08-25T10:57:48.852503Z  INFO smart_dl_daemon::serve: [bugb] os-tick alive_ms=232453 tasks_free=true
2026-08-25T10:57:49.153927Z  INFO smart_dl_daemon::serve: [bugb] os-tick alive_ms=232754 tasks_free=true
2026-08-25T10:57:49.324498Z  INFO smart_dl_daemon::bt_events: [bugb] batch START n=0 tick=455
2026-08-25T10:57:49.325636Z  INFO smart_dl_daemon::bt_events: [bugb] batch END n=0
2026-08-25T10:57:49.455319Z  INFO smart_dl_daemon::serve: [bugb] os-tick alive_ms=233056 tasks_free=true
2026-08-25T10:57:49.562105Z  INFO smart_dl_daemon::serve: [bugb] watchdog alive uptime_ms=233163
2026-08-25T10:57:49.756911Z  INFO smart_dl_daemon::serve: [bugb] os-tick alive_ms=233357 tasks_free=true
2026-08-25T10:57:49.829457Z  INFO smart_dl_daemon::bt_events: [bugb] batch START n=0 tick=456
2026-08-25T10:57:49.830586Z  INFO smart_dl_daemon::bt_events: [bugb] batch END n=0
2026-08-25T10:57:50.058657Z  INFO smart_dl_daemon::serve: [bugb] os-tick alive_ms=233659 tasks_free=true
2026-08-25T10:57:50.344887Z  INFO smart_dl_daemon::bt_events: [bugb] batch START n=0 tick=457
2026-08-25T10:57:50.346162Z  INFO smart_dl_daemon::bt_events: [bugb] batch END n=0
2026-08-25T10:57:50.360015Z  INFO smart_dl_daemon::serve: [bugb] os-tick alive_ms=233961 tasks_free=true
2026-08-25T10:57:50.661127Z  INFO smart_dl_daemon::serve: [bugb] os-tick alive_ms=234262 tasks_free=true
2026-08-25T10:57:50.857268Z  INFO smart_dl_daemon::bt_events: [bugb] batch START n=0 tick=458
2026-08-25T10:57:50.858325Z  INFO smart_dl_daemon::bt_events: [bugb] batch END n=0
2026-08-25T10:57:50.962684Z  INFO smart_dl_daemon::serve: [bugb] os-tick alive_ms=234563 tasks_free=true
2026-08-25T10:57:51.264278Z  INFO smart_dl_daemon::serve: [bugb] os-tick alive_ms=234865 tasks_free=true
2026-08-25T10:57:51.362226Z  INFO smart_dl_daemon::bt_events: [bugb] batch START n=0 tick=459
2026-08-25T10:57:51.363327Z  INFO smart_dl_daemon::bt_events: [bugb] batch END n=0
2026-08-25T10:57:51.565943Z  INFO smart_dl_daemon::serve: [bugb] os-tick alive_ms=235166 tasks_free=true
2026-08-25T10:57:51.565995Z  INFO smart_dl_daemon::serve: [bugb] watchdog alive uptime_ms=235167
2026-08-25T10:57:51.867537Z  INFO smart_dl_daemon::serve: [bugb] os-tick alive_ms=235468 tasks_free=true
2026-08-25T10:57:51.871232Z  INFO smart_dl_daemon::bt_events: [bugb] batch START n=0 tick=460
2026-08-25T10:57:51.871905Z  INFO smart_dl_daemon::bt_events: [bugb] batch END n=0
2026-08-25T10:57:52.168695Z  INFO smart_dl_daemon::serve: [bugb] os-tick alive_ms=235769 tasks_free=true
2026-08-25T10:57:52.387010Z  INFO smart_dl_daemon::bt_events: [bugb] alert-loop alive ticks=461 batch=0
2026-08-25T10:57:52.388082Z  INFO smart_dl_daemon::bt_events: [bugb] batch START n=0 tick=461
2026-08-25T10:57:52.388586Z  INFO smart_dl_daemon::bt_events: [bugb] batch END n=0
2026-08-25T10:57:52.469894Z  INFO smart_dl_daemon::serve: [bugb] os-tick alive_ms=236070 tasks_free=true
2026-08-25T10:57:52.771269Z  INFO smart_dl_daemon::serve: [bugb] os-tick alive_ms=236372 tasks_free=true
2026-08-25T10:57:52.895116Z  INFO smart_dl_daemon::bt_events: [bugb] batch START n=0 tick=462
2026-08-25T10:57:52.896139Z  INFO smart_dl_daemon::bt_events: [bugb] batch END n=0
2026-08-25T10:57:53.072594Z  INFO smart_dl_daemon::serve: [bugb] os-tick alive_ms=236673 tasks_free=true
2026-08-25T10:57:53.373854Z  INFO smart_dl_daemon::serve: [bugb] os-tick alive_ms=236974 tasks_free=true
2026-08-25T10:57:53.405820Z  INFO smart_dl_daemon::bt_events: [bugb] batch START n=0 tick=463
2026-08-25T10:57:53.406901Z  INFO smart_dl_daemon::bt_events: [bugb] batch END n=0
2026-08-25T10:57:53.575875Z  INFO smart_dl_daemon::serve: [bugb] watchdog alive uptime_ms=237176
2026-08-25T10:57:53.675320Z  INFO smart_dl_daemon::serve: [bugb] os-tick alive_ms=237276 tasks_free=true
2026-08-25T10:57:53.910858Z  INFO smart_dl_daemon::bt_events: [bugb] batch START n=0 tick=464
2026-08-25T10:57:53.912055Z  INFO smart_dl_daemon::bt_events: [bugb] batch END n=0
2026-08-25T10:57:53.976504Z  INFO smart_dl_daemon::serve: [bugb] os-tick alive_ms=237577 tasks_free=true
2026-08-25T10:57:54.277708Z  INFO smart_dl_daemon::serve: [bugb] os-tick alive_ms=237878 tasks_free=true
2026-08-25T10:57:54.421896Z  INFO smart_dl_daemon::bt_events: [bugb] batch START n=0 tick=465
2026-08-25T10:57:54.422962Z  INFO smart_dl_daemon::bt_events: [bugb] batch END n=0
2026-08-25T10:57:54.578900Z  INFO smart_dl_daemon::serve: [bugb] os-tick alive_ms=238179 tasks_free=true
2026-08-25T10:57:54.880386Z  INFO smart_dl_daemon::serve: [bugb] os-tick alive_ms=238481 tasks_free=true
2026-08-25T10:57:54.934917Z  INFO smart_dl_daemon::bt_events: [bugb] batch START n=0 tick=466
2026-08-25T10:57:54.935967Z  INFO smart_dl_daemon::bt_events: [bugb] batch END n=0
2026-08-25T10:57:55.181570Z  INFO smart_dl_daemon::serve: [bugb] os-tick alive_ms=238782 tasks_free=true
2026-08-25T10:57:55.447918Z  INFO smart_dl_daemon::bt_events: [bugb] batch START n=0 tick=467
2026-08-25T10:57:55.449096Z  INFO smart_dl_daemon::bt_events: [bugb] batch END n=0
2026-08-25T10:57:55.483107Z  INFO smart_dl_daemon::serve: [bugb] os-tick alive_ms=239084 tasks_free=true
2026-08-25T10:57:55.580048Z  INFO smart_dl_daemon::serve: [bugb] watchdog alive uptime_ms=239181
2026-08-25T10:57:55.784512Z  INFO smart_dl_daemon::serve: [bugb] os-tick alive_ms=239385 tasks_free=true
2026-08-25T10:57:55.954525Z  INFO smart_dl_daemon::bt_events: [bugb] batch START n=0 tick=468
2026-08-25T10:57:55.955711Z  INFO smart_dl_daemon::bt_events: [bugb] batch END n=0
2026-08-25T10:57:56.085802Z  INFO smart_dl_daemon::serve: [bugb] os-tick alive_ms=239686 tasks_free=true
2026-08-25T10:57:56.387175Z  INFO smart_dl_daemon::serve: [bugb] os-tick alive_ms=239988 tasks_free=true
2026-08-25T10:57:56.459604Z  INFO smart_dl_daemon::bt_events: [bugb] batch START n=0 tick=469
2026-08-25T10:57:56.460341Z  INFO smart_dl_daemon::bt_events: [bugb] batch END n=0
2026-08-25T10:57:56.689331Z  INFO smart_dl_daemon::serve: [bugb] os-tick alive_ms=240290 tasks_free=true
2026-08-25T10:57:56.963277Z  INFO smart_dl_daemon::bt_events: [bugb] batch START n=0 tick=470
2026-08-25T10:57:56.964410Z  INFO smart_dl_daemon::bt_events: [bugb] batch END n=0
2026-08-25T10:57:56.991071Z  INFO smart_dl_daemon::serve: [bugb] os-tick alive_ms=240592 tasks_free=true
2026-08-25T10:57:57.292326Z  INFO smart_dl_daemon::serve: [bugb] os-tick alive_ms=240893 tasks_free=true
2026-08-25T10:57:57.473206Z  INFO smart_dl_daemon::bt_events: [bugb] batch START n=0 tick=471
2026-08-25T10:57:57.474298Z  INFO smart_dl_daemon::bt_events: [bugb] batch END n=0
2026-08-25T10:57:57.570350Z  INFO smart_dl_provider::coordinator: [bugb] poll_ready → Ready ptid=mock-1 elapsed_ms=240261
2026-08-25T10:57:57.571400Z  INFO smart_dl_provider::coordinator: [bugb] coord ready ptid=mock-1 → resolve
2026-08-25T10:57:57.571945Z  INFO smart_dl_provider::coordinator: [bugb] coord resolve ok ptid=mock-1 files=1 sizes=[2097152] → transfer
2026-08-25T10:57:57.572542Z  INFO smart_dl_provider::coordinator: [bugb] coord sink.transfer begin tid=t1-mockfile.bin size=2097152
2026-08-25T10:57:57.573039Z  INFO smart_dl_daemon::state: [bugb] sink transfer enter task=t1-mockfile.bin name=Some("mockfile.bin") dest_root="E:/Code/ai/smart-downloader/out/bugb/run-A-20260825-185355/downloads"
2026-08-25T10:57:57.577318Z  INFO smart_dl_daemon::state: [bugb] sink transfer http.add OK tid=t1-mockfile.bin → poll loop
2026-08-25T10:57:57.577884Z  INFO smart_dl_daemon::state: [bugb] sink first-poll tid=t1-mockfile.bin state="t1-mockfile.bin" done=0/2097152
2026-08-25T10:57:57.585325Z  INFO smart_dl_daemon::serve: [bugb] watchdog alive uptime_ms=241186
2026-08-25T10:57:57.593606Z  INFO smart_dl_daemon::serve: [bugb] os-tick alive_ms=241194 tasks_free=true
2026-08-25T10:57:57.894877Z  INFO smart_dl_daemon::serve: [bugb] os-tick alive_ms=241495 tasks_free=true
2026-08-25T10:57:57.986630Z  INFO smart_dl_daemon::bt_events: [bugb] batch START n=0 tick=472
2026-08-25T10:57:57.987747Z  INFO smart_dl_daemon::bt_events: [bugb] batch END n=0
2026-08-25T10:57:58.196197Z  INFO smart_dl_daemon::serve: [bugb] os-tick alive_ms=241797 tasks_free=true
2026-08-25T10:57:58.491558Z  INFO smart_dl_daemon::bt_events: [bugb] batch START n=0 tick=473
2026-08-25T10:57:58.492734Z  INFO smart_dl_daemon::bt_events: [bugb] batch END n=0
2026-08-25T10:57:58.497445Z  INFO smart_dl_daemon::serve: [bugb] os-tick alive_ms=242098 tasks_free=true
2026-08-25T10:57:58.798346Z  INFO smart_dl_daemon::serve: [bugb] os-tick alive_ms=242399 tasks_free=true
2026-08-25T10:57:59.001538Z  INFO smart_dl_daemon::bt_events: [bugb] batch START n=0 tick=474
2026-08-25T10:57:59.002902Z  INFO smart_dl_daemon::bt_events: [bugb] batch END n=0
2026-08-25T10:57:59.099941Z  INFO smart_dl_daemon::serve: [bugb] os-tick alive_ms=242700 tasks_free=true
2026-08-25T10:57:59.402030Z  INFO smart_dl_daemon::serve: [bugb] os-tick alive_ms=243003 tasks_free=true
2026-08-25T10:57:59.512370Z  INFO smart_dl_daemon::bt_events: [bugb] batch START n=0 tick=475
2026-08-25T10:57:59.513635Z  INFO smart_dl_daemon::bt_events: [bugb] batch END n=0
2026-08-25T10:57:59.595708Z  INFO smart_dl_daemon::serve: [bugb] watchdog alive uptime_ms=243196
2026-08-25T10:57:59.703418Z  INFO smart_dl_daemon::serve: [bugb] os-tick alive_ms=243304 tasks_free=true
2026-08-25T10:58:00.005021Z  INFO smart_dl_daemon::serve: [bugb] os-tick alive_ms=243606 tasks_free=true
2026-08-25T10:58:00.022554Z  INFO smart_dl_daemon::bt_events: [bugb] batch START n=0 tick=476
2026-08-25T10:58:00.023568Z  INFO smart_dl_daemon::bt_events: [bugb] batch END n=0
2026-08-25T10:58:00.306430Z  INFO smart_dl_daemon::serve: [bugb] os-tick alive_ms=243907 tasks_free=true
2026-08-25T10:58:00.528233Z  INFO smart_dl_daemon::bt_events: [bugb] batch START n=0 tick=477
2026-08-25T10:58:00.529296Z  INFO smart_dl_daemon::bt_events: [bugb] batch END n=0
2026-08-25T10:58:00.608070Z  INFO smart_dl_daemon::serve: [bugb] os-tick alive_ms=244209 tasks_free=true
2026-08-25T10:58:00.909522Z  INFO smart_dl_daemon::serve: [bugb] os-tick alive_ms=244510 tasks_free=true
2026-08-25T10:58:01.039596Z  INFO smart_dl_daemon::bt_events: [bugb] batch START n=0 tick=478
2026-08-25T10:58:01.040795Z  INFO smart_dl_daemon::bt_events: [bugb] batch END n=0
2026-08-25T10:58:01.211456Z  INFO smart_dl_daemon::serve: [bugb] os-tick alive_ms=244812 tasks_free=true
2026-08-25T10:58:01.512867Z  INFO smart_dl_daemon::serve: [bugb] os-tick alive_ms=245113 tasks_free=true
2026-08-25T10:58:01.545017Z  INFO smart_dl_daemon::bt_events: [bugb] batch START n=0 tick=479
2026-08-25T10:58:01.546191Z  INFO smart_dl_daemon::bt_events: [bugb] batch END n=0
2026-08-25T10:58:01.605771Z  INFO smart_dl_daemon::serve: [bugb] watchdog alive uptime_ms=245206
2026-08-25T10:58:01.814503Z  INFO smart_dl_daemon::serve: [bugb] os-tick alive_ms=245415 tasks_free=true
2026-08-25T10:58:02.055388Z  INFO smart_dl_daemon::bt_events: [bugb] batch START n=0 tick=480
2026-08-25T10:58:02.056660Z  INFO smart_dl_daemon::bt_events: [bugb] batch END n=0
2026-08-25T10:58:02.115784Z  INFO smart_dl_daemon::serve: [bugb] os-tick alive_ms=245716 tasks_free=true
2026-08-25T10:58:02.417100Z  INFO smart_dl_daemon::serve: [bugb] os-tick alive_ms=246018 tasks_free=true
2026-08-25T10:58:02.567368Z  INFO smart_dl_daemon::bt_events: [bugb] alert-loop alive ticks=481 batch=0
2026-08-25T10:58:02.568439Z  INFO smart_dl_daemon::bt_events: [bugb] batch START n=0 tick=481
2026-08-25T10:58:02.568957Z  INFO smart_dl_daemon::bt_events: [bugb] batch END n=0
2026-08-25T10:58:02.582757Z  INFO smart_dl_daemon::state: [bugb] sink heartbeat tid=t1-mockfile.bin state=Downloading done=0/2097152 elapsed_ms=5004
2026-08-25T10:58:02.718540Z  INFO smart_dl_daemon::serve: [bugb] os-tick alive_ms=246319 tasks_free=true
2026-08-25T10:58:03.019758Z  INFO smart_dl_daemon::serve: [bugb] os-tick alive_ms=246620 tasks_free=true
2026-08-25T10:58:03.076271Z  INFO smart_dl_daemon::bt_events: [bugb] batch START n=0 tick=482
2026-08-25T10:58:03.077279Z  INFO smart_dl_daemon::bt_events: [bugb] batch END n=0
2026-08-25T10:58:03.321323Z  INFO smart_dl_daemon::serve: [bugb] os-tick alive_ms=246922 tasks_free=true
2026-08-25T10:58:03.588446Z  INFO smart_dl_daemon::bt_events: [bugb] batch START n=0 tick=483
2026-08-25T10:58:03.589706Z  INFO smart_dl_daemon::bt_events: [bugb] batch END n=0
2026-08-25T10:58:03.615197Z  INFO smart_dl_daemon::serve: [bugb] watchdog alive uptime_ms=247215
2026-08-25T10:58:03.622570Z  INFO smart_dl_daemon::serve: [bugb] os-tick alive_ms=247223 tasks_free=true
2026-08-25T10:58:03.923804Z  INFO smart_dl_daemon::serve: [bugb] os-tick alive_ms=247524 tasks_free=true
2026-08-25T10:58:04.098351Z  INFO smart_dl_daemon::bt_events: [bugb] batch START n=0 tick=484
2026-08-25T10:58:04.099604Z  INFO smart_dl_daemon::bt_events: [bugb] batch END n=0
2026-08-25T10:58:04.224978Z  INFO smart_dl_daemon::serve: [bugb] os-tick alive_ms=247826 tasks_free=true
2026-08-25T10:58:04.526081Z  INFO smart_dl_daemon::serve: [bugb] os-tick alive_ms=248127 tasks_free=true
2026-08-25T10:58:04.614308Z  INFO smart_dl_daemon::bt_events: [bugb] batch START n=0 tick=485
2026-08-25T10:58:04.615513Z  INFO smart_dl_daemon::bt_events: [bugb] batch END n=0
2026-08-25T10:58:04.827439Z  INFO smart_dl_daemon::serve: [bugb] os-tick alive_ms=248428 tasks_free=true
2026-08-25T10:58:05.120832Z  INFO smart_dl_daemon::bt_events: [bugb] batch START n=0 tick=486
2026-08-25T10:58:05.121964Z  INFO smart_dl_daemon::bt_events: [bugb] batch END n=0
2026-08-25T10:58:05.129303Z  INFO smart_dl_daemon::serve: [bugb] os-tick alive_ms=248730 tasks_free=true
2026-08-25T10:58:05.430612Z  INFO smart_dl_daemon::serve: [bugb] os-tick alive_ms=249031 tasks_free=true
2026-08-25T10:58:05.630352Z  INFO smart_dl_daemon::bt_events: [bugb] batch START n=0 tick=487
2026-08-25T10:58:05.630352Z  INFO smart_dl_daemon::serve: [bugb] watchdog alive uptime_ms=249231
2026-08-25T10:58:05.631430Z  INFO smart_dl_daemon::bt_events: [bugb] batch END n=0
2026-08-25T10:58:05.731823Z  INFO smart_dl_daemon::serve: [bugb] os-tick alive_ms=249332 tasks_free=true
2026-08-25T10:58:06.033412Z  INFO smart_dl_daemon::serve: [bugb] os-tick alive_ms=249634 tasks_free=true
2026-08-25T10:58:06.141887Z  INFO smart_dl_daemon::bt_events: [bugb] batch START n=0 tick=488
2026-08-25T10:58:06.143008Z  INFO smart_dl_daemon::bt_events: [bugb] batch END n=0
2026-08-25T10:58:06.334917Z  INFO smart_dl_daemon::serve: [bugb] os-tick alive_ms=249935 tasks_free=true
2026-08-25T10:58:06.636503Z  INFO smart_dl_daemon::serve: [bugb] os-tick alive_ms=250237 tasks_free=true
2026-08-25T10:58:06.648235Z  INFO smart_dl_daemon::bt_events: [bugb] batch START n=0 tick=489
2026-08-25T10:58:06.649236Z  INFO smart_dl_daemon::bt_events: [bugb] batch END n=0
2026-08-25T10:58:06.938006Z  INFO smart_dl_daemon::serve: [bugb] os-tick alive_ms=250539 tasks_free=true
2026-08-25T10:58:07.153663Z  INFO smart_dl_daemon::bt_events: [bugb] batch START n=0 tick=490
2026-08-25T10:58:07.154818Z  INFO smart_dl_daemon::bt_events: [bugb] batch END n=0
2026-08-25T10:58:07.239448Z  INFO smart_dl_daemon::serve: [bugb] os-tick alive_ms=250840 tasks_free=true
2026-08-25T10:58:07.540805Z  INFO smart_dl_daemon::serve: [bugb] os-tick alive_ms=251141 tasks_free=true
2026-08-25T10:58:07.586676Z  INFO smart_dl_daemon::state: [bugb] sink heartbeat tid=t1-mockfile.bin state=Downloading done=0/2097152 elapsed_ms=10008
2026-08-25T10:58:07.637622Z  INFO smart_dl_daemon::serve: [bugb] watchdog alive uptime_ms=251238
2026-08-25T10:58:07.662156Z  INFO smart_dl_daemon::bt_events: [bugb] batch START n=0 tick=491
2026-08-25T10:58:07.663094Z  INFO smart_dl_daemon::bt_events: [bugb] batch END n=0
2026-08-25T10:58:07.842266Z  INFO smart_dl_daemon::serve: [bugb] os-tick alive_ms=251443 tasks_free=true
2026-08-25T10:58:08.143834Z  INFO smart_dl_daemon::serve: [bugb] os-tick alive_ms=251744 tasks_free=true
2026-08-25T10:58:08.179473Z  INFO smart_dl_daemon::bt_events: [bugb] batch START n=0 tick=492
2026-08-25T10:58:08.180633Z  INFO smart_dl_daemon::bt_events: [bugb] batch END n=0
2026-08-25T10:58:08.446183Z  INFO smart_dl_daemon::serve: [bugb] os-tick alive_ms=252047 tasks_free=true
2026-08-25T10:58:08.685579Z  INFO smart_dl_daemon::bt_events: [bugb] batch START n=0 tick=493
2026-08-25T10:58:08.686630Z  INFO smart_dl_daemon::bt_events: [bugb] batch END n=0
2026-08-25T10:58:08.748020Z  INFO smart_dl_daemon::serve: [bugb] os-tick alive_ms=252349 tasks_free=true
2026-08-25T10:58:09.049233Z  INFO smart_dl_daemon::serve: [bugb] os-tick alive_ms=252650 tasks_free=true
2026-08-25T10:58:09.194391Z  INFO smart_dl_daemon::bt_events: [bugb] batch START n=0 tick=494
2026-08-25T10:58:09.195395Z  INFO smart_dl_daemon::bt_events: [bugb] batch END n=0
2026-08-25T10:58:09.350841Z  INFO smart_dl_daemon::serve: [bugb] os-tick alive_ms=252951 tasks_free=true
2026-08-25T10:58:09.639694Z  INFO smart_dl_daemon::serve: [bugb] watchdog alive uptime_ms=253240
2026-08-25T10:58:09.652280Z  INFO smart_dl_daemon::serve: [bugb] os-tick alive_ms=253253 tasks_free=true
2026-08-25T10:58:09.698295Z  INFO smart_dl_daemon::bt_events: [bugb] batch START n=0 tick=495
2026-08-25T10:58:09.699442Z  INFO smart_dl_daemon::bt_events: [bugb] batch END n=0
2026-08-25T10:58:09.953411Z  INFO smart_dl_daemon::serve: [bugb] os-tick alive_ms=253554 tasks_free=true
2026-08-25T10:58:10.207288Z  INFO smart_dl_daemon::bt_events: [bugb] batch START n=0 tick=496
2026-08-25T10:58:10.208362Z  INFO smart_dl_daemon::bt_events: [bugb] batch END n=0
2026-08-25T10:58:10.254784Z  INFO smart_dl_daemon::serve: [bugb] os-tick alive_ms=253855 tasks_free=true
2026-08-25T10:58:10.556121Z  INFO smart_dl_daemon::serve: [bugb] os-tick alive_ms=254157 tasks_free=true
2026-08-25T10:58:10.717659Z  INFO smart_dl_daemon::bt_events: [bugb] batch START n=0 tick=497
2026-08-25T10:58:10.718755Z  INFO smart_dl_daemon::bt_events: [bugb] batch END n=0
2026-08-25T10:58:10.857791Z  INFO smart_dl_daemon::serve: [bugb] os-tick alive_ms=254458 tasks_free=true
2026-08-25T10:58:11.158993Z  INFO smart_dl_daemon::serve: [bugb] os-tick alive_ms=254760 tasks_free=true
2026-08-25T10:58:11.222523Z  INFO smart_dl_daemon::bt_events: [bugb] batch START n=0 tick=498
2026-08-25T10:58:11.223596Z  INFO smart_dl_daemon::bt_events: [bugb] batch END n=0
2026-08-25T10:58:11.460447Z  INFO smart_dl_daemon::serve: [bugb] os-tick alive_ms=255061 tasks_free=true
2026-08-25T10:58:11.646476Z  INFO smart_dl_daemon::serve: [bugb] watchdog alive uptime_ms=255247
2026-08-25T10:58:11.726124Z  INFO smart_dl_daemon::bt_events: [bugb] batch START n=0 tick=499
2026-08-25T10:58:11.727171Z  INFO smart_dl_daemon::bt_events: [bugb] batch END n=0
2026-08-25T10:58:11.761932Z  INFO smart_dl_daemon::serve: [bugb] os-tick alive_ms=255362 tasks_free=true
2026-08-25T10:58:12.063294Z  INFO smart_dl_daemon::serve: [bugb] os-tick alive_ms=255664 tasks_free=true
2026-08-25T10:58:12.238412Z  INFO smart_dl_daemon::bt_events: [bugb] batch START n=0 tick=500
2026-08-25T10:58:12.239456Z  INFO smart_dl_daemon::bt_events: [bugb] batch END n=0
2026-08-25T10:58:12.364233Z  INFO smart_dl_daemon::serve: [bugb] os-tick alive_ms=255965 tasks_free=true
2026-08-25T10:58:12.605174Z  INFO smart_dl_daemon::state: [bugb] sink heartbeat tid=t1-mockfile.bin state=Downloading done=0/2097152 elapsed_ms=15027
2026-08-25T10:58:12.665934Z  INFO smart_dl_daemon::serve: [bugb] os-tick alive_ms=256266 tasks_free=true
2026-08-25T10:58:12.745512Z  INFO smart_dl_daemon::bt_events: [bugb] alert-loop alive ticks=501 batch=0
2026-08-25T10:58:12.746842Z  INFO smart_dl_daemon::bt_events: [bugb] batch START n=0 tick=501
2026-08-25T10:58:12.747340Z  INFO smart_dl_daemon::bt_events: [bugb] batch END n=0
2026-08-25T10:58:12.967491Z  INFO smart_dl_daemon::serve: [bugb] os-tick alive_ms=256568 tasks_free=true
2026-08-25T10:58:13.254562Z  INFO smart_dl_daemon::bt_events: [bugb] batch START n=0 tick=502
2026-08-25T10:58:13.255635Z  INFO smart_dl_daemon::bt_events: [bugb] batch END n=0
2026-08-25T10:58:13.269263Z  INFO smart_dl_daemon::serve: [bugb] os-tick alive_ms=256870 tasks_free=true
2026-08-25T10:58:13.570674Z  INFO smart_dl_daemon::serve: [bugb] os-tick alive_ms=257171 tasks_free=true
2026-08-25T10:58:13.658998Z  INFO smart_dl_daemon::serve: [bugb] watchdog alive uptime_ms=257260
2026-08-25T10:58:13.766425Z  INFO smart_dl_daemon::bt_events: [bugb] batch START n=0 tick=503
2026-08-25T10:58:13.767412Z  INFO smart_dl_daemon::bt_events: [bugb] batch END n=0
2026-08-25T10:58:13.872310Z  INFO smart_dl_daemon::serve: [bugb] os-tick alive_ms=257473 tasks_free=true
2026-08-25T10:58:14.174169Z  INFO smart_dl_daemon::serve: [bugb] os-tick alive_ms=257775 tasks_free=true
2026-08-25T10:58:14.268399Z  INFO smart_dl_daemon::bt_events: [bugb] batch START n=0 tick=504
2026-08-25T10:58:14.269462Z  INFO smart_dl_daemon::bt_events: [bugb] batch END n=0
2026-08-25T10:58:14.476740Z  INFO smart_dl_daemon::serve: [bugb] os-tick alive_ms=258077 tasks_free=true
2026-08-25T10:58:14.778096Z  INFO smart_dl_daemon::serve: [bugb] os-tick alive_ms=258379 tasks_free=true
2026-08-25T10:58:14.782147Z  INFO smart_dl_daemon::bt_events: [bugb] batch START n=0 tick=505
2026-08-25T10:58:14.782739Z  INFO smart_dl_daemon::bt_events: [bugb] batch END n=0
2026-08-25T10:58:15.079567Z  INFO smart_dl_daemon::serve: [bugb] os-tick alive_ms=258680 tasks_free=true
2026-08-25T10:58:15.297214Z  INFO smart_dl_daemon::bt_events: [bugb] batch START n=0 tick=506
2026-08-25T10:58:15.298353Z  INFO smart_dl_daemon::bt_events: [bugb] batch END n=0
2026-08-25T10:58:15.381089Z  INFO smart_dl_daemon::serve: [bugb] os-tick alive_ms=258982 tasks_free=true
2026-08-25T10:58:15.674670Z  INFO smart_dl_daemon::serve: [bugb] watchdog alive uptime_ms=259275
2026-08-25T10:58:15.682806Z  INFO smart_dl_daemon::serve: [bugb] os-tick alive_ms=259283 tasks_free=true
2026-08-25T10:58:15.800353Z  INFO smart_dl_daemon::bt_events: [bugb] batch START n=0 tick=507
2026-08-25T10:58:15.801332Z  INFO smart_dl_daemon::bt_events: [bugb] batch END n=0
2026-08-25T10:58:15.984116Z  INFO smart_dl_daemon::serve: [bugb] os-tick alive_ms=259585 tasks_free=true
2026-08-25T10:58:16.285825Z  INFO smart_dl_daemon::serve: [bugb] os-tick alive_ms=259886 tasks_free=true
2026-08-25T10:58:16.304826Z  INFO smart_dl_daemon::bt_events: [bugb] batch START n=0 tick=508
2026-08-25T10:58:16.307484Z  INFO smart_dl_daemon::bt_events: [bugb] batch END n=0
2026-08-25T10:58:16.597495Z  INFO smart_dl_daemon::serve: [bugb] os-tick alive_ms=260198 tasks_free=true
2026-08-25T10:58:16.814443Z  INFO smart_dl_daemon::bt_events: [bugb] batch START n=0 tick=509
2026-08-25T10:58:16.815472Z  INFO smart_dl_daemon::bt_events: [bugb] batch END n=0
2026-08-25T10:58:16.899007Z  INFO smart_dl_daemon::serve: [bugb] os-tick alive_ms=260500 tasks_free=true
2026-08-25T10:58:17.200432Z  INFO smart_dl_daemon::serve: [bugb] os-tick alive_ms=260801 tasks_free=true
2026-08-25T10:58:17.324726Z  INFO smart_dl_daemon::bt_events: [bugb] batch START n=0 tick=510
2026-08-25T10:58:17.325741Z  INFO smart_dl_daemon::bt_events: [bugb] batch END n=0
2026-08-25T10:58:17.501885Z  INFO smart_dl_daemon::serve: [bugb] os-tick alive_ms=261102 tasks_free=true
2026-08-25T10:58:17.619194Z  INFO smart_dl_daemon::state: [bugb] sink heartbeat tid=t1-mockfile.bin state=Downloading done=0/2097152 elapsed_ms=20041
2026-08-25T10:58:17.681179Z  INFO smart_dl_daemon::serve: [bugb] watchdog alive uptime_ms=261282
2026-08-25T10:58:17.803503Z  INFO smart_dl_daemon::serve: [bugb] os-tick alive_ms=261404 tasks_free=true
2026-08-25T10:58:17.830685Z  INFO smart_dl_daemon::bt_events: [bugb] batch START n=0 tick=511
2026-08-25T10:58:17.831883Z  INFO smart_dl_daemon::bt_events: [bugb] batch END n=0
2026-08-25T10:58:18.104785Z  INFO smart_dl_daemon::serve: [bugb] os-tick alive_ms=261705 tasks_free=true
2026-08-25T10:58:18.336042Z  INFO smart_dl_daemon::bt_events: [bugb] batch START n=0 tick=512
2026-08-25T10:58:18.337215Z  INFO smart_dl_daemon::bt_events: [bugb] batch END n=0
2026-08-25T10:58:18.406119Z  INFO smart_dl_daemon::serve: [bugb] os-tick alive_ms=262007 tasks_free=true
2026-08-25T10:58:18.707631Z  INFO smart_dl_daemon::serve: [bugb] os-tick alive_ms=262308 tasks_free=true
2026-08-25T10:58:18.839683Z  INFO smart_dl_daemon::bt_events: [bugb] batch START n=0 tick=513
2026-08-25T10:58:18.840753Z  INFO smart_dl_daemon::bt_events: [bugb] batch END n=0
2026-08-25T10:58:19.009188Z  INFO smart_dl_daemon::serve: [bugb] os-tick alive_ms=262610 tasks_free=true
2026-08-25T10:58:19.310494Z  INFO smart_dl_daemon::serve: [bugb] os-tick alive_ms=262911 tasks_free=true
2026-08-25T10:58:19.346228Z  INFO smart_dl_daemon::bt_events: [bugb] batch START n=0 tick=514
2026-08-25T10:58:19.347277Z  INFO smart_dl_daemon::bt_events: [bugb] batch END n=0
2026-08-25T10:58:19.611990Z  INFO smart_dl_daemon::serve: [bugb] os-tick alive_ms=263213 tasks_free=true
2026-08-25T10:58:19.690111Z  INFO smart_dl_daemon::serve: [bugb] watchdog alive uptime_ms=263291
2026-08-25T10:58:19.852510Z  INFO smart_dl_daemon::bt_events: [bugb] batch START n=0 tick=515
2026-08-25T10:58:19.853817Z  INFO smart_dl_daemon::bt_events: [bugb] batch END n=0
2026-08-25T10:58:19.913542Z  INFO smart_dl_daemon::serve: [bugb] os-tick alive_ms=263514 tasks_free=true
2026-08-25T10:58:20.214800Z  INFO smart_dl_daemon::serve: [bugb] os-tick alive_ms=263815 tasks_free=true
2026-08-25T10:58:20.362373Z  INFO smart_dl_daemon::bt_events: [bugb] batch START n=0 tick=516
2026-08-25T10:58:20.363933Z  INFO smart_dl_daemon::bt_events: [bugb] batch END n=0
2026-08-25T10:58:20.516115Z  INFO smart_dl_daemon::serve: [bugb] os-tick alive_ms=264117 tasks_free=true
2026-08-25T10:58:20.817295Z  INFO smart_dl_daemon::serve: [bugb] os-tick alive_ms=264418 tasks_free=true
2026-08-25T10:58:20.868053Z  INFO smart_dl_daemon::bt_events: [bugb] batch START n=0 tick=517
2026-08-25T10:58:20.869140Z  INFO smart_dl_daemon::bt_events: [bugb] batch END n=0
2026-08-25T10:58:21.118861Z  INFO smart_dl_daemon::serve: [bugb] os-tick alive_ms=264719 tasks_free=true
2026-08-25T10:58:21.384667Z  INFO smart_dl_daemon::bt_events: [bugb] batch START n=0 tick=518
2026-08-25T10:58:21.385870Z  INFO smart_dl_daemon::bt_events: [bugb] batch END n=0
2026-08-25T10:58:21.420622Z  INFO smart_dl_daemon::serve: [bugb] os-tick alive_ms=265021 tasks_free=true
2026-08-25T10:58:21.696617Z  INFO smart_dl_daemon::serve: [bugb] watchdog alive uptime_ms=265297
2026-08-25T10:58:21.721909Z  INFO smart_dl_daemon::serve: [bugb] os-tick alive_ms=265322 tasks_free=true
2026-08-25T10:58:21.889748Z  INFO smart_dl_daemon::bt_events: [bugb] batch START n=0 tick=519
2026-08-25T10:58:21.890944Z  INFO smart_dl_daemon::bt_events: [bugb] batch END n=0
2026-08-25T10:58:22.023045Z  INFO smart_dl_daemon::serve: [bugb] os-tick alive_ms=265624 tasks_free=true
2026-08-25T10:58:22.324779Z  INFO smart_dl_daemon::serve: [bugb] os-tick alive_ms=265925 tasks_free=true
2026-08-25T10:58:22.394217Z  INFO smart_dl_daemon::bt_events: [bugb] batch START n=0 tick=520
2026-08-25T10:58:22.395560Z  INFO smart_dl_daemon::bt_events: [bugb] batch END n=0
2026-08-25T10:58:22.621358Z  INFO smart_dl_daemon::state: [bugb] sink heartbeat tid=t1-mockfile.bin state=Downloading done=0/2097152 elapsed_ms=25043
2026-08-25T10:58:22.626490Z  INFO smart_dl_daemon::serve: [bugb] os-tick alive_ms=266227 tasks_free=true
2026-08-25T10:58:22.906828Z  INFO smart_dl_daemon::bt_events: [bugb] alert-loop alive ticks=521 batch=0
2026-08-25T10:58:22.907871Z  INFO smart_dl_daemon::bt_events: [bugb] batch START n=0 tick=521
2026-08-25T10:58:22.908365Z  INFO smart_dl_daemon::bt_events: [bugb] batch END n=0
2026-08-25T10:58:22.927423Z  INFO smart_dl_daemon::serve: [bugb] os-tick alive_ms=266528 tasks_free=true
2026-08-25T10:58:23.228974Z  INFO smart_dl_daemon::serve: [bugb] os-tick alive_ms=266830 tasks_free=true
2026-08-25T10:58:23.415412Z  INFO smart_dl_daemon::bt_events: [bugb] batch START n=0 tick=522
2026-08-25T10:58:23.416468Z  INFO smart_dl_daemon::bt_events: [bugb] batch END n=0
2026-08-25T10:58:23.530089Z  INFO smart_dl_daemon::serve: [bugb] os-tick alive_ms=267131 tasks_free=true
2026-08-25T10:58:23.704843Z  INFO smart_dl_daemon::serve: [bugb] watchdog alive uptime_ms=267305
2026-08-25T10:58:23.831595Z  INFO smart_dl_daemon::serve: [bugb] os-tick alive_ms=267432 tasks_free=true
2026-08-25T10:58:23.920353Z  INFO smart_dl_daemon::bt_events: [bugb] batch START n=0 tick=523
2026-08-25T10:58:23.921412Z  INFO smart_dl_daemon::bt_events: [bugb] batch END n=0
2026-08-25T10:58:24.132806Z  INFO smart_dl_daemon::serve: [bugb] os-tick alive_ms=267733 tasks_free=true
2026-08-25T10:58:24.426959Z  INFO smart_dl_daemon::bt_events: [bugb] batch START n=0 tick=524
2026-08-25T10:58:24.428181Z  INFO smart_dl_daemon::bt_events: [bugb] batch END n=0
2026-08-25T10:58:24.434381Z  INFO smart_dl_daemon::serve: [bugb] os-tick alive_ms=268035 tasks_free=true
2026-08-25T10:58:24.735545Z  INFO smart_dl_daemon::serve: [bugb] os-tick alive_ms=268336 tasks_free=true
2026-08-25T10:58:24.937789Z  INFO smart_dl_daemon::bt_events: [bugb] batch START n=0 tick=525
2026-08-25T10:58:24.938933Z  INFO smart_dl_daemon::bt_events: [bugb] batch END n=0
2026-08-25T10:58:25.036731Z  INFO smart_dl_daemon::serve: [bugb] os-tick alive_ms=268637 tasks_free=true
2026-08-25T10:58:25.338127Z  INFO smart_dl_daemon::serve: [bugb] os-tick alive_ms=268939 tasks_free=true
2026-08-25T10:58:25.443610Z  INFO smart_dl_daemon::bt_events: [bugb] batch START n=0 tick=526
2026-08-25T10:58:25.444701Z  INFO smart_dl_daemon::bt_events: [bugb] batch END n=0
2026-08-25T10:58:25.639929Z  INFO smart_dl_daemon::serve: [bugb] os-tick alive_ms=269240 tasks_free=true
2026-08-25T10:58:25.714903Z  INFO smart_dl_daemon::serve: [bugb] watchdog alive uptime_ms=269315
2026-08-25T10:58:25.941300Z  INFO smart_dl_daemon::serve: [bugb] os-tick alive_ms=269542 tasks_free=true
2026-08-25T10:58:25.955117Z  INFO smart_dl_daemon::bt_events: [bugb] batch START n=0 tick=527
2026-08-25T10:58:25.956257Z  INFO smart_dl_daemon::bt_events: [bugb] batch END n=0
2026-08-25T10:58:26.242916Z  INFO smart_dl_daemon::serve: [bugb] os-tick alive_ms=269843 tasks_free=true
2026-08-25T10:58:26.459876Z  INFO smart_dl_daemon::bt_events: [bugb] batch START n=0 tick=528
2026-08-25T10:58:26.460966Z  INFO smart_dl_daemon::bt_events: [bugb] batch END n=0
2026-08-25T10:58:26.544317Z  INFO smart_dl_daemon::serve: [bugb] os-tick alive_ms=270145 tasks_free=true
2026-08-25T10:58:26.865020Z  INFO smart_dl_daemon::serve: [bugb] os-tick alive_ms=270466 tasks_free=true
2026-08-25T10:58:26.964203Z  INFO smart_dl_daemon::bt_events: [bugb] batch START n=0 tick=529
2026-08-25T10:58:26.965213Z  INFO smart_dl_daemon::bt_events: [bugb] batch END n=0
2026-08-25T10:58:27.166384Z  INFO smart_dl_daemon::serve: [bugb] os-tick alive_ms=270767 tasks_free=true
2026-08-25T10:58:27.467683Z  INFO smart_dl_daemon::serve: [bugb] os-tick alive_ms=271068 tasks_free=true
2026-08-25T10:58:27.473043Z  INFO smart_dl_daemon::bt_events: [bugb] batch START n=0 tick=530
2026-08-25T10:58:27.473725Z  INFO smart_dl_daemon::bt_events: [bugb] batch END n=0
2026-08-25T10:58:27.588016Z  INFO smart_dl_httpdl::engine: [bugb] http finalize begin tid=t1-mockfile.bin part="E:/Code/ai/smart-downloader/out/bugb/run-A-20260825-185355/downloads\\mockfile.bin.part" dest="E:/Code/ai/smart-downloader/out/bugb/run-A-20260825-185355/downloads\\mockfile.bin" total=2097152
2026-08-25T10:58:27.589715Z  INFO smart_dl_httpdl::engine: [bugb] http finalize OK tid=t1-mockfile.bin elapsed_ms=0
2026-08-25T10:58:27.601290Z  INFO smart_dl_daemon::state: [bugb] sink terminal tid=t1-mockfile.bin ok=true
2026-08-25T10:58:27.602315Z  INFO smart_dl_daemon::state: [bugb] sink engine.remove done tid=t1-mockfile.bin
2026-08-25T10:58:27.602876Z  INFO smart_dl_provider::coordinator: [bugb] coord sink.transfer OK tid=t1-mockfile.bin
2026-08-25T10:58:27.603456Z  INFO smart_dl_daemon::state: [bugb] fallback coordinator-returned id=t1 provider=mock transferred=1 elapsed_ms=270295
2026-08-25T10:58:27.604036Z  INFO smart_dl_daemon::state: [bugb] fallback bt.remove BEGIN tid=a6453589c479ace6613048fb3c607a77495a3f7c
2026-08-25T10:58:27.604518Z  INFO smart_dl_daemon::bt: [bugb] bt::remove enter ih=a6453589c479ace6613048fb3c607a77495a3f7c delete_data=false
2026-08-25T10:58:27.605001Z  INFO smart_dl_daemon::bt: [bugb] fastresume request ih=a6453589c479ace6613048fb3c607a77495a3f7c
2026-08-25T10:58:27.605718Z  INFO smart_dl_daemon::bt: [bugb] fastresume ready ih=a6453589c479ace6613048fb3c607a77495a3f7c elapsed_ms=0
2026-08-25T10:58:27.607233Z  INFO smart_dl_daemon::bt: [bugb] bt::remove fastresume done elapsed_ms=2 → core.remove
2026-08-25T10:58:27.607809Z  INFO smart_dl_daemon::bt: [bugb] bt::remove exit OK ih=a6453589c479ace6613048fb3c607a77495a3f7c core_remove_ms=3 total_ms=3
2026-08-25T10:58:27.608312Z  INFO smart_dl_daemon::state: [bugb] fallback bt.remove RETURNED tid=a6453589c479ace6613048fb3c607a77495a3f7c ok=true
2026-08-25T10:58:27.608826Z  INFO smart_dl_daemon::state: [bugb] autosave BEGIN path="E:/Code/ai/smart-downloader/out/bugb/run-A-20260825-185355/tasks.json"
2026-08-25T10:58:27.610290Z  INFO smart_dl_daemon::state: [bugb] autosave END
2026-08-25T10:58:27.718311Z  INFO smart_dl_daemon::serve: [bugb] watchdog alive uptime_ms=271319
2026-08-25T10:58:27.769025Z  INFO smart_dl_daemon::serve: [bugb] os-tick alive_ms=271370 tasks_free=true
2026-08-25T10:58:27.980677Z  INFO smart_dl_daemon::bt_events: [bugb] batch START n=0 tick=531
2026-08-25T10:58:27.981877Z  INFO smart_dl_daemon::bt_events: [bugb] batch END n=0
2026-08-25T10:58:28.070167Z  INFO smart_dl_daemon::serve: [bugb] os-tick alive_ms=271671 tasks_free=true
2026-08-25T10:58:28.372351Z  INFO smart_dl_daemon::serve: [bugb] os-tick alive_ms=271973 tasks_free=true
2026-08-25T10:58:28.491187Z  INFO smart_dl_daemon::bt_events: [bugb] batch START n=0 tick=532
2026-08-25T10:58:28.492229Z  INFO smart_dl_daemon::bt_events: [bugb] batch END n=0
2026-08-25T10:58:28.673881Z  INFO smart_dl_daemon::serve: [bugb] os-tick alive_ms=272274 tasks_free=true
2026-08-25T10:58:28.975333Z  INFO smart_dl_daemon::serve: [bugb] os-tick alive_ms=272576 tasks_free=true
2026-08-25T10:58:29.001466Z  INFO smart_dl_daemon::bt_events: [bugb] batch START n=0 tick=533
2026-08-25T10:58:29.002498Z  INFO smart_dl_daemon::bt_events: [bugb] batch END n=0
2026-08-25T10:58:29.276926Z  INFO smart_dl_daemon::serve: [bugb] os-tick alive_ms=272877 tasks_free=true
2026-08-25T10:58:29.507470Z  INFO smart_dl_daemon::bt_events: [bugb] batch START n=0 tick=534
2026-08-25T10:58:29.508599Z  INFO smart_dl_daemon::bt_events: [bugb] batch END n=0
2026-08-25T10:58:29.578243Z  INFO smart_dl_daemon::serve: [bugb] os-tick alive_ms=273179 tasks_free=true
2026-08-25T10:58:29.728895Z  INFO smart_dl_daemon::serve: [bugb] watchdog alive uptime_ms=273329
